{
  "variants": {
    "": [
      {
        "model": "minecraft:block/dandelion"
      },
      {
        "model": "minecraft:block/dandelion1"
      },
      {
        "model": "minecraft:block/dandelion2"
      },
      {
        "model": "minecraft:block/dandelion3"
      },
      {
        "model": "minecraft:block/dandelion4"
      },
      {
        "model": "minecraft:block/dandelion5"
      },
      {
        "model": "minecraft:block/dandelion6"
      },
      {
        "model": "minecraft:block/dandelion7"
      }
    ]
  }
}
