{
"__comment":"Made by Know2Good, part of the 'Default 3D™' resource pack || Official download page: http://www.planetminecraft.com/texture_pack/default-3d-2985741/ || © 2014 Know2Good. All rights reserved. ",
    "variants": {
        "normal": [
            { "model": "red_mushroom", "weight": 40 },
            { "model": "red_mushroom", "y": 90, "weight": 40 },
            { "model": "red_mushroom", "y": 180, "weight": 40 },
            { "model": "red_mushroom", "y": 270, "weight": 40 }
        ]
    }
}
