{
    "variants": {
        "":  [
            { "model": "biomesoplenty:block/jacaranda_leaves" },
            { "model": "biomesoplenty:block/jacaranda_leaves2" },
            { "model": "biomesoplenty:block/jacaranda_leaves2", "y": 90 },
            { "model": "biomesoplenty:block/jacaranda_leaves2", "y": 180 },
            { "model": "biomesoplenty:block/jacaranda_leaves2", "y": 270 },
            { "model": "biomesoplenty:block/jacaranda_leaves1" },
            { "model": "biomesoplenty:block/jacaranda_leaves1", "y": 90 },
            { "model": "biomesoplenty:block/jacaranda_leaves1", "y": 180 },
            { "model": "biomesoplenty:block/jacaranda_leaves1", "y": 270 }
        ]
    }
}
