{
  "parent": "block/thin_block",
  "textures": {
    "particle": "block/snow",
    "texture": "block/snow"
  },
  "elements": [
    {
      "from": [ 0, 0, 0 ],
      "to": [ 16, 2, 16 ],
      "shade": true,
      "faces": {
        "north": { "uv": [ 0, 14, 16, 16 ], "texture": "#texture" },
        "south": { "uv": [ 0, 14, 16, 16 ], "texture": "#texture" },
        "west":  { "uv": [ 0, 14, 16, 16 ], "texture": "#texture" },
        "east":  { "uv": [ 0, 14, 16, 16 ], "texture": "#texture" },
        "up":    { "uv": [ 0,  0, 16, 16 ], "texture": "#texture" },
        "down":  { "uv": [ 0,  0, 16, 16 ], "texture": "#texture", "cullface": "down" }
      }
    }
  ]
}
