{
"__comment": "Fair warning, this format is highly likely to change even more in the future!",
"ambientocclusion": false,
"textures": {
    "particle": "blocks/dirt",
    "grass": "blocks/better_grass_0",
    "grass_side": "blocks/better_grass_side_1",
    "bottom": "blocks/dirt",
    "top": "blocks/grass_top",
    "texture": "blocks/stone_andesite",
    "better_grass_sides": "blocks/better_grass_sides"
},
"elements": [ 
{
    "__comment": "Planes",
    "from": [ 3.5, 16, 6 ],
    "to": [ 3.5625, 21, 9.5 ],
    "shade": false,
    "rotation": { "origin": [ 3.5, 16, 6 ], "axis": "y", "angle": -45 },
    "faces": {
        "west":  { "uv": [ 1, 11, 4.5, 16 ], "texture": "#grass", "tintindex": 0, "cullface": "up" },
        "east":  { "uv": [ 4.5, 11, 1, 16 ], "texture": "#grass", "tintindex": 0, "cullface": "up" }
    }
},
{
    "__comment": "Planes",
    "from": [ 8.5, 16, 5.5 ],
    "to": [ 8.5625, 22, 10 ],
    "shade": false,
    "rotation": { "origin": [ 8.5, 16, 5.5 ], "axis": "y", "angle": 22.5 },
    "faces": {
        "west":  { "uv": [ 4.5, 10, 9, 16 ], "texture": "#grass", "tintindex": 0, "cullface": "up" },
        "east":  { "uv": [ 9, 10, 4.5, 16 ], "texture": "#grass", "tintindex": 0, "cullface": "up" }
    }
},
{
    "__comment": "Planes",
    "from": [ 6, 16, 15 ],
    "to": [ 12, 21, 15 ],
    "shade": false,
    "rotation": { "origin": [ 6, 16, 15 ], "axis": "y", "angle": 45 },
    "faces": {
        "north": { "uv": [ 15, 11, 9, 16 ], "texture": "#grass", "tintindex": 0, "cullface": "up" },
        "south": { "uv": [ 9, 11, 15, 16 ], "texture": "#grass", "tintindex": 0, "cullface": "up" }
    }
},
{
    "__comment": "CenterOverlay",
    "from": [ -0.01, 0, -0.01 ],
    "to": [ 16.01, 16, 16.01 ],
    "faces": {
        "north": { "uv": [ 0, 0, 16, 16 ], "texture": "#grass_side", "tintindex": 0 },
        "south": { "uv": [ 0, 0, 16, 16 ], "texture": "#grass_side", "tintindex": 0 },
        "west":  { "uv": [ 0, 0, 16, 16 ], "texture": "#grass_side", "tintindex": 0 },
        "east":  { "uv": [ 0, 0, 16, 16 ], "texture": "#grass_side", "tintindex": 0 }
    }
},
{
    "from": [ 0, 0, 0 ],
    "to": [ 16, 16, 0 ],
    "rotation": { "origin": [ 0, 16, 0 ], "axis": "x", "angle": 22.5 },
    "faces": {
        "north": { "uv": [ 0, 0, 16, 16 ], "texture": "#better_grass_sides", "tintindex": 0, "cullface": "north" }
    }
},
{
    "from": [ 0, 0, 16 ],
    "to": [ 16, 16, 16 ],
    "rotation": { "origin": [ 0, 16, 16 ], "axis": "x", "angle": -22.5 },
    "faces": {
        "south": { "uv": [ 0, 0, 16, 16 ], "texture": "#better_grass_sides", "tintindex": 0, "cullface": "south" }
    }
},
{
    "from": [ 0, 0, 0 ],
    "to": [ 0, 16, 16 ],
    "rotation": { "origin": [ 0, 16, 0 ], "axis": "z", "angle": -22.5 },
    "faces": {
        "west":  { "uv": [ 0, 0, 16, 16 ], "texture": "#better_grass_sides", "tintindex": 0, "cullface": "west" }
    }
},
{
    "from": [ 16, 0, 0 ],
    "to": [ 16, 16, 16 ],
    "rotation": { "origin": [ 16, 16, 0 ], "axis": "z", "angle": 22.5 },
    "faces": {
        "east":  { "uv": [ 0, 0, 16, 16 ], "texture": "#better_grass_sides", "tintindex": 0, "cullface": "east" }
    }
},
{
    "__comment": "Center",
    "from": [ 0, 0, 0 ],
    "to": [ 16, 16, 16 ],
    "faces": {
        "down":  { "uv": [ 0, 0, 16, 16 ], "texture": "#bottom", "cullface": "down" },
        "up":    { "uv": [ 0, 0, 16, 16 ], "texture": "#top", "tintindex": 0, "cullface": "up" },
        "north": { "uv": [ 0, 0, 16, 16 ], "texture": "#bottom", "cullface": "north" },
        "south": { "uv": [ 0, 0, 16, 16 ], "texture": "#bottom", "cullface": "south" },
        "west":  { "uv": [ 0, 0, 16, 16 ], "texture": "#bottom", "cullface": "west" },
        "east":  { "uv": [ 0, 0, 16, 16 ], "texture": "#bottom", "cullface": "east" }
    }
},
{
    "from": [ 1.5, 16, 8 ],
    "to": [ 6, 18, 12 ],
    "faces": {
        "down":  { "uv": [ 1.5, 12, 6, 8 ], "texture": "#texture", "cullface": "up" },
        "up":    { "uv": [ 1.5, 8, 6, 12 ], "texture": "#texture", "cullface": "up" },
        "north": { "uv": [ 10, 14, 14.5, 16 ], "texture": "#texture", "cullface": "up" },
        "south": { "uv": [ 1.5, 14, 6, 16 ], "texture": "#texture", "cullface": "up" },
        "west":  { "uv": [ 8, 14, 12, 16 ], "texture": "#texture", "cullface": "up" },
        "east":  { "uv": [ 4, 14, 8, 16 ], "texture": "#texture", "cullface": "up" }
    }
},
{
    "from": [ 3, 16, 10.5 ],
    "to": [ 7.5, 17.5, 13 ],
    "faces": {
        "down":  { "uv": [ 3, 13, 7.5, 10.5 ], "texture": "#texture", "cullface": "up" },
        "up":    { "uv": [ 3, 10.5, 7.5, 13 ], "texture": "#texture", "cullface": "up" },
        "north": { "uv": [ 8.5, 14.5, 13, 16 ], "texture": "#texture", "cullface": "up" },
        "south": { "uv": [ 3, 14.5, 7.5, 16 ], "texture": "#texture", "cullface": "up" },
        "west":  { "uv": [ 10.5, 14.5, 13, 16 ], "texture": "#texture", "cullface": "up" },
        "east":  { "uv": [ 3, 14.5, 5.5, 16 ], "texture": "#texture", "cullface": "up" }
    }
},
{
    "from": [ 8, 16, 7.5 ],
    "to": [ 9.5, 17.5, 10 ],
    "faces": {
        "down":  { "uv": [ 8, 10, 9.5, 7.5 ], "texture": "#texture", "cullface": "up" },
        "up":    { "uv": [ 8, 7.5, 9.5, 10 ], "texture": "#texture", "cullface": "up" },
        "north": { "uv": [ 6.5, 14.5, 8, 16 ], "texture": "#texture", "cullface": "up" },
        "south": { "uv": [ 8, 14.5, 9.5, 16 ], "texture": "#texture", "cullface": "up" },
        "east":  { "uv": [ 6, 14.5, 8.5, 16 ], "texture": "#texture", "cullface": "up" }
    }
},
{
    "from": [ 5, 16, 13 ],
    "to": [ 7, 17, 13.5 ],
    "faces": {
        "down":  { "uv": [ 5, 13.5, 7, 13 ], "texture": "#texture", "cullface": "up" },
        "up":    { "uv": [ 5, 13, 7, 13.5 ], "texture": "#texture", "cullface": "up" },
        "south": { "uv": [ 5, 15, 7, 16 ], "texture": "#texture", "cullface": "up" },
        "west":  { "uv": [ 13, 15, 13.5, 16 ], "texture": "#texture", "cullface": "up" },
        "east":  { "uv": [ 2.5, 15, 3, 16 ], "texture": "#texture", "cullface": "up" }
    }
},
{
    "from": [ 1, 16, 8.5 ],
    "to": [ 1.5, 17.5, 10.5 ],
    "faces": {
        "down":  { "uv": [ 1, 10.5, 1.5, 8.5 ], "texture": "#texture", "cullface": "up" },
        "up":    { "uv": [ 1, 8.5, 1.5, 10.5 ], "texture": "#texture", "cullface": "up" },
        "north": { "uv": [ 14.5, 14.5, 15, 16 ], "texture": "#texture", "cullface": "up" },
        "south": { "uv": [ 1, 14.5, 1.5, 16 ], "texture": "#texture", "cullface": "up" },
        "west":  { "uv": [ 8.5, 14.5, 10.5, 16 ], "texture": "#texture", "cullface": "up" }
    }
},
{
    "from": [ 5, 16, 6 ],
    "to": [ 7, 17.5, 6.5 ],
    "faces": {
        "down":  { "uv": [ 5, 6.5, 7, 6 ], "texture": "#texture", "cullface": "up" },
        "up":    { "uv": [ 5, 6, 7, 6.5 ], "texture": "#texture", "cullface": "up" },
        "north": { "uv": [ 9, 14.5, 11, 16 ], "texture": "#texture", "cullface": "up" },
        "west":  { "uv": [ 6, 14.5, 6.5, 16 ], "texture": "#texture", "cullface": "up" },
        "east":  { "uv": [ 9.5, 14.5, 10, 16 ], "texture": "#texture", "cullface": "up" }
    }
},
{
    "from": [ 4, 16, 6.5 ],
    "to": [ 8, 18.5, 10.5 ],
    "faces": {
        "down":  { "uv": [ 4, 10.5, 8, 6.5 ], "texture": "#texture", "cullface": "up" },
        "up":    { "uv": [ 4, 6.5, 8, 10.5 ], "texture": "#texture", "cullface": "up" },
        "north": { "uv": [ 8, 13.5, 12, 16 ], "texture": "#texture", "cullface": "up" },
        "south": { "uv": [ 4, 13.5, 8, 16 ], "texture": "#texture", "cullface": "up" },
        "west":  { "uv": [ 6.5, 13.5, 10.5, 16 ], "texture": "#texture", "cullface": "up" },
        "east":  { "uv": [ 5.5, 13.5, 9.5, 16 ], "texture": "#texture", "cullface": "up" }
    }
},
{
    "from": [ 2.5, 16, 7 ],
    "to": [ 4, 17.5, 8 ],
    "faces": {
        "down":  { "uv": [ 2.5, 8, 4, 7 ], "texture": "#texture", "cullface": "up" },
        "up":    { "uv": [ 2.5, 7, 4, 8 ], "texture": "#texture", "cullface": "up" },
        "north": { "uv": [ 12, 14.5, 13.5, 16 ], "texture": "#texture", "cullface": "up" },
        "west":  { "uv": [ 7, 14.5, 8, 16 ], "texture": "#texture", "cullface": "up" }
    }
},
{
    "__comment": "CubeGrassy",
    "from": [ 3.5, 16, 10 ],
    "to": [ 9.5, 16.5, 14 ],
    "faces": {
        "down":  { "uv": [ 3.5, 14, 9.5, 10 ], "texture": "#top", "tintindex": 0, "cullface": "up" },
        "up":    { "uv": [ 3.5, 10, 9.5, 14 ], "texture": "#top", "tintindex": 0, "cullface": "up" },
        "north": { "uv": [ 6.5, 15.5, 12.5, 16 ], "texture": "#top", "tintindex": 0, "cullface": "up" },
        "south": { "uv": [ 3.5, 15.5, 9.5, 16 ], "texture": "#top", "tintindex": 0, "cullface": "up" },
        "west":  { "uv": [ 10, 15.5, 14, 16 ], "texture": "#top", "tintindex": 0, "cullface": "up" },
        "east":  { "uv": [ 2, 15.5, 6, 16 ], "texture": "#top", "tintindex": 0, "cullface": "up" }
    }
},
{
    "__comment": "CubeGrassy",
    "from": [ 6.5, 16, 14 ],
    "to": [ 9, 16.5, 15 ],
    "faces": {
        "down":  { "uv": [ 6.5, 15, 9, 14 ], "texture": "#top", "tintindex": 0, "cullface": "up" },
        "up":    { "uv": [ 6.5, 14, 9, 15 ], "texture": "#top", "tintindex": 0, "cullface": "up" },
        "south": { "uv": [ 6.5, 15.5, 9, 16 ], "texture": "#top", "tintindex": 0, "cullface": "up" },
        "west":  { "uv": [ 14, 15.5, 15, 16 ], "texture": "#top", "tintindex": 0, "cullface": "up" },
        "east":  { "uv": [ 1, 15.5, 2, 16 ], "texture": "#top", "tintindex": 0, "cullface": "up" }
    }
},
{
    "__comment": "CubeGrassy",
    "from": [ 7.5, 16.5, 10 ],
    "to": [ 9, 17, 12.5 ],
    "faces": {
        "up":    { "uv": [ 7.5, 10, 9, 12.5 ], "texture": "#top", "tintindex": 0, "cullface": "up" },
        "north": { "uv": [ 7, 15, 8.5, 15.5 ], "texture": "#top", "tintindex": 0, "cullface": "up" },
        "south": { "uv": [ 7.5, 15, 9, 15.5 ], "texture": "#top", "tintindex": 0, "cullface": "up" },
        "west":  { "uv": [ 10, 15, 12.5, 15.5 ], "texture": "#top", "tintindex": 0, "cullface": "up" },
        "east":  { "uv": [ 3.5, 15, 6, 15.5 ], "texture": "#top", "tintindex": 0, "cullface": "up" }
    }
},
{
    "__comment": "CubeGrassy",
    "from": [ 6, 17, 10.5 ],
    "to": [ 8, 18, 11.5 ],
    "faces": {
        "down":  { "uv": [ 6, 11.5, 8, 10.5 ], "texture": "#top", "tintindex": 0, "cullface": "up" },
        "up":    { "uv": [ 6, 10.5, 8, 11.5 ], "texture": "#top", "tintindex": 0, "cullface": "up" },
        "south": { "uv": [ 6, 14, 8, 15 ], "texture": "#top", "tintindex": 0, "cullface": "up" },
        "east":  { "uv": [ 4.5, 14, 5.5, 15 ], "texture": "#top", "tintindex": 0, "cullface": "up" }
    }
},
{
    "__comment": "CubeGrassy*",
    "from": [ 3, 16, 6 ],
    "to": [ 5, 16.5, 7 ],
    "faces": {
        "down":  { "uv": [ 3, 7, 5, 6 ], "texture": "#top", "tintindex": 0, "cullface": "up" },
        "up":    { "uv": [ 3, 6, 5, 7 ], "texture": "#top", "tintindex": 0, "cullface": "up" },
        "north": { "uv": [ 11, 15.5, 13, 16 ], "texture": "#top", "tintindex": 0, "cullface": "up" },
        "south": { "uv": [ 3, 15.5, 5, 16 ], "texture": "#top", "tintindex": 0, "cullface": "up" },
        "west":  { "uv": [ 6, 15.5, 7, 16 ], "texture": "#top", "tintindex": 0, "cullface": "up" },
        "east":  { "uv": [ 9, 15.5, 10, 16 ], "texture": "#top", "tintindex": 0, "cullface": "up" }
    }
},
{
    "__comment": "CubeGrassy*",
    "from": [ 4, 16.5, 12.5 ],
    "to": [ 5, 18, 13.5 ],
    "faces": {
        "up":    { "uv": [ 4, 12.5, 5, 13.5 ], "texture": "#top", "tintindex": 0, "cullface": "up" },
        "north": { "uv": [ 11, 14, 12, 15.5 ], "texture": "#top", "tintindex": 0, "cullface": "up" },
        "south": { "uv": [ 4, 14, 5, 15.5 ], "texture": "#top", "tintindex": 0, "cullface": "up" },
        "west":  { "uv": [ 12.5, 14, 13.5, 15.5 ], "texture": "#top", "tintindex": 0, "cullface": "up" },
        "east":  { "uv": [ 2.5, 14, 3.5, 15.5 ], "texture": "#top", "tintindex": 0, "cullface": "up" }
    }
},
{
    "__comment": "CubeGrassy*",
    "from": [ 4, 16.5, 13.5 ],
    "to": [ 6, 17, 14 ],
    "faces": {
        "up":    { "uv": [ 4, 13.5, 6, 14 ], "texture": "#top", "tintindex": 0, "cullface": "up" },
        "north": { "uv": [ 10, 15, 12, 15.5 ], "texture": "#top", "tintindex": 0, "cullface": "up" },
        "south": { "uv": [ 4, 15, 6, 15.5 ], "texture": "#top", "tintindex": 0, "cullface": "up" },
        "west":  { "uv": [ 13.5, 15, 14, 15.5 ], "texture": "#top", "tintindex": 0, "cullface": "up" },
        "east":  { "uv": [ 2, 15, 2.5, 15.5 ], "texture": "#top", "tintindex": 0, "cullface": "up" }
    }
},
{
    "__comment": "CubeGrassy*",
    "from": [ 4.5, 16, 14 ],
    "to": [ 6.5, 16.5, 14.5 ],
    "faces": {
        "down":  { "uv": [ 4.5, 14.5, 6.5, 14 ], "texture": "#top", "tintindex": 0, "cullface": "up" },
        "up":    { "uv": [ 4.5, 14, 6.5, 14.5 ], "texture": "#top", "tintindex": 0, "cullface": "up" },
        "south": { "uv": [ 4.5, 15.5, 6.5, 16 ], "texture": "#top", "tintindex": 0, "cullface": "up" },
        "west":  { "uv": [ 14, 15.5, 14.5, 16 ], "texture": "#top", "tintindex": 0, "cullface": "up" }
    }
},
{
    "__comment": "CubeGrassy*",
    "from": [ 1, 16, 7.5 ],
    "to": [ 2.5, 16.5, 9 ],
    "faces": {
        "down":  { "uv": [ 1, 9, 2.5, 7.5 ], "texture": "#top", "tintindex": 0, "cullface": "up" },
        "up":    { "uv": [ 1, 7.5, 2.5, 9 ], "texture": "#top", "tintindex": 0, "cullface": "up" },
        "north": { "uv": [ 13.5, 15.5, 15, 16 ], "texture": "#top", "tintindex": 0, "cullface": "up" },
        "south": { "uv": [ 1, 15.5, 2.5, 16 ], "texture": "#top", "tintindex": 0, "cullface": "up" },
        "west":  { "uv": [ 7.5, 15.5, 9, 16 ], "texture": "#top", "tintindex": 0, "cullface": "up" },
        "east":  { "uv": [ 7, 15.5, 8.5, 16 ], "texture": "#top", "tintindex": 0, "cullface": "up" }
    }
},
{
    "__comment": "CubeGrassy*",
    "from": [ 9.5, 16, 11 ],
    "to": [ 10.5, 16.5, 13 ],
    "faces": {
        "down":  { "uv": [ 9.5, 13, 10.5, 11 ], "texture": "#top", "tintindex": 0, "cullface": "up" },
        "up":    { "uv": [ 9.5, 11, 10.5, 13 ], "texture": "#top", "tintindex": 0, "cullface": "up" },
        "north": { "uv": [ 5.5, 15.5, 6.5, 16 ], "texture": "#top", "tintindex": 0, "cullface": "up" },
        "south": { "uv": [ 9.5, 15.5, 10.5, 16 ], "texture": "#top", "tintindex": 0, "cullface": "up" },
        "east":  { "uv": [ 3, 15.5, 5, 16 ], "texture": "#top", "tintindex": 0, "cullface": "up" }
    }
},
{
    "__comment": "CubeGrassy*",
    "from": [ 8, 16, 6.5 ],
    "to": [ 10, 16.5, 8.5 ],
    "faces": {
        "down":  { "uv": [ 8, 8.5, 10, 6.5 ], "texture": "#top", "tintindex": 0, "cullface": "up" },
        "up":    { "uv": [ 8, 6.5, 10, 8.5 ], "texture": "#top", "tintindex": 0, "cullface": "up" },
        "north": { "uv": [ 6, 15.5, 8, 16 ], "texture": "#top", "tintindex": 0, "cullface": "up" },
        "south": { "uv": [ 8, 15.5, 10, 16 ], "texture": "#top", "tintindex": 0, "cullface": "up" },
        "east":  { "uv": [ 7.5, 15.5, 9.5, 16 ], "texture": "#top", "tintindex": 0, "cullface": "up" }
    }
}
]
}