{
"__comment": "Designed by - with BDcraft Cubik PRO 0.81 Beta - http://bdcraft.net",
"textures": {
    "particle": "blocks/vine_stem",
    "vine": "blocks/vine_stem",
    "leaves": "blocks/vine_leaves"
},
"elements": [ 
{
    "__comment": "BackLeaf*",
    "from": [ 7, 2, 16 ],
    "to": [ 10.5, 6.5, 16 ],
    "shade": false,
    "rotation": { "origin": [ 7, 6.5, 16 ], "axis": "x", "angle": -22.5 },
    "faces": {
        "north": { "uv": [ 10.5, 6, 7, 10.5 ], "texture": "#leaves", "tintindex": 0 },
        "south": { "uv": [ 7, 6, 10.5, 10.5 ], "texture": "#leaves", "tintindex": 0 }
    }
},
{
    "__comment": "BackLeaf*",
    "from": [ 10.5, 10, 16 ],
    "to": [ 14.5, 14, 16 ],
    "shade": false,
    "rotation": { "origin": [ 10.5, 14, 16 ], "axis": "x", "angle": -22.5 },
    "faces": {
        "north": { "uv": [ 16, 5.5, 12, 9.5 ], "texture": "#leaves", "tintindex": 0 },
        "south": { "uv": [ 12, 5.5, 16, 9.5 ], "texture": "#leaves", "tintindex": 0 }
    }
},
{
    "__comment": "BackLeaf*",
    "from": [ 0.5, 0.5, 16 ],
    "to": [ 4.5, 5.5, 16 ],
    "shade": false,
    "rotation": { "origin": [ 0.5, 5.5, 16 ], "axis": "x", "angle": -22.5 },
    "faces": {
        "north": { "uv": [ 10.5, 0, 6.5, 5 ], "texture": "#leaves", "tintindex": 0 },
        "south": { "uv": [ 6.5, 0, 10.5, 5 ], "texture": "#leaves", "tintindex": 0 }
    }
},
{
    "__comment": "BackLeaf*",
    "from": [ 3.5, 8.5, 16 ],
    "to": [ 7, 12, 16 ],
    "shade": false,
    "rotation": { "origin": [ 3.5, 12, 16 ], "axis": "x", "angle": -22.5 },
    "faces": {
        "north": { "uv": [ 16, 0, 12.5, 3.5 ], "texture": "#leaves", "tintindex": 0 },
        "south": { "uv": [ 12.5, 0, 16, 3.5 ], "texture": "#leaves", "tintindex": 0 }
    }
},
{
    "__comment": "Leaf*",
    "from": [ 3, 7, 16.5 ],
    "to": [ 9, 12.5, 16.5625 ],
    "shade": false,
    "rotation": { "origin": [ 3, 12.5, 16.5 ], "axis": "x", "angle": 22.5 },
    "faces": {
        "north": { "uv": [ 6, 6, 0, 11.5 ], "texture": "#leaves", "tintindex": 0 },
        "south": { "uv": [ 0, 6, 6, 11.5 ], "texture": "#leaves", "tintindex": 0 }
    }
},
{
    "__comment": "Leaf*",
    "from": [ 7.5, -1, 16 ],
    "to": [ 11, 3.5, 16 ],
    "shade": false,
    "rotation": { "origin": [ 7.5, 3.5, 16 ], "axis": "x", "angle": 22.5 },
    "faces": {
        "north": { "uv": [ 10.5, 6, 7, 10.5 ], "texture": "#leaves", "tintindex": 0 },
        "south": { "uv": [ 7, 6, 10.5, 10.5 ], "texture": "#leaves", "tintindex": 0 }
    }
},
{
    "__comment": "Leaf*",
    "from": [ 0.5, 1.5, 16 ],
    "to": [ 4.5, 5.5, 16 ],
    "shade": false,
    "rotation": { "origin": [ 0.5, 5.5, 16 ], "axis": "x", "angle": 22.5 },
    "faces": {
        "north": { "uv": [ 16, 5.5, 12, 9.5 ], "texture": "#leaves", "tintindex": 0 },
        "south": { "uv": [ 12, 5.5, 16, 9.5 ], "texture": "#leaves", "tintindex": 0 }
    }
},
{
    "__comment": "Leaf*",
    "from": [ 7.5, 11, 16 ],
    "to": [ 11.5, 16, 16 ],
    "shade": false,
    "rotation": { "origin": [ 7.5, 16, 16 ], "axis": "x", "angle": 22.5 },
    "faces": {
        "north": { "uv": [ 10.5, 0, 6.5, 5 ], "texture": "#leaves", "tintindex": 0 },
        "south": { "uv": [ 6.5, 0, 10.5, 5 ], "texture": "#leaves", "tintindex": 0 }
    }
},
{
    "__comment": "Leaf*",
    "from": [ 1.5, 11, 16 ],
    "to": [ 5, 14.5, 16 ],
    "shade": false,
    "rotation": { "origin": [ 1.5, 14.5, 16 ], "axis": "x", "angle": 45 },
    "faces": {
        "north": { "uv": [ 16, 0, 12.5, 3.5 ], "texture": "#leaves", "tintindex": 0 },
        "south": { "uv": [ 12.5, 0, 16, 3.5 ], "texture": "#leaves", "tintindex": 0 }
    }
},
{
    "__comment": "Leaf*",
    "from": [ 8.5, 4, 16 ],
    "to": [ 13, 9, 16 ],
    "shade": false,
    "rotation": { "origin": [ 8.5, 9, 16 ], "axis": "x", "angle": 22.5 },
    "faces": {
        "north": { "uv": [ 4.5, 0, 0, 5 ], "texture": "#leaves", "tintindex": 0 },
        "south": { "uv": [ 0, 0, 4.5, 5 ], "texture": "#leaves", "tintindex": 0 }
    }
},
{
    "__comment": "Vine*",
    "from": [ 0, -0.0609, 16 ],
    "to": [ 16.0609, 16, 16 ],
    "shade": false,
    "faces": {
        "north": { "uv": [ 0, 0, 16, 16 ], "texture": "#vine", "tintindex": 0 },
        "south": { "uv": [ 16, 0, 0, 16 ], "texture": "#vine", "tintindex": 0 }
    }
},
{
    "__comment": "BackLeaf",
    "from": [ 5.5, 2, 0 ],
    "to": [ 9, 6.5, 0 ],
    "shade": false,
    "rotation": { "origin": [ 5.5, 6.5, 0 ], "axis": "x", "angle": 22.5 },
    "faces": {
        "north": { "uv": [ 10.5, 6, 7, 10.5 ], "texture": "#leaves", "tintindex": 0 },
        "south": { "uv": [ 7, 6, 10.5, 10.5 ], "texture": "#leaves", "tintindex": 0 }
    }
},
{
    "__comment": "BackLeaf",
    "from": [ 1.5, 10, 0 ],
    "to": [ 5.5, 14, 0 ],
    "shade": false,
    "rotation": { "origin": [ 1.5, 14, 0 ], "axis": "x", "angle": 22.5 },
    "faces": {
        "north": { "uv": [ 16, 5.5, 12, 9.5 ], "texture": "#leaves", "tintindex": 0 },
        "south": { "uv": [ 12, 5.5, 16, 9.5 ], "texture": "#leaves", "tintindex": 0 }
    }
},
{
    "__comment": "BackLeaf",
    "from": [ 11.5, 0.5, 0 ],
    "to": [ 15.5, 5.5, 0 ],
    "shade": false,
    "rotation": { "origin": [ 11.5, 5.5, 0 ], "axis": "x", "angle": 22.5 },
    "faces": {
        "north": { "uv": [ 10.5, 0, 6.5, 5 ], "texture": "#leaves", "tintindex": 0 },
        "south": { "uv": [ 6.5, 0, 10.5, 5 ], "texture": "#leaves", "tintindex": 0 }
    }
},
{
    "__comment": "BackLeaf",
    "from": [ 9, 8.5, 0 ],
    "to": [ 12.5, 12, 0 ],
    "shade": false,
    "rotation": { "origin": [ 9, 12, 0 ], "axis": "x", "angle": 22.5 },
    "faces": {
        "north": { "uv": [ 16, 0, 12.5, 3.5 ], "texture": "#leaves", "tintindex": 0 },
        "south": { "uv": [ 12.5, 0, 16, 3.5 ], "texture": "#leaves", "tintindex": 0 }
    }
},
{
    "__comment": "Leaf*",
    "from": [ 7, 7, -0.5 ],
    "to": [ 13, 12.5, -0.4375 ],
    "shade": false,
    "rotation": { "origin": [ 7, 12.5, -0.5 ], "axis": "x", "angle": -22.5 },
    "faces": {
        "north": { "uv": [ 6, 6, 0, 11.5 ], "texture": "#leaves", "tintindex": 0 },
        "south": { "uv": [ 0, 6, 6, 11.5 ], "texture": "#leaves", "tintindex": 0 }
    }
},
{
    "__comment": "Leaf*",
    "from": [ 5, -1, 0 ],
    "to": [ 8.5, 3.5, 0 ],
    "shade": false,
    "rotation": { "origin": [ 5, 3.5, 0 ], "axis": "x", "angle": -22.5 },
    "faces": {
        "north": { "uv": [ 10.5, 6, 7, 10.5 ], "texture": "#leaves", "tintindex": 0 },
        "south": { "uv": [ 7, 6, 10.5, 10.5 ], "texture": "#leaves", "tintindex": 0 }
    }
},
{
    "__comment": "Leaf*",
    "from": [ 11.5, 1.5, 0 ],
    "to": [ 15.5, 5.5, 0 ],
    "shade": false,
    "rotation": { "origin": [ 11.5, 5.5, 0 ], "axis": "x", "angle": -22.5 },
    "faces": {
        "north": { "uv": [ 16, 5.5, 12, 9.5 ], "texture": "#leaves", "tintindex": 0 },
        "south": { "uv": [ 12, 5.5, 16, 9.5 ], "texture": "#leaves", "tintindex": 0 }
    }
},
{
    "__comment": "Leaf*",
    "from": [ 4.5, 11, 0 ],
    "to": [ 8.5, 16, 0 ],
    "shade": false,
    "rotation": { "origin": [ 4.5, 16, 0 ], "axis": "x", "angle": -22.5 },
    "faces": {
        "north": { "uv": [ 10.5, 0, 6.5, 5 ], "texture": "#leaves", "tintindex": 0 },
        "south": { "uv": [ 6.5, 0, 10.5, 5 ], "texture": "#leaves", "tintindex": 0 }
    }
},
{
    "__comment": "Leaf*",
    "from": [ 11, 11, 0 ],
    "to": [ 14.5, 14.5, 0 ],
    "shade": false,
    "rotation": { "origin": [ 11, 14.5, 0 ], "axis": "x", "angle": -45 },
    "faces": {
        "north": { "uv": [ 16, 0, 12.5, 3.5 ], "texture": "#leaves", "tintindex": 0 },
        "south": { "uv": [ 12.5, 0, 16, 3.5 ], "texture": "#leaves", "tintindex": 0 }
    }
},
{
    "__comment": "Leaf",
    "from": [ 3, 4, 0 ],
    "to": [ 7.5, 9, 0 ],
    "shade": false,
    "rotation": { "origin": [ 3, 9, 0 ], "axis": "x", "angle": -22.5 },
    "faces": {
        "north": { "uv": [ 4.5, 0, 0, 5 ], "texture": "#leaves", "tintindex": 0 },
        "south": { "uv": [ 0, 0, 4.5, 5 ], "texture": "#leaves", "tintindex": 0 }
    }
},
{
    "__comment": "Vine",
    "from": [ 0, -0.0609, 0.125 ],
    "to": [ 16.0609, 16, 0.1875 ],
    "shade": false,
    "faces": {
        "north": { "uv": [ 16, 0, 0, 16 ], "texture": "#vine", "tintindex": 0 },
        "south": { "uv": [ 0, 0, 16, 16 ], "texture": "#vine", "tintindex": 0 }
    }
}
]
}