{
	"parent": "block/block",
	"textures": {
		"particle": "block/big_dripleaf_top",
		"top": "block/big_dripleaf_top",
		"stem": "block/big_dripleaf_stem_top"
	},
	"elements": [
		{
			"from": [2, 15, 2],
			"to": [18, 15, 18],
			"shade": false,
			"rotation": {"angle": -22.5, "axis": "z", "origin": [9, 15, 16]},
			"faces": {
				"up": {"uv": [0, 0, 16, 16], "texture": "#top"},
				"down": {"uv": [16, 16, 0, 0], "texture": "#top"}
			}
		},
		{
			"from": [0, 0, 12],
			"to": [16, 16, 12],
			"shade": false,
			"rotation": {"angle": 45, "axis": "y", "origin": [8, 8, 12], "rescale": true},
			"faces": {
				"north": {"uv": [0, 0, 16, 16], "texture": "#stem"},
				"south": {"uv": [0, 0, 16, 16], "texture": "#stem"}
			}
		},
		{
			"from": [0, 0, 12],
			"to": [16, 16, 12],
			"shade": false,
			"rotation": {"angle": -45, "axis": "y", "origin": [8, 8, 12], "rescale": true},
			"faces": {
				"north": {"uv": [0, 0, 16, 16], "texture": "#stem"},
				"south": {"uv": [0, 0, 16, 16], "texture": "#stem"}
			}
		}
	]
}
