{
	"parent": "block/block",
	"textures": {
		"4": "block/sculk_sensor_top_cooldown1",
		"7": "block/sculk_sensor_top_cooldown0",
		"particle": "block/sculk_sensor_bottom",
		"bottom": "block/sculk_sensor_bottom",
		"side": "block/sculk_sensor_side_cooldown",
		"top": "block/sculk_sensor_top"
	},
	"elements": [
		{
			"from": [0, 0, 0],
			"to": [16, 6, 16],
			"faces": {
				"north": {"uv": [0, 10, 16, 16], "texture": "#side", "cullface": "north"},
				"east": {"uv": [0, 10, 16, 16], "texture": "#side", "cullface": "east"},
				"south": {"uv": [0, 10, 16, 16], "texture": "#side", "cullface": "south"},
				"west": {"uv": [0, 10, 16, 16], "texture": "#side", "cullface": "west"},
				"up": {"uv": [0, 0, 16, 16], "texture": "#top"},
				"down": {"uv": [0, 0, 16, 16], "texture": "#bottom", "cullface": "down"}
			}
		},
		{
			"from": [0, 6, 0],
			"to": [16, 8, 16],
			"rotation": {"angle": 0, "axis": "y", "origin": [8, 14, 8]},
			"faces": {
				"north": {"uv": [0, 8, 16, 10], "texture": "#side", "cullface": "north"},
				"east": {"uv": [0, 8, 16, 10], "texture": "#side", "cullface": "east"},
				"south": {"uv": [0, 8, 16, 10], "texture": "#side", "cullface": "south"},
				"west": {"uv": [0, 8, 16, 10], "texture": "#side", "cullface": "west"},
				"up": {"uv": [0, 0, 16, 16], "texture": "#7"},
				"down": {"uv": [0, 0, 16, 16], "texture": "#7", "cullface": "down"}
			}
		},
		{
			"from": [0, 6.25, 0],
			"to": [16, 8.25, 16],
			"rotation": {"angle": 0, "axis": "y", "origin": [8, 15, 8]},
			"faces": {
				"north": {"uv": [0, 7, 16, 9], "texture": "#side", "cullface": "north"},
				"east": {"uv": [0, 7, 16, 9], "texture": "#side", "cullface": "east"},
				"south": {"uv": [0, 7, 16, 9], "texture": "#side", "cullface": "south"},
				"west": {"uv": [0, 7, 16, 9], "texture": "#side", "cullface": "west"},
				"up": {"uv": [0, 0, 16, 16], "texture": "#4"},
				"down": {"uv": [0, 0, 16, 16], "texture": "#4", "cullface": "down"}
			}
		}
	]
}