{
	"parent": "block/block",
	"textures": {
		"particle": "block/small_dripleaf_top",
		"top": "block/small_dripleaf_top",
		"stem": "block/small_dripleaf_stem_top"
	},
	"elements": [
		{
			"from": [-2, 15, -2],
			"to": [14, 15, 14],
			"shade": false,
			"faces": {
				"up": {"uv": [0, 0, 16, 16], "rotation": 270, "texture": "#top"},
				"down": {"uv": [0, 0, 16, 16], "rotation": 180, "texture": "#top"}
			}
		},
		{
			"from": [2, 11, -2],
			"to": [18, 11, 14],
			"shade": false,
			"faces": {
				"up": {"uv": [0, 0, 16, 16], "texture": "#top"},
				"down": {"uv": [0, 0, 16, 16], "rotation": 90, "texture": "#top"}
			}
		},
		{
			"from": [2, 7, 2],
			"to": [18, 7, 18],
			"shade": false,
			"faces": {
				"up": {"uv": [0, 0, 16, 16], "rotation": 90, "texture": "#top"},
				"down": {"uv": [0, 0, 16, 16], "texture": "#top"}
			}
		},
		{
			"from": [-2, 3, 2],
			"to": [14, 3, 18],
			"shade": false,
			"faces": {
				"up": {"uv": [0, 0, 16, 16], "rotation": 180, "texture": "#top"},
				"down": {"uv": [0, 0, 16, 16], "rotation": 270, "texture": "#top"}
			}
		},
		{
			"from": [0, 0, 8],
			"to": [16, 16, 8],
			"shade": false,
			"rotation": {"angle": -45, "axis": "y", "origin": [8, 8, 8], "rescale": true},
			"faces": {
				"north": {"uv": [0, 0, 16, 16], "texture": "#stem"},
				"south": {"uv": [0, 0, 16, 16], "texture": "#stem"}
			}
		},
		{
			"from": [0, 0, 8],
			"to": [16, 16, 8],
			"shade": false,
			"rotation": {"angle": 45, "axis": "y", "origin": [8, 8, 8], "rescale": true},
			"faces": {
				"north": {"uv": [0, 0, 16, 16], "texture": "#stem"},
				"south": {"uv": [0, 0, 16, 16], "texture": "#stem"}
			}
		}
	]
}