{
	"ambientocclusion": false,
	"textures": {
		"rail_activator": "blocks/rail_activator",
		"side": "blocks/rail_activator_side",
		"rail_bottom": "blocks/rail_normal_bottom",
		"particle": "blocks/rail_activator",
		"rail": "blocks/rail_normal"
	},
	"elements": [
		{
			"name": "rail_1",
			"from": [2, 8.293, -1.3],
			"to": [4, 10.293, 8.7],
			"rotation": {"angle": 45, "axis": "x", "origin": [8, 9, 8]},
			"faces": {
				"north": {"uv": [4, 0, 2, 2], "texture": "#rail"},
				"east": {"uv": [2, 0, 4, 10], "rotation": 90, "texture": "#side"},
				"south": {"uv": [2, 14, 4, 16], "texture": "#rail"},
				"west": {"uv": [2, 0, 4, 10], "rotation": 270, "texture": "#rail"},
				"up": {"uv": [2, 0, 4, 10], "texture": "#rail_activator"},
				"down": {"uv": [2, 10, 4, 0], "texture": "#rail_bottom"}
			}
		},
		{
			"name": "rail_2",
			"from": [12, 8.293, -1.3],
			"to": [14, 10.293, 8.7],
			"rotation": {"angle": 45, "axis": "x", "origin": [8, 9, 8]},
			"faces": {
				"north": {"uv": [14, 0, 12, 2], "texture": "#rail"},
				"east": {"uv": [12, 0, 14, 10], "rotation": 90, "texture": "#rail"},
				"south": {"uv": [12, 14, 14, 16], "texture": "#rail"},
				"west": {"uv": [12, 0, 14, 10], "rotation": 270, "texture": "#side"},
				"up": {"uv": [12, 0, 14, 10], "texture": "#rail_activator"},
				"down": {"uv": [12, 10, 14, 0], "texture": "#rail_bottom"}
			}
		},
		{
			"name": "rail_3",
			"from": [1, 8.293, -0.3],
			"to": [2, 9.293, 2.7],
			"rotation": {"angle": 45, "axis": "x", "origin": [8, 9, 8]},
			"faces": {
				"north": {"uv": [2, 1, 1, 2], "texture": "#rail"},
				"east": {"uv": [1, 1, 2, 4], "rotation": 90, "texture": "#rail"},
				"south": {"uv": [1, 3, 2, 4], "texture": "#rail"},
				"west": {"uv": [1, 1, 2, 4], "rotation": 270, "texture": "#rail"},
				"up": {"uv": [1, 1, 2, 4], "texture": "#rail"},
				"down": {"uv": [1, 4, 2, 1], "texture": "#rail_bottom"}
			}
		},
		{
			"name": "rail_4",
			"from": [4, 8.293, -0.3],
			"to": [12, 9.293, 2.7],
			"rotation": {"angle": 45, "axis": "x", "origin": [8, 9, 8]},
			"faces": {
				"north": {"uv": [12, 1, 4, 2], "texture": "#rail"},
				"east": {"uv": [11, 1, 12, 4], "rotation": 90, "texture": "#rail"},
				"south": {"uv": [4, 3, 12, 4], "texture": "#rail"},
				"west": {"uv": [4, 1, 5, 4], "rotation": 270, "texture": "#rail"},
				"up": {"uv": [4, 1, 12, 4], "texture": "#rail_activator"},
				"down": {"uv": [4, 4, 12, 1], "texture": "#rail_bottom"}
			}
		},
		{
			"name": "rail_5",
			"from": [14, 8.293, -0.3],
			"to": [15, 9.293, 2.7],
			"rotation": {"angle": 45, "axis": "x", "origin": [8, 9, 8]},
			"faces": {
				"north": {"uv": [15, 1, 14, 2], "texture": "#rail"},
				"east": {"uv": [14, 1, 15, 4], "rotation": 90, "texture": "#rail"},
				"south": {"uv": [14, 3, 15, 4], "texture": "#rail"},
				"west": {"uv": [14, 1, 15, 4], "rotation": 270, "texture": "#rail"},
				"up": {"uv": [14, 1, 15, 4], "texture": "#rail"},
				"down": {"uv": [14, 4, 15, 1], "texture": "#rail_bottom"}
			}
		},
		{
			"name": "rail_6",
			"from": [1, 8.293, 3.7],
			"to": [2, 9.293, 6.7],
			"rotation": {"angle": 45, "axis": "x", "origin": [8, 9, 8]},
			"faces": {
				"north": {"uv": [2, 5, 1, 6], "texture": "#rail"},
				"east": {"uv": [1, 5, 2, 8], "rotation": 90, "texture": "#rail"},
				"south": {"uv": [1, 7, 2, 8], "texture": "#rail"},
				"west": {"uv": [1, 5, 2, 8], "rotation": 270, "texture": "#rail"},
				"up": {"uv": [1, 5, 2, 8], "texture": "#rail"},
				"down": {"uv": [1, 8, 2, 5], "texture": "#rail_bottom"}
			}
		},
		{
			"name": "rail_7",
			"from": [4, 8.293, 3.7],
			"to": [12, 9.293, 6.7],
			"rotation": {"angle": 45, "axis": "x", "origin": [8, 9, 8]},
			"faces": {
				"north": {"uv": [12, 5, 4, 6], "texture": "#rail"},
				"east": {"uv": [11, 5, 12, 8], "rotation": 90, "texture": "#rail"},
				"south": {"uv": [4, 7, 12, 8], "texture": "#rail"},
				"west": {"uv": [4, 5, 5, 8], "rotation": 270, "texture": "#rail"},
				"up": {"uv": [4, 5, 12, 8], "texture": "#rail"},
				"down": {"uv": [4, 8, 12, 5], "texture": "#rail_bottom"}
			}
		},
		{
			"name": "rail_8",
			"from": [14, 8.293, 3.7],
			"to": [15, 9.293, 6.7],
			"rotation": {"angle": 45, "axis": "x", "origin": [8, 9, 8]},
			"faces": {
				"north": {"uv": [15, 5, 14, 6], "texture": "#rail"},
				"east": {"uv": [14, 5, 15, 8], "rotation": 90, "texture": "#rail"},
				"south": {"uv": [14, 7, 15, 8], "texture": "#rail"},
				"west": {"uv": [14, 5, 15, 8], "rotation": 270, "texture": "#rail"},
				"up": {"uv": [14, 5, 15, 8], "texture": "#rail"},
				"down": {"uv": [14, 8, 15, 5], "texture": "#rail_bottom"}
			}
		},
		{
			"name": "rail_9",
			"from": [1, 8.293, 7.7],
			"to": [2, 9.293, 10.7],
			"rotation": {"angle": 45, "axis": "x", "origin": [8, 9, 8]},
			"faces": {
				"north": {"uv": [2, 9, 1, 10], "texture": "#rail"},
				"east": {"uv": [1, 9, 2, 12], "rotation": 90, "texture": "#rail"},
				"south": {"uv": [1, 11, 2, 12], "texture": "#rail"},
				"west": {"uv": [1, 9, 2, 12], "rotation": 270, "texture": "#rail"},
				"up": {"uv": [1, 9, 2, 12], "texture": "#rail"},
				"down": {"uv": [1, 12, 2, 9], "texture": "#rail_bottom"}
			}
		},
		{
			"name": "rail_10",
			"from": [4, 8.293, 7.7],
			"to": [12, 9.293, 10.7],
			"rotation": {"angle": 45, "axis": "x", "origin": [8, 9, 8]},
			"faces": {
				"north": {"uv": [12, 9, 4, 10], "texture": "#rail"},
				"east": {"uv": [11, 9, 12, 12], "rotation": 90, "texture": "#rail"},
				"south": {"uv": [4, 11, 12, 12], "texture": "#rail"},
				"west": {"uv": [4, 9, 5, 12], "rotation": 270, "texture": "#rail"},
				"up": {"uv": [4, 9, 12, 12], "texture": "#rail"},
				"down": {"uv": [4, 12, 12, 9], "texture": "#rail_bottom"}
			}
		},
		{
			"name": "rail_11",
			"from": [14, 8.293, 7.7],
			"to": [15, 9.293, 10.7],
			"rotation": {"angle": 45, "axis": "x", "origin": [8, 9, 8]},
			"faces": {
				"north": {"uv": [15, 9, 14, 10], "texture": "#rail"},
				"east": {"uv": [14, 9, 15, 12], "rotation": 90, "texture": "#rail"},
				"south": {"uv": [14, 11, 15, 12], "texture": "#rail"},
				"west": {"uv": [14, 9, 15, 12], "rotation": 270, "texture": "#rail"},
				"up": {"uv": [14, 9, 15, 12], "texture": "#rail"},
				"down": {"uv": [14, 12, 15, 9], "texture": "#rail_bottom"}
			}
		},
		{
			"name": "rail_12",
			"from": [1, 8.293, 11.7],
			"to": [2, 9.293, 14.7],
			"rotation": {"angle": 45, "axis": "x", "origin": [8, 9, 8]},
			"faces": {
				"north": {"uv": [2, 5, 1, 6], "texture": "#rail"},
				"east": {"uv": [1, 13, 2, 16], "rotation": 90, "texture": "#rail"},
				"south": {"uv": [1, 7, 2, 8], "texture": "#rail"},
				"west": {"uv": [1, 13, 2, 16], "rotation": 270, "texture": "#rail"},
				"up": {"uv": [1, 5, 2, 8], "texture": "#rail"},
				"down": {"uv": [1, 16, 2, 13], "texture": "#rail_bottom"}
			}
		},
		{
			"name": "rail_13",
			"from": [4, 8.293, 11.7],
			"to": [12, 9.293, 14.7],
			"rotation": {"angle": 45, "axis": "x", "origin": [8, 9, 8]},
			"faces": {
				"north": {"uv": [12, 13, 4, 14], "texture": "#rail"},
				"east": {"uv": [11, 13, 12, 16], "rotation": 90, "texture": "#rail"},
				"south": {"uv": [4, 15, 12, 16], "texture": "#rail"},
				"west": {"uv": [4, 13, 5, 16], "rotation": 270, "texture": "#rail"},
				"up": {"uv": [4, 5, 12, 8], "texture": "#rail"},
				"down": {"uv": [4, 16, 12, 13], "texture": "#rail_bottom"}
			}
		},
		{
			"name": "rail_14",
			"from": [14, 8.293, 11.7],
			"to": [15, 9.293, 14.7],
			"rotation": {"angle": 45, "axis": "x", "origin": [8, 9, 8]},
			"faces": {
				"north": {"uv": [15, 5, 14, 6], "texture": "#rail"},
				"east": {"uv": [14, 9, 15, 12], "rotation": 90, "texture": "#rail"},
				"south": {"uv": [14, 7, 15, 8], "texture": "#rail"},
				"west": {"uv": [14, 13, 15, 16], "rotation": 270, "texture": "#rail"},
				"up": {"uv": [14, 5, 15, 8], "texture": "#rail"},
				"down": {"uv": [14, 16, 15, 13], "texture": "#rail_bottom"}
			}
		},
		{
			"name": "rail_3",
			"from": [2.001, 8.293, -2.614],
			"to": [3.999, 10.293, -1.3],
			"rotation": {"angle": 45, "axis": "x", "origin": [8, 9, 8]},
			"faces": {
				"north": {"uv": [4, 0, 2, 2], "texture": "#rail"},
				"east": {"uv": [2, 14, 4, 15], "rotation": 90, "texture": "#rail"},
				"south": {"uv": [2, 14, 4, 16], "texture": "#rail"},
				"west": {"uv": [2, 14, 4, 15], "rotation": 270, "texture": "#rail"},
				"up": {"uv": [2, 14, 4, 15], "texture": "#rail"},
				"down": {"uv": [2, 15, 4, 14], "texture": "#rail"}
			}
		},
		{
			"name": "rail_4",
			"from": [2.001, 8.293, 18.7],
			"to": [3.999, 10.293, 20.014],
			"rotation": {"angle": 45, "axis": "x", "origin": [8, 9, 8]},
			"faces": {
				"north": {"uv": [4, 0, 2, 2], "texture": "#rail"},
				"east": {"uv": [2, 1, 4, 2], "rotation": 90, "texture": "#rail"},
				"south": {"uv": [2, 14, 4, 16], "texture": "#rail"},
				"west": {"uv": [2, 1, 4, 2], "rotation": 270, "texture": "#rail"},
				"up": {"uv": [2, 1, 4, 2], "texture": "#rail"},
				"down": {"uv": [2, 2, 4, 1], "texture": "#rail"}
			}
		},
		{
			"name": "rail_4",
			"from": [12.001, 8.292, -2.614],
			"to": [13.999, 10.292, -1.3],
			"rotation": {"angle": 45, "axis": "x", "origin": [8, 9, 8]},
			"faces": {
				"north": {"uv": [14, 0, 12, 2], "texture": "#rail"},
				"east": {"uv": [12, 14, 14, 15], "rotation": 90, "texture": "#rail"},
				"south": {"uv": [12, 14, 14, 16], "texture": "#rail"},
				"west": {"uv": [12, 14, 14, 15], "rotation": 270, "texture": "#rail"},
				"up": {"uv": [12, 14, 14, 15], "texture": "#rail"},
				"down": {"uv": [12, 15, 14, 14], "texture": "#rail"}
			}
		},
		{
			"name": "rail_5",
			"from": [12.001, 8.293, 18.7],
			"to": [13.999, 10.293, 20.014],
			"rotation": {"angle": 45, "axis": "x", "origin": [8, 9, 8]},
			"faces": {
				"north": {"uv": [14, 0, 12, 2], "texture": "#rail"},
				"east": {"uv": [12, 1, 14, 2], "rotation": 90, "texture": "#rail"},
				"south": {"uv": [12, 14, 14, 16], "texture": "#rail"},
				"west": {"uv": [12, 1, 14, 2], "rotation": 270, "texture": "#rail"},
				"up": {"uv": [12, 1, 14, 2], "texture": "#rail"},
				"down": {"uv": [12, 2, 14, 1], "texture": "#rail"}
			}
		},
		{
			"name": "rail_2",
			"from": [2, 8.293, 8.7],
			"to": [4, 10.293, 18.7],
			"rotation": {"angle": 45, "axis": "x", "origin": [8, 9, 8]},
			"faces": {
				"north": {"uv": [4, 0, 2, 2], "texture": "#rail"},
				"east": {"uv": [2, 6, 4, 16], "rotation": 90, "texture": "#side"},
				"south": {"uv": [2, 14, 4, 16], "texture": "#rail"},
				"west": {"uv": [2, 6, 4, 16], "rotation": 270, "texture": "#rail"},
				"up": {"uv": [2, 6, 4, 16], "texture": "#rail_activator"},
				"down": {"uv": [2, 16, 4, 6], "texture": "#rail_bottom"}
			}
		},
		{
			"name": "rail_3",
			"from": [12, 8.293, 8.7],
			"to": [14, 10.293, 18.7],
			"rotation": {"angle": 45, "axis": "x", "origin": [8, 9, 8]},
			"faces": {
				"north": {"uv": [14, 0, 12, 2], "texture": "#rail"},
				"east": {"uv": [12, 6, 14, 16], "rotation": 90, "texture": "#rail"},
				"south": {"uv": [12, 14, 14, 16], "texture": "#rail"},
				"west": {"uv": [12, 6, 14, 16], "rotation": 270, "texture": "#side"},
				"up": {"uv": [12, 6, 14, 16], "texture": "#rail_activator"},
				"down": {"uv": [12, 16, 14, 6], "texture": "#rail_bottom"}
			}
		},
		{
			"name": "rail_4",
			"from": [1, 8.293, 15.7],
			"to": [2, 9.293, 18.7],
			"rotation": {"angle": 45, "axis": "x", "origin": [8, 9, 8]},
			"faces": {
				"north": {"uv": [2, 13, 1, 14], "texture": "#rail"},
				"east": {"uv": [1, 1, 2, 4], "rotation": 90, "texture": "#rail"},
				"south": {"uv": [1, 15, 2, 16], "texture": "#rail"},
				"west": {"uv": [1, 13, 2, 16], "rotation": 270, "texture": "#rail"},
				"up": {"uv": [1, 13, 2, 16], "texture": "#rail"},
				"down": {"uv": [1, 4, 2, 1], "texture": "#rail_bottom"}
			}
		},
		{
			"name": "rail_5",
			"from": [4, 8.293, 15.7],
			"to": [12, 9.293, 18.7],
			"rotation": {"angle": 45, "axis": "x", "origin": [8, 9, 8]},
			"faces": {
				"north": {"uv": [12, 1, 4, 2], "texture": "#rail"},
				"east": {"uv": [11, 1, 12, 4], "rotation": 90, "texture": "#rail"},
				"south": {"uv": [4, 3, 12, 4], "texture": "#rail"},
				"west": {"uv": [4, 1, 5, 4], "rotation": 270, "texture": "#rail"},
				"up": {"uv": [4, 13, 12, 16], "texture": "#rail_activator"},
				"down": {"uv": [4, 4, 12, 1], "texture": "#rail_bottom"}
			}
		},
		{
			"name": "rail_6",
			"from": [14, 8.293, 15.7],
			"to": [15, 9.293, 18.7],
			"rotation": {"angle": 45, "axis": "x", "origin": [8, 9, 8]},
			"faces": {
				"north": {"uv": [15, 13, 14, 14], "texture": "#rail"},
				"east": {"uv": [14, 13, 15, 16], "rotation": 90, "texture": "#rail"},
				"south": {"uv": [14, 15, 15, 16], "texture": "#rail"},
				"west": {"uv": [14, 1, 15, 4], "rotation": 270, "texture": "#rail"},
				"up": {"uv": [14, 1, 15, 4], "texture": "#rail"},
				"down": {"uv": [14, 4, 15, 1], "texture": "#rail_bottom"}
			}
		},
		{
			"name": "rail_2",
			"from": [2.002, 16, 0],
			"to": [3.998, 18, 0.83],
			"faces": {
				"north": {"uv": [4, 0, 2, 2], "texture": "#rail"},
				"east": {"uv": [3, 0, 4, 1], "rotation": 90, "texture": "#rail"},
				"south": {"uv": [2, 14, 4, 16], "texture": "#rail"},
				"west": {"uv": [3, 0, 4, 1], "rotation": 270, "texture": "#rail"},
				"up": {"uv": [2, 0, 4, 1], "texture": "#rail"},
				"down": {"uv": [2, 1, 4, 0], "texture": "#rail_bottom"}
			}
		},
		{
			"name": "rail_4",
			"from": [2.002, 9.292, -3.43],
			"to": [3.998, 10.292, -2.6],
			"rotation": {"angle": 45, "axis": "x", "origin": [8, 9, 8]},
			"faces": {
				"north": {"uv": [4, 0, 2, 2], "texture": "#rail"},
				"east": {"uv": [3, 0, 4, 1], "rotation": 90, "texture": "#rail"},
				"south": {"uv": [2, 14, 4, 16], "texture": "#rail"},
				"west": {"uv": [3, 0, 4, 1], "rotation": 270, "texture": "#rail"},
				"up": {"uv": [2, 0, 4, 1], "texture": "#rail"},
				"down": {"uv": [2, 1, 4, 0], "texture": "#rail"}
			}
		},
		{
			"name": "rail_3",
			"from": [12.002, 16, 0],
			"to": [13.998, 18, 0.83],
			"rotation": {"angle": 0, "axis": "y", "origin": [10, 0, 0]},
			"faces": {
				"north": {"uv": [14, 0, 12, 2], "texture": "#rail"},
				"east": {"uv": [13, 0, 14, 1], "rotation": 90, "texture": "#rail"},
				"south": {"uv": [12, 14, 14, 16], "texture": "#rail"},
				"west": {"uv": [13, 0, 14, 1], "rotation": 270, "texture": "#rail"},
				"up": {"uv": [12, 0, 14, 1], "texture": "#rail"},
				"down": {"uv": [12, 1, 14, 0], "texture": "#rail_bottom"}
			}
		},
		{
			"name": "rail_5",
			"from": [12.002, 9.292, -3.43],
			"to": [13.998, 10.292, -2.6],
			"rotation": {"angle": 45, "axis": "x", "origin": [18, 9, 8]},
			"faces": {
				"north": {"uv": [14, 0, 12, 2], "texture": "#rail"},
				"east": {"uv": [13, 0, 14, 1], "rotation": 90, "texture": "#rail"},
				"south": {"uv": [12, 14, 14, 16], "texture": "#rail"},
				"west": {"uv": [13, 0, 14, 1], "rotation": 270, "texture": "#rail"},
				"up": {"uv": [12, 0, 14, 1], "texture": "#rail"},
				"down": {"uv": [12, 1, 14, 0], "texture": "#rail"}
			}
		},
		{
			"name": "rail_4",
			"from": [12.002, 0.001, 16],
			"to": [13.998, 1.41521, 17.41421],
			"faces": {
				"north": {"uv": [14, 0, 12, 2], "texture": "#rail"},
				"east": {"uv": [13, 0, 14, 1], "rotation": 90, "texture": "#rail"},
				"south": {"uv": [12, 14, 14, 16], "texture": "#rail"},
				"west": {"uv": [13, 0, 14, 1], "rotation": 270, "texture": "#rail"},
				"up": {"uv": [12, 0, 14, 1], "texture": "#rail"},
				"down": {"uv": [12, 1, 14, 0], "texture": "#rail_bottom"}
			}
		},
		{
			"name": "rail_3",
			"from": [2.002, 0.001, 16],
			"to": [3.998, 1.41521, 17.41421],
			"faces": {
				"north": {"uv": [4, 0, 2, 2], "texture": "#rail"},
				"east": {"uv": [3, 0, 4, 1], "rotation": 90, "texture": "#rail"},
				"south": {"uv": [2, 14, 4, 16], "texture": "#rail"},
				"west": {"uv": [3, 0, 4, 1], "rotation": 270, "texture": "#rail"},
				"up": {"uv": [2, 0, 4, 1], "texture": "#rail"},
				"down": {"uv": [2, 1, 4, 0], "texture": "#rail_bottom"}
			}
		},
		{
			"name": "activator_1",
			"from": [6, 9.293, -0.3],
			"to": [10, 10.293, 2.7],
			"rotation": {"angle": 45, "axis": "x", "origin": [8, 9, 8]},
			"faces": {
				"north": {"uv": [10, 1, 6, 2], "texture": "#rail_activator"},
				"east": {"uv": [9, 1, 10, 4], "rotation": 90, "texture": "#rail_activator"},
				"south": {"uv": [6, 3, 10, 4], "texture": "#rail_activator"},
				"west": {"uv": [6, 1, 7, 4], "rotation": 270, "texture": "#rail_activator"},
				"up": {"uv": [6, 1, 10, 4], "texture": "#rail_activator"},
				"down": {"uv": [6, 4, 10, 1], "texture": "#rail_activator"}
			}
		},
		{
			"name": "activator_2",
			"from": [6, 9.293, 15.7],
			"to": [10, 10.293, 18.7],
			"rotation": {"angle": 45, "axis": "x", "origin": [8, 9, 8]},
			"faces": {
				"north": {"uv": [10, 13, 6, 14], "texture": "#rail_activator"},
				"east": {"uv": [9, 13, 10, 16], "rotation": 90, "texture": "#rail_activator"},
				"south": {"uv": [6, 15, 10, 16], "texture": "#rail_activator"},
				"west": {"uv": [6, 13, 7, 16], "rotation": 270, "texture": "#rail_activator"},
				"up": {"uv": [6, 13, 10, 16], "texture": "#rail_activator"},
				"down": {"uv": [6, 16, 10, 13], "texture": "#rail_activator"}
			}
		}
	],
	"groups": [
		{
			"name": "group",
			"origin": [8, 8, 8],
			"children": [
				{
					"name": "rail",
					"origin": [8, 8, 8],
					"children": [0, 1, 2, 3, 4, 5, 6, 7, 8, 9, 10, 11, 12, 13]
				},
				{
					"name": "rail",
					"origin": [8, 8, 8],
					"children": [14, 15, 16, 17]
				},
				{
					"name": "rail",
					"origin": [8, 8, 8],
					"children": [18, 19, 20, 21, 22]
				},
				{
					"name": "group",
					"origin": [8, 9, 8],
					"children": [23, 24]
				},
				{
					"name": "group",
					"origin": [8, 9, 8],
					"children": [25, 26]
				},
				{
					"name": "group",
					"origin": [0, 0, 0],
					"children": [27, 28]
				}
			]
		},
		{
			"name": "activator",
			"origin": [8, 8, 8],
			"children": [29, 30]
		}
	]
}
