{
	"parent": "block/block",
	"textures": {
		"5": "block/sculk_sensor_top_active1",
		"6": "block/sculk_sensor_top_active2",
		"7": "block/sculk_sensor_top_active0",
		"particle": "block/sculk_sensor_bottom",
		"bottom": "block/sculk_sensor_bottom",
		"side": "block/sculk_sensor_side_active",
		"top": "block/sculk_sensor_top"
	},
	"elements": [
		{
			"from": [0, 0, 0],
			"to": [16, 6, 16],
			"faces": {
				"north": {"uv": [0, 10, 16, 16], "texture": "#side", "cullface": "north"},
				"east": {"uv": [0, 10, 16, 16], "texture": "#side", "cullface": "east"},
				"south": {"uv": [0, 10, 16, 16], "texture": "#side", "cullface": "south"},
				"west": {"uv": [0, 10, 16, 16], "texture": "#side", "cullface": "west"},
				"up": {"uv": [0, 0, 16, 16], "texture": "#top"},
				"down": {"uv": [0, 0, 16, 16], "texture": "#bottom", "cullface": "down"}
			}
		},
		{
			"name": "0",
			"from": [0, 6, 0],
			"to": [16, 8, 16],
			"rotation": {"angle": 0, "axis": "y", "origin": [8, 14, 8]},
			"faces": {
				"north": {"uv": [0, 8, 16, 10], "texture": "#side", "cullface": "north"},
				"east": {"uv": [0, 8, 16, 10], "texture": "#side", "cullface": "east"},
				"south": {"uv": [0, 8, 16, 10], "texture": "#side", "cullface": "south"},
				"west": {"uv": [0, 8, 16, 10], "texture": "#side", "cullface": "west"},
				"up": {"uv": [0, 0, 16, 16], "texture": "#7"},
				"down": {"uv": [0, 0, 16, 16], "texture": "#7", "cullface": "down"}
			}
		},
		{
			"name": "1",
			"from": [0, 6.25, 0],
			"to": [16, 8.25, 16],
			"rotation": {"angle": 0, "axis": "y", "origin": [8, 14, 8]},
			"faces": {
				"north": {"uv": [0, 7, 16, 9], "texture": "#side", "cullface": "north"},
				"east": {"uv": [0, 7, 16, 9], "texture": "#side", "cullface": "east"},
				"south": {"uv": [0, 7, 16, 9], "texture": "#side", "cullface": "south"},
				"west": {"uv": [0, 7, 16, 9], "texture": "#side", "cullface": "west"},
				"up": {"uv": [0, 0, 16, 16], "texture": "#5"},
				"down": {"uv": [0, 0, 16, 16], "texture": "#5", "cullface": "down"}
			}
		},
		{
			"name": "2",
			"from": [0, 6.5, 0],
			"to": [16, 8.5, 16],
			"rotation": {"angle": 0, "axis": "y", "origin": [8, 16, 8]},
			"faces": {
				"north": {"uv": [0, 6, 16, 8], "texture": "#side", "cullface": "north"},
				"east": {"uv": [0, 6, 16, 8], "texture": "#side", "cullface": "east"},
				"south": {"uv": [0, 6, 16, 8], "texture": "#side", "cullface": "south"},
				"west": {"uv": [0, 6, 16, 8], "texture": "#side", "cullface": "west"},
				"up": {"uv": [0, 0, 16, 16], "texture": "#6"},
				"down": {"uv": [0, 0, 16, 16], "texture": "#6", "cullface": "down"}
			}
		}
	]
}