{
	"ambientocclusion": true,
	"parent": "minecraft:block/pointed_dripstone",
	"textures": {
		"particle": "block/dripstone_block",
		"end": "block/dripstone_block",
		"side": "block/dripstone_block"
	},
	"elements": [
		{
			"from": [4, 0, 4],
			"to": [12, 1, 12],
			"rotation": {"angle": 0, "axis": "y", "origin": [12, 8, 12]},
			"faces": {
				"north": {"uv": [4, 15, 12, 16], "texture": "#side"},
				"east": {"uv": [4, 15, 12, 16], "texture": "#side"},
				"south": {"uv": [4, 15, 12, 16], "texture": "#side"},
				"west": {"uv": [4, 15, 12, 16], "texture": "#side"},
				"up": {"uv": [4, 4, 12, 12], "texture": "#end"},
				"down": {"uv": [4, 4, 12, 12], "texture": "#end"}
			}
		},
		{
			"from": [5, 1, 5],
			"to": [12, 2, 12],
			"rotation": {"angle": 0, "axis": "y", "origin": [13, 9, 13]},
			"faces": {
				"north": {"uv": [5, 14, 12, 15], "texture": "#side"},
				"east": {"uv": [5, 14, 12, 15], "texture": "#side"},
				"south": {"uv": [5, 14, 12, 15], "texture": "#side"},
				"west": {"uv": [5, 14, 12, 15], "texture": "#side"},
				"up": {"uv": [5, 5, 12, 12], "texture": "#end"}
			}
		},
		{
			"from": [5, 2, 5],
			"to": [11, 5, 11],
			"rotation": {"angle": 0, "axis": "y", "origin": [13, 10, 13]},
			"faces": {
				"north": {"uv": [5, 11, 11, 14], "texture": "#side"},
				"east": {"uv": [5, 11, 11, 14], "texture": "#side"},
				"south": {"uv": [5, 11, 11, 14], "texture": "#side"},
				"west": {"uv": [5, 11, 11, 14], "texture": "#side"},
				"up": {"uv": [5, 5, 11, 11], "texture": "#end"}
			}
		},
		{
			"from": [6, 5, 6],
			"to": [10, 8, 10],
			"rotation": {"angle": 0, "axis": "y", "origin": [14, 13, 14]},
			"faces": {
				"north": {"uv": [6, 8, 10, 11], "texture": "#side"},
				"east": {"uv": [6, 8, 10, 11], "texture": "#side"},
				"south": {"uv": [6, 8, 10, 11], "texture": "#side"},
				"west": {"uv": [6, 8, 10, 11], "texture": "#side"},
				"up": {"uv": [6, 6, 10, 10], "texture": "#end"}
			}
		},
		{
			"from": [6, 8, 7],
			"to": [9, 10, 10],
			"rotation": {"angle": 0, "axis": "y", "origin": [14, 16, 15]},
			"faces": {
				"north": {"uv": [6, 6, 9, 8], "texture": "#side"},
				"east": {"uv": [6, 6, 9, 8], "texture": "#side"},
				"south": {"uv": [6, 6, 9, 8], "texture": "#side"},
				"west": {"uv": [6, 6, 9, 8], "texture": "#side"},
				"up": {"uv": [5, 7, 8, 10], "texture": "#end"}
			}
		},
		{
			"from": [7, 10, 8],
			"to": [9, 11, 10],
			"rotation": {"angle": 0, "axis": "y", "origin": [15, 18, 16]},
			"faces": {
				"north": {"uv": [7, 5, 9, 6], "texture": "#side"},
				"east": {"uv": [7, 5, 9, 6], "texture": "#side"},
				"south": {"uv": [7, 5, 9, 6], "texture": "#side"},
				"west": {"uv": [7, 5, 9, 6], "texture": "#side"},
				"up": {"uv": [7, 7, 9, 9], "texture": "#end"}
			}
		}
	]
}
