{
	"ambientocclusion": false,
	"textures": {
		"3": "block/cactus_flower",
		"particle": "block/flower_pot",
		"flowerpot": "block/flower_pot",
		"dirt": "block/dirt",
		"cactus": "block/cactus_side"
	},
	"elements": [
		{
			"from": [5, 0, 5],
			"to": [6, 6, 11],
			"faces": {
				"north": {"uv": [10, 10, 11, 16], "texture": "#flowerpot"},
				"east": {"uv": [5, 10, 11, 16], "texture": "#flowerpot"},
				"south": {"uv": [5, 10, 6, 16], "texture": "#flowerpot"},
				"west": {"uv": [5, 10, 11, 16], "texture": "#flowerpot"},
				"up": {"uv": [5, 5, 6, 11], "texture": "#flowerpot"},
				"down": {"uv": [5, 5, 6, 11], "texture": "#flowerpot", "cullface": "down"}
			}
		},
		{
			"from": [10, 0, 5],
			"to": [11, 6, 11],
			"faces": {
				"north": {"uv": [5, 10, 6, 16], "texture": "#flowerpot"},
				"east": {"uv": [5, 10, 11, 16], "texture": "#flowerpot"},
				"south": {"uv": [10, 10, 11, 16], "texture": "#flowerpot"},
				"west": {"uv": [5, 10, 11, 16], "texture": "#flowerpot"},
				"up": {"uv": [10, 5, 11, 11], "texture": "#flowerpot"},
				"down": {"uv": [10, 5, 11, 11], "texture": "#flowerpot", "cullface": "down"}
			}
		},
		{
			"from": [6, 0, 5],
			"to": [10, 6, 6],
			"faces": {
				"north": {"uv": [6, 10, 10, 16], "texture": "#flowerpot"},
				"south": {"uv": [6, 10, 10, 16], "texture": "#flowerpot"},
				"up": {"uv": [6, 5, 10, 6], "texture": "#flowerpot"},
				"down": {"uv": [6, 10, 10, 11], "texture": "#flowerpot", "cullface": "down"}
			}
		},
		{
			"from": [6, 0, 10],
			"to": [10, 6, 11],
			"faces": {
				"north": {"uv": [6, 10, 10, 16], "texture": "#flowerpot"},
				"south": {"uv": [6, 10, 10, 16], "texture": "#flowerpot"},
				"up": {"uv": [6, 10, 10, 11], "texture": "#flowerpot"},
				"down": {"uv": [6, 5, 10, 6], "texture": "#flowerpot", "cullface": "down"}
			}
		},
		{
			"from": [6, 0, 6],
			"to": [10, 4, 10],
			"faces": {
				"up": {"uv": [6, 6, 10, 10], "texture": "#dirt"},
				"down": {"uv": [6, 12, 10, 16], "texture": "#flowerpot", "cullface": "down"}
			}
		},
		{
			"from": [6, 4, 6],
			"to": [10, 8, 10],
			"rotation": {"angle": 0, "axis": "y", "origin": [8, 0, 8]},
			"faces": {
				"north": {"uv": [6, 0, 10, 4], "texture": "#cactus"},
				"east": {"uv": [6, 0, 10, 4], "texture": "#cactus"},
				"south": {"uv": [6, 0, 10, 4], "texture": "#cactus"},
				"west": {"uv": [6, 0, 10, 4], "texture": "#cactus"},
				"up": {"uv": [6, 6, 10, 10], "texture": "#cactus"}
			}
		},
		{
			"from": [8, 8, 6],
			"to": [10, 8, 10],
			"rotation": {"angle": 22.5, "axis": "z", "origin": [8, 8, 8]},
			"faces": {
				"up": {"uv": [6, 6, 8, 10], "rotation": 180, "texture": "#3"},
				"down": {"uv": [8, 6, 6, 10], "texture": "#3"}
			}
		},
		{
			"from": [6, 8, 6],
			"to": [10, 8, 8],
			"rotation": {"angle": 22.5, "axis": "x", "origin": [8, 8, 8]},
			"faces": {
				"up": {"uv": [6, 8, 10, 10], "rotation": 180, "texture": "#3"},
				"down": {"uv": [10, 8, 6, 10], "texture": "#3"}
			}
		},
		{
			"from": [6, 8, 8],
			"to": [10, 8, 10],
			"rotation": {"angle": -22.5, "axis": "x", "origin": [8, 8, 8]},
			"faces": {
				"up": {"uv": [6, 6, 10, 8], "rotation": 180, "texture": "#3"},
				"down": {"uv": [10, 6, 6, 8], "texture": "#3"}
			}
		},
		{
			"from": [6, 8, 6],
			"to": [8, 8, 10],
			"rotation": {"angle": -22.5, "axis": "z", "origin": [8, 8, 8]},
			"faces": {
				"up": {"uv": [10, 8, 6, 10], "rotation": 90, "texture": "#3"},
				"down": {"uv": [6, 8, 10, 10], "rotation": 90, "texture": "#3"}
			}
		}
	],
	"groups": [0, 1, 2, 3, 4, 5,
		{
			"name": "group",
			"origin": [8, 8, 8],
			"children": [6, 7, 8, 9]
		}
	]
}