{
	"ambientocclusion": false,
	"textures": {
			"particle": "#pane"
	},
	"elements": [
		{
			"from": [7, 0, 0],
			"to": [9, 16, 1],
			"rotation": {"angle": 0, "axis": "y", "origin": [15, 8, 8]},
			"faces": {
				"north": {"uv": [7, 0, 9, 16], "texture": "#edge"},
				"east": {"uv": [15, 0, 16, 16], "texture": "#pane"},
				"south": {"uv": [7, 0, 9, 16], "texture": "#edge"},
				"west": {"uv": [0, 0, 1, 16], "texture": "#pane"},
				"up": {"uv": [7, 0, 9, 1], "texture": "#edge"},
				"down": {"uv": [7, 15, 9, 16], "texture": "#edge"}
			}
		},
		{
			"from": [7, 0, 1],
			"to": [9, 1, 7],
			"rotation": {"angle": 0, "axis": "y", "origin": [15, 8, 9]},
			"faces": {
				"east": {"uv": [9, 15, 15, 16], "texture": "#pane"},
				"west": {"uv": [1, 15, 7, 16], "texture": "#pane"},
				"up": {"uv": [7, 1, 9, 7], "texture": "#edge"},
				"down": {"uv": [7, 9, 9, 15], "texture": "#edge"}
			}
		},
		{
			"from": [7, 15, 1],
			"to": [9, 16, 7],
			"rotation": {"angle": 0, "axis": "y", "origin": [15, 23, 9]},
			"faces": {
				"east": {"uv": [9, 0, 15, 1], "texture": "#pane"},
				"west": {"uv": [1, 0, 7, 1], "texture": "#pane"},
				"up": {"uv": [7, 1, 9, 7], "texture": "#edge"},
				"down": {"uv": [7, 1, 9, 7], "texture": "#edge"}
			}
		},
		{
			"from": [8, 1, 1],
			"to": [8, 15, 7],
			"rotation": {"angle": 0, "axis": "y", "origin": [15, 9, 9]},
			"faces": {
				"east": {"uv": [9, 1, 15, 15], "texture": "#pane"},
				"west": {"uv": [1, 1, 7, 15], "texture": "#pane"}
			}
		}
	]
}
