{
    "variants": {
        "":  [
            { "model": "sap:block/fig_leaves", "weight": 1 },
            { "model": "sap:block/fig_leaves1", "weight": 1 },
            { "model": "sap:block/fig_leaves1", "y": 90, "weight": 1 },
            { "model": "sap:block/fig_leaves1", "y": 180, "weight": 1 },
            { "model": "sap:block/fig_leaves1", "y": 270, "weight": 1 },
            { "model": "sap:block/fig_leaves2", "weight": 1 },
            { "model": "sap:block/fig_leaves2", "y": 90, "weight": 1 },
            { "model": "sap:block/fig_leaves2", "y": 180, "weight": 1 },
            { "model": "sap:block/fig_leaves2", "y": 270, "weight": 1 },
            { "model": "sap:block/fig_leaves3", "weight": 1 },
            { "model": "sap:block/fig_leaves3", "y": 90, "weight": 1 },
            { "model": "sap:block/fig_leaves3", "y": 180, "weight": 1 },
            { "model": "sap:block/fig_leaves3", "y": 270, "weight": 1 },
            { "model": "sap:block/fig_leaves4", "weight": 1 },
            { "model": "sap:block/fig_leaves4", "y": 90, "weight": 1 },
            { "model": "sap:block/fig_leaves4", "y": 180, "weight": 1 },
            { "model": "sap:block/fig_leaves4", "y": 270, "weight": 1 },
            { "model": "sap:block/fig_leaves5", "weight": 1 },
            { "model": "sap:block/fig_leaves5", "y": 90, "weight": 1 },
            { "model": "sap:block/fig_leaves5", "y": 180, "weight": 1 },
            { "model": "sap:block/fig_leaves5", "y": 270, "weight": 1 },
            { "model": "sap:block/fig_leaves6", "weight": 1 },
            { "model": "sap:block/fig_leaves6", "y": 90, "weight": 1 },
            { "model": "sap:block/fig_leaves6", "y": 180, "weight": 1 },
            { "model": "sap:block/fig_leaves6", "y": 270, "weight": 1 },
            { "model": "sap:block/fig_leaves7", "weight": 1 },
            { "model": "sap:block/fig_leaves7", "y": 90, "weight": 1 },
            { "model": "sap:block/fig_leaves7", "y": 180, "weight": 1 },
            { "model": "sap:block/fig_leaves7", "y": 270, "weight": 1 },
            { "model": "sap:block/fig_leaves8", "weight": 1 },
            { "model": "sap:block/fig_leaves8", "y": 90, "weight": 1 },
            { "model": "sap:block/fig_leaves8", "y": 180, "weight": 1 },
            { "model": "sap:block/fig_leaves8", "y": 270, "weight": 1 },
            { "model": "sap:block/fig_leaves9", "weight": 1 },
            { "model": "sap:block/fig_leaves9", "y": 90, "weight": 1 },
            { "model": "sap:block/fig_leaves9", "y": 180, "weight": 1 },
            { "model": "sap:block/fig_leaves9", "y": 270, "weight": 1 },
            { "model": "sap:block/fig_leaves10", "weight": 1 },
            { "model": "sap:block/fig_leaves10", "y": 90, "weight": 1 },
            { "model": "sap:block/fig_leaves10", "y": 180, "weight": 1 },
            { "model": "sap:block/fig_leaves10", "y": 270, "weight": 1 },
            { "model": "sap:block/fig_leaves11", "weight": 1 },
            { "model": "sap:block/fig_leaves11", "y": 90, "weight": 1 },
            { "model": "sap:block/fig_leaves11", "y": 180, "weight": 1 },
            { "model": "sap:block/fig_leaves11", "y": 270, "weight": 1 },
            { "model": "sap:block/fig_leaves12", "weight": 1 },
            { "model": "sap:block/fig_leaves12", "y": 90, "weight": 1 },
            { "model": "sap:block/fig_leaves12", "y": 180, "weight": 1 },
            { "model": "sap:block/fig_leaves12", "y": 270, "weight": 1 }
        ]
    }
}
