{
	"parent": "block/block",
	"textures": {
		"particle": "block/lantern",
		"lantern": "block/lantern"
	},
	"elements": [
		{
			"from": [5, 0, 5],
			"to": [11, 7, 11],
			"faces": {
				"north": {"uv": [0, 2, 6, 9], "texture": "#lantern"},
				"east": {"uv": [0, 2, 6, 9], "texture": "#lantern"},
				"south": {"uv": [0, 2, 6, 9], "texture": "#lantern"},
				"west": {"uv": [0, 2, 6, 9], "texture": "#lantern"},
				"up": {"uv": [0, 9, 6, 15], "texture": "#lantern"},
				"down": {"uv": [0, 9, 6, 15], "texture": "#lantern", "cullface": "down"}
			}
		},
		{
			"from": [6, 7, 6],
			"to": [10, 9, 10],
			"faces": {
				"north": {"uv": [1, 0, 5, 2], "texture": "#lantern"},
				"east": {"uv": [1, 0, 5, 2], "texture": "#lantern"},
				"south": {"uv": [1, 0, 5, 2], "texture": "#lantern"},
				"west": {"uv": [1, 0, 5, 2], "texture": "#lantern"},
				"up": {"uv": [1, 10, 5, 14], "texture": "#lantern"}
			}
		},
		{
			"from": [7.5, 9, 6.5],
			"to": [8.5, 10, 7.5],
			"rotation": {"angle": 45, "axis": "y", "origin": [8, 8, 8]},
			"faces": {
				"north": {"uv": [11, 11, 12, 12], "texture": "#lantern"},
				"east": {"uv": [11, 11, 12, 12], "texture": "#lantern"},
				"south": {"uv": [11, 11, 12, 12], "texture": "#lantern"},
				"west": {"uv": [11, 11, 12, 12], "texture": "#lantern"}
			}
		},
		{
			"from": [7.5, 9, 8.5],
			"to": [8.5, 10, 9.5],
			"rotation": {"angle": 45, "axis": "y", "origin": [8, 8, 8]},
			"faces": {
				"north": {"uv": [13, 11, 14, 12], "texture": "#lantern"},
				"east": {"uv": [13, 11, 14, 12], "texture": "#lantern"},
				"south": {"uv": [13, 11, 14, 12], "texture": "#lantern"},
				"west": {"uv": [13, 11, 14, 12], "texture": "#lantern"}
			}
		},
		{
			"from": [7.5, 10, 6.5],
			"to": [8.5, 11, 9.5],
			"rotation": {"angle": 45, "axis": "y", "origin": [8, 8, 8]},
			"faces": {
				"north": {"uv": [11, 10, 12, 11], "texture": "#lantern"},
				"east": {"uv": [14, 10, 11, 11], "texture": "#lantern"},
				"south": {"uv": [13, 10, 14, 11], "texture": "#lantern"},
				"west": {"uv": [11, 10, 14, 11], "texture": "#lantern"},
				"up": {"uv": [11, 10, 14, 11], "rotation": 90, "texture": "#lantern"},
				"down": {"uv": [14, 10, 11, 11], "rotation": 90, "texture": "#lantern"}
			}
		}
	],
	"groups": [0, 1,
		{
			"name": "group",
			"origin": [8, 8, 8],
			"children": [2, 3, 4]
		}
	]
}
