{
	"ambientocclusion": false,
	"textures": {
		"powered": "block/powered_rail",
		"rail_bottom": "block/rail_bottom",
		"particle": "block/rail",
		"rail": "block/rail"
	},
	"elements": [
		{
			"name": "rail_2",
			"from": [2, 2.3, 7.293],
			"to": [4, 18.3, 9.293],
			"rotation": {"angle": -45, "axis": "x", "origin": [8, 9, 8]},
			"faces": {
				"north": {"uv": [12, 16, 14, 0], "texture": "#rail_bottom"},
				"east": {"uv": [12, 0, 14, 16], "rotation": 180, "texture": "#rail"},
				"south": {"uv": [12, 0, 14, 16], "rotation": 180, "texture": "#rail"},
				"west": {"uv": [12, 0, 14, 16], "rotation": 180, "texture": "#rail"},
				"up": {"uv": [4, 0, 2, 2], "rotation": 180, "texture": "#rail"}
			}
		},
		{
			"name": "rail_3",
			"from": [12, 2.3, 7.293],
			"to": [14, 18.3, 9.293],
			"rotation": {"angle": -45, "axis": "x", "origin": [8, 9, 8]},
			"faces": {
				"north": {"uv": [2, 16, 4, 0], "texture": "#rail_bottom"},
				"east": {"uv": [2, 0, 4, 16], "rotation": 180, "texture": "#rail"},
				"south": {"uv": [2, 0, 4, 16], "rotation": 180, "texture": "#rail"},
				"west": {"uv": [2, 0, 4, 16], "rotation": 180, "texture": "#rail"},
				"up": {"uv": [14, 0, 12, 2], "rotation": 180, "texture": "#rail"}
			}
		},
		{
			"name": "rail_4",
			"from": [1, 14.9, 6.293],
			"to": [2, 17.9, 7.293],
			"rotation": {"angle": -45, "axis": "x", "origin": [8, 10, 7]},
			"faces": {
				"north": {"uv": [14, 16, 15, 13], "texture": "#rail_bottom"},
				"east": {"uv": [1, 1, 2, 4], "texture": "#rail"},
				"south": {"uv": [1, 1, 2, 4], "texture": "#rail"},
				"west": {"uv": [1, 1, 2, 4], "texture": "#rail"},
				"up": {"uv": [2, 1, 1, 2], "rotation": 180, "texture": "#rail"},
				"down": {"uv": [1, 3, 2, 4], "texture": "#rail"}
			}
		},
		{
			"name": "rail_5",
			"from": [4, 14.9, 6.293],
			"to": [12, 17.9, 7.293],
			"rotation": {"angle": -45, "axis": "x", "origin": [8, 10, 7]},
			"faces": {
				"north": {"uv": [4, 16, 12, 13], "texture": "#rail_bottom"},
				"east": {"uv": [11, 1, 12, 4], "texture": "#rail"},
				"south": {"uv": [4, 1, 12, 4], "texture": "#powered"},
				"west": {"uv": [4, 1, 5, 4], "texture": "#rail"},
				"up": {"uv": [12, 1, 4, 2], "rotation": 180, "texture": "#rail"},
				"down": {"uv": [4, 3, 12, 4], "texture": "#rail"}
			}
		},
		{
			"name": "rail_6",
			"from": [14, 14.9, 6.293],
			"to": [15, 17.9, 7.293],
			"rotation": {"angle": -45, "axis": "x", "origin": [8, 10, 7]},
			"faces": {
				"north": {"uv": [1, 16, 2, 13], "texture": "#rail_bottom"},
				"east": {"uv": [14, 1, 15, 4], "texture": "#rail"},
				"south": {"uv": [14, 1, 15, 4], "texture": "#rail"},
				"west": {"uv": [14, 1, 15, 4], "texture": "#rail"},
				"up": {"uv": [15, 1, 14, 2], "rotation": 180, "texture": "#rail"},
				"down": {"uv": [14, 3, 15, 4], "texture": "#rail"}
			}
		},
		{
			"name": "rail_7",
			"from": [1, 10.9, 6.293],
			"to": [2, 13.9, 7.293],
			"rotation": {"angle": -45, "axis": "x", "origin": [8, 10, 7]},
			"faces": {
				"north": {"uv": [14, 12, 15, 9], "texture": "#rail_bottom"},
				"south": {"uv": [1, 5, 2, 8], "texture": "#rail"},
				"west": {"uv": [1, 5, 2, 8], "texture": "#rail"},
				"up": {"uv": [2, 5, 1, 6], "rotation": 180, "texture": "#rail"},
				"down": {"uv": [1, 7, 2, 8], "texture": "#rail"}
			}
		},
		{
			"name": "rail_8",
			"from": [4, 10.9, 6.293],
			"to": [12, 13.9, 7.293],
			"rotation": {"angle": -45, "axis": "x", "origin": [8, 10, 7]},
			"faces": {
				"north": {"uv": [4, 12, 12, 9], "texture": "#rail_bottom"},
				"south": {"uv": [4, 5, 12, 8], "texture": "#powered"},
				"up": {"uv": [12, 5, 4, 6], "rotation": 180, "texture": "#rail"},
				"down": {"uv": [4, 7, 12, 8], "texture": "#rail"}
			}
		},
		{
			"name": "rail_9",
			"from": [14, 10.9, 6.293],
			"to": [15, 13.9, 7.293],
			"rotation": {"angle": -45, "axis": "x", "origin": [8, 10, 7]},
			"faces": {
				"north": {"uv": [1, 12, 2, 9], "texture": "#rail_bottom"},
				"east": {"uv": [14, 5, 15, 8], "texture": "#rail"},
				"south": {"uv": [14, 5, 15, 8], "texture": "#rail"},
				"up": {"uv": [15, 5, 14, 6], "rotation": 180, "texture": "#rail"},
				"down": {"uv": [14, 7, 15, 8], "texture": "#rail"}
			}
		},
		{
			"name": "rail_10",
			"from": [1, 6.9, 6.293],
			"to": [2, 9.9, 7.293],
			"rotation": {"angle": -45, "axis": "x", "origin": [8, 10, 7]},
			"faces": {
				"north": {"uv": [14, 8, 15, 5], "texture": "#rail_bottom"},
				"south": {"uv": [1, 9, 2, 12], "texture": "#rail"},
				"west": {"uv": [1, 9, 2, 12], "texture": "#rail"},
				"up": {"uv": [2, 9, 1, 10], "rotation": 180, "texture": "#rail"},
				"down": {"uv": [1, 11, 2, 12], "texture": "#rail"}
			}
		},
		{
			"name": "rail_11",
			"from": [4, 6.9, 6.293],
			"to": [12, 9.9, 7.293],
			"rotation": {"angle": -45, "axis": "x", "origin": [8, 10, 7]},
			"faces": {
				"north": {"uv": [4, 8, 12, 5], "texture": "#rail_bottom"},
				"south": {"uv": [4, 9, 12, 12], "texture": "#powered"},
				"up": {"uv": [12, 9, 4, 10], "rotation": 180, "texture": "#rail"},
				"down": {"uv": [4, 11, 12, 12], "texture": "#rail"}
			}
		},
		{
			"name": "rail_12",
			"from": [14, 6.9, 6.293],
			"to": [15, 9.9, 7.293],
			"rotation": {"angle": -45, "axis": "x", "origin": [8, 10, 7]},
			"faces": {
				"north": {"uv": [1, 8, 2, 5], "texture": "#rail_bottom"},
				"east": {"uv": [14, 9, 15, 12], "texture": "#rail"},
				"south": {"uv": [14, 9, 15, 12], "texture": "#rail"},
				"up": {"uv": [15, 9, 14, 10], "rotation": 180, "texture": "#rail"},
				"down": {"uv": [14, 11, 15, 12], "texture": "#rail"}
			}
		},
		{
			"name": "rail_13",
			"from": [1, 2.9, 6.293],
			"to": [2, 5.9, 7.293],
			"rotation": {"angle": -45, "axis": "x", "origin": [8, 10, 7]},
			"faces": {
				"north": {"uv": [14, 4, 15, 1], "texture": "#rail_bottom"},
				"south": {"uv": [1, 13, 2, 16], "texture": "#rail"},
				"west": {"uv": [1, 13, 2, 16], "texture": "#rail"},
				"up": {"uv": [2, 5, 1, 6], "rotation": 180, "texture": "#rail"},
				"down": {"uv": [1, 7, 2, 8], "texture": "#rail"}
			}
		},
		{
			"name": "rail_14",
			"from": [4, 2.9, 6.293],
			"to": [12, 5.9, 7.293],
			"rotation": {"angle": -45, "axis": "x", "origin": [8, 10, 7]},
			"faces": {
				"north": {"uv": [4, 4, 12, 1], "texture": "#rail_bottom"},
				"south": {"uv": [4, 5, 12, 8], "texture": "#powered"},
				"up": {"uv": [12, 13, 4, 14], "rotation": 180, "texture": "#rail"},
				"down": {"uv": [4, 15, 12, 16], "texture": "#rail"}
			}
		},
		{
			"name": "rail_15",
			"from": [14, 2.9, 6.293],
			"to": [15, 5.9, 7.293],
			"rotation": {"angle": -45, "axis": "x", "origin": [8, 10, 7]},
			"faces": {
				"north": {"uv": [1, 4, 2, 1], "texture": "#rail_bottom"},
				"east": {"uv": [14, 13, 15, 16], "texture": "#rail"},
				"south": {"uv": [14, 13, 15, 16], "texture": "#rail"},
				"up": {"uv": [15, 5, 14, 6], "rotation": 180, "texture": "#rail"},
				"down": {"uv": [14, 7, 15, 8], "texture": "#rail"}
			}
		},
		{
			"name": "rail_4",
			"from": [2.001, 18.3, 7.293],
			"to": [3.999, 19.614, 9.293],
			"rotation": {"angle": -45, "axis": "x", "origin": [8, 9, 8]},
			"faces": {
				"north": {"uv": [12, 15, 14, 14], "texture": "#rail"},
				"east": {"uv": [2, 14, 4, 15], "texture": "#rail"},
				"south": {"uv": [12, 14, 14, 15], "rotation": 180, "texture": "#rail"},
				"west": {"uv": [2, 14, 4, 15], "texture": "#rail"},
				"up": {"uv": [4, 0, 2, 2], "rotation": 180, "texture": "#rail"}
			}
		},
		{
			"name": "rail_5",
			"from": [2.001, -3.014, 7.293],
			"to": [3.999, -1.7, 9.293],
			"rotation": {"angle": -45, "axis": "x", "origin": [8, 9, 8]},
			"faces": {
				"north": {"uv": [12, 2, 14, 1], "texture": "#rail"},
				"east": {"uv": [2, 1, 4, 2], "rotation": 180, "texture": "#rail"},
				"south": {"uv": [12, 1, 14, 2], "rotation": 180, "texture": "#rail"},
				"west": {"uv": [12, 1, 14, 2], "rotation": 180, "texture": "#rail"},
				"down": {"uv": [2, 14, 4, 16], "texture": "#rail"}
			}
		},
		{
			"name": "rail_5",
			"from": [12.001, 18.3, 7.292],
			"to": [13.999, 19.614, 9.292],
			"rotation": {"angle": -45, "axis": "x", "origin": [8, 9, 8]},
			"faces": {
				"north": {"uv": [2, 15, 4, 14], "rotation": 180, "texture": "#rail"},
				"east": {"uv": [12, 14, 14, 15], "texture": "#rail"},
				"south": {"uv": [2, 14, 4, 15], "rotation": 180, "texture": "#rail"},
				"west": {"uv": [12, 14, 14, 15], "texture": "#rail"},
				"up": {"uv": [14, 0, 12, 2], "rotation": 180, "texture": "#rail"},
				"down": {"uv": [12, 14, 14, 16], "texture": "#rail"}
			}
		},
		{
			"name": "rail_6",
			"from": [12.001, -3.014, 7.293],
			"to": [13.999, -1.7, 9.293],
			"rotation": {"angle": -45, "axis": "x", "origin": [8, 9, 8]},
			"faces": {
				"north": {"uv": [2, 2, 4, 1], "texture": "#rail"},
				"east": {"uv": [12, 1, 14, 2], "rotation": 180, "texture": "#rail"},
				"south": {"uv": [2, 1, 4, 2], "rotation": 180, "texture": "#rail"},
				"west": {"uv": [2, 1, 4, 2], "rotation": 180, "texture": "#rail"},
				"down": {"uv": [12, 14, 14, 16], "texture": "#rail"}
			}
		},
		{
			"name": "rail_3",
			"from": [2, -1.7, 7.293],
			"to": [4, 2.3, 9.293],
			"rotation": {"angle": -45, "axis": "x", "origin": [8, 9, 8]},
			"faces": {
				"north": {"uv": [12, 4, 14, 0], "texture": "#rail_bottom"},
				"east": {"uv": [2, 0, 4, 4], "rotation": 180, "texture": "#rail"},
				"south": {"uv": [2, 0, 4, 4], "rotation": 180, "texture": "#rail"},
				"west": {"uv": [12, 0, 14, 4], "rotation": 180, "texture": "#rail"},
				"down": {"uv": [2, 14, 4, 16], "texture": "#rail"}
			}
		},
		{
			"name": "rail_4",
			"from": [12, -1.7, 7.293],
			"to": [14, 2.3, 9.293],
			"rotation": {"angle": -45, "axis": "x", "origin": [8, 9, 8]},
			"faces": {
				"north": {"uv": [2, 4, 4, 0], "texture": "#rail_bottom"},
				"east": {"uv": [2, 0, 4, 4], "rotation": 180, "texture": "#rail"},
				"south": {"uv": [2, 0, 4, 4], "rotation": 180, "texture": "#rail"},
				"west": {"uv": [2, 0, 4, 4], "rotation": 180, "texture": "#rail"},
				"down": {"uv": [12, 14, 14, 16], "texture": "#rail"}
			}
		},
		{
			"name": "rail_5",
			"from": [1, -1.1, 6.293],
			"to": [2, 1.9, 7.293],
			"rotation": {"angle": -45, "axis": "x", "origin": [8, 10, 7]},
			"faces": {
				"north": {"uv": [14, 4, 15, 1], "texture": "#rail_bottom"},
				"south": {"uv": [1, 1, 2, 4], "texture": "#rail"},
				"west": {"uv": [1, 1, 2, 4], "texture": "#rail"},
				"up": {"uv": [2, 13, 1, 14], "rotation": 180, "texture": "#rail"},
				"down": {"uv": [1, 15, 2, 16], "texture": "#rail"}
			}
		},
		{
			"name": "rail_6",
			"from": [4, -1.1, 6.293],
			"to": [12, 1.9, 7.293],
			"rotation": {"angle": -45, "axis": "x", "origin": [8, 10, 7]},
			"faces": {
				"north": {"uv": [4, 4, 12, 1], "texture": "#rail_bottom"},
				"south": {"uv": [4, 13, 12, 16], "texture": "#powered"},
				"up": {"uv": [12, 1, 4, 2], "rotation": 180, "texture": "#rail"},
				"down": {"uv": [4, 3, 12, 4], "texture": "#rail"}
			}
		},
		{
			"name": "rail_7",
			"from": [14, -1.1, 6.293],
			"to": [15, 1.9, 7.293],
			"rotation": {"angle": -45, "axis": "x", "origin": [8, 10, 7]},
			"faces": {
				"north": {"uv": [1, 4, 2, 1], "texture": "#rail_bottom"},
				"east": {"uv": [14, 1, 15, 4], "texture": "#rail"},
				"south": {"uv": [14, 1, 15, 4], "texture": "#rail"},
				"up": {"uv": [15, 13, 14, 14], "rotation": 180, "texture": "#rail"},
				"down": {"uv": [14, 15, 15, 16], "texture": "#rail"}
			}
		},
		{
			"name": "rail_3",
			"from": [2.002, 16, 0],
			"to": [3.998, 18, 0.83],
			"rotation": {"angle": 0, "axis": "x", "origin": [18, 9, 8]},
			"faces": {
				"north": {"uv": [14, 0, 12, 2], "rotation": 180, "texture": "#rail"},
				"east": {"uv": [3, 0, 4, 1], "rotation": 90, "texture": "#rail"},
				"south": {"uv": [2, 14, 4, 16], "texture": "#rail"},
				"west": {"uv": [3, 0, 4, 1], "rotation": 270, "texture": "#rail"},
				"up": {"uv": [12, 0, 14, 1], "rotation": 180, "texture": "#rail"},
				"down": {"uv": [2, 1, 4, 0], "texture": "#rail_bottom"}
			}
		},
		{
			"name": "rail_5",
			"from": [2.002, 19.6, 8.292],
			"to": [3.998, 20.43, 9.292],
			"rotation": {"angle": -45, "axis": "x", "origin": [8, 9, 8]},
			"faces": {
				"east": {"uv": [3, 0, 4, 1], "texture": "#rail"},
				"south": {"uv": [12, 0, 14, 1], "rotation": 180, "texture": "#rail"},
				"west": {"uv": [3, 0, 4, 1], "texture": "#rail"},
				"up": {"uv": [4, 0, 2, 2], "rotation": 180, "texture": "#rail"}
			}
		},
		{
			"name": "rail_4",
			"from": [12.002, 16, 0],
			"to": [13.998, 18, 0.83],
			"rotation": {"angle": 0, "axis": "x", "origin": [10, 0, 0]},
			"faces": {
				"north": {"uv": [4, 0, 2, 2], "rotation": 180, "texture": "#rail"},
				"east": {"uv": [13, 0, 14, 1], "rotation": 90, "texture": "#rail"},
				"south": {"uv": [12, 14, 14, 16], "texture": "#rail"},
				"west": {"uv": [13, 0, 14, 1], "rotation": 270, "texture": "#rail"},
				"up": {"uv": [2, 0, 4, 1], "rotation": 180, "texture": "#rail"}
			}
		},
		{
			"name": "rail_6",
			"from": [12.002, 19.6, 8.292],
			"to": [13.998, 20.43, 9.292],
			"rotation": {"angle": -45, "axis": "x", "origin": [18, 9, 8]},
			"faces": {
				"east": {"uv": [13, 0, 14, 1], "texture": "#rail"},
				"south": {"uv": [2, 0, 4, 1], "rotation": 180, "texture": "#rail"},
				"west": {"uv": [13, 0, 14, 1], "texture": "#rail"},
				"up": {"uv": [14, 0, 12, 2], "rotation": 180, "texture": "#rail"}
			}
		},
		{
			"name": "rail_5",
			"from": [12.002, 0.001, 16],
			"to": [13.998, 1.41521, 17.41421],
			"rotation": {"angle": 0, "axis": "x", "origin": [18, 9, 8]},
			"faces": {
				"north": {"uv": [14, 0, 12, 2], "texture": "#rail"},
				"east": {"uv": [13, 0, 14, 1], "rotation": 90, "texture": "#rail"},
				"south": {"uv": [2, 14, 4, 16], "rotation": 180, "texture": "#rail"},
				"west": {"uv": [13, 0, 14, 1], "rotation": 270, "texture": "#rail"},
				"up": {"uv": [12, 0, 14, 1], "texture": "#rail"},
				"down": {"uv": [2, 1, 4, 0], "texture": "#rail_bottom"}
			}
		},
		{
			"name": "rail_4",
			"from": [2.002, 0.001, 16],
			"to": [3.998, 1.41521, 17.41421],
			"rotation": {"angle": 0, "axis": "x", "origin": [18, 9, 8]},
			"faces": {
				"north": {"uv": [4, 0, 2, 2], "texture": "#rail"},
				"east": {"uv": [3, 0, 4, 1], "rotation": 90, "texture": "#rail"},
				"south": {"uv": [12, 14, 14, 16], "rotation": 180, "texture": "#rail"},
				"west": {"uv": [3, 0, 4, 1], "rotation": 270, "texture": "#rail"},
				"up": {"uv": [2, 0, 4, 1], "texture": "#rail"},
				"down": {"uv": [12, 1, 14, 0], "texture": "#rail_bottom"}
			}
		},
		{
			"name": "power_1",
			"from": [6, 15.9, 7.293],
			"to": [10, 16.9, 8.293],
			"rotation": {"angle": -45, "axis": "x", "origin": [8, 10, 7]},
			"faces": {
				"east": {"uv": [9, 2, 10, 3], "texture": "#powered"},
				"south": {"uv": [6, 2, 10, 3], "texture": "#powered"},
				"west": {"uv": [6, 2, 7, 3], "texture": "#powered"},
				"up": {"uv": [10, 2, 6, 3], "rotation": 180, "texture": "#powered"},
				"down": {"uv": [6, 2, 10, 3], "texture": "#powered"}
			}
		},
		{
			"name": "power_2",
			"from": [6, 13.9, 7.293],
			"to": [10, 14.9, 8.293],
			"rotation": {"angle": -45, "axis": "x", "origin": [8, 10, 7]},
			"faces": {
				"north": {"uv": [6, 5, 10, 4], "texture": "#powered"},
				"east": {"uv": [9, 4, 10, 5], "texture": "#powered"},
				"south": {"uv": [6, 4, 10, 5], "texture": "#powered"},
				"west": {"uv": [6, 4, 7, 5], "texture": "#powered"},
				"up": {"uv": [10, 4, 6, 5], "rotation": 180, "texture": "#powered"},
				"down": {"uv": [6, 4, 10, 5], "texture": "#powered"}
			}
		},
		{
			"name": "power_3",
			"from": [6, 11.9, 7.293],
			"to": [10, 12.9, 8.293],
			"rotation": {"angle": -45, "axis": "x", "origin": [8, 10, 7]},
			"faces": {
				"east": {"uv": [9, 6, 10, 7], "texture": "#powered"},
				"south": {"uv": [6, 6, 10, 7], "texture": "#powered"},
				"west": {"uv": [6, 6, 7, 7], "texture": "#powered"},
				"up": {"uv": [10, 6, 6, 7], "rotation": 180, "texture": "#powered"},
				"down": {"uv": [6, 6, 10, 7], "texture": "#powered"}
			}
		},
		{
			"name": "power_4",
			"from": [6, 9.9, 7.293],
			"to": [10, 10.9, 8.293],
			"rotation": {"angle": -45, "axis": "x", "origin": [8, 10, 7]},
			"faces": {
				"north": {"uv": [6, 9, 10, 8], "texture": "#powered"},
				"east": {"uv": [9, 8, 10, 9], "texture": "#powered"},
				"south": {"uv": [6, 8, 10, 9], "texture": "#powered"},
				"west": {"uv": [6, 8, 7, 9], "texture": "#powered"},
				"up": {"uv": [10, 8, 6, 9], "rotation": 180, "texture": "#powered"},
				"down": {"uv": [6, 8, 10, 9], "texture": "#powered"}
			}
		},
		{
			"name": "power_5",
			"from": [6, 7.9, 7.293],
			"to": [10, 8.9, 8.293],
			"rotation": {"angle": -45, "axis": "x", "origin": [8, 10, 7]},
			"faces": {
				"east": {"uv": [9, 10, 10, 11], "texture": "#powered"},
				"south": {"uv": [6, 10, 10, 11], "texture": "#powered"},
				"west": {"uv": [6, 10, 7, 11], "texture": "#powered"},
				"up": {"uv": [10, 10, 6, 11], "rotation": 180, "texture": "#powered"},
				"down": {"uv": [6, 10, 10, 11], "texture": "#powered"}
			}
		},
		{
			"name": "power_6",
			"from": [6, 5.9, 7.293],
			"to": [10, 6.9, 8.293],
			"rotation": {"angle": -45, "axis": "x", "origin": [8, 10, 7]},
			"faces": {
				"north": {"uv": [6, 5, 10, 4], "texture": "#powered"},
				"east": {"uv": [9, 4, 10, 5], "texture": "#powered"},
				"south": {"uv": [6, 4, 10, 5], "texture": "#powered"},
				"west": {"uv": [6, 4, 7, 5], "texture": "#powered"},
				"up": {"uv": [10, 4, 6, 5], "rotation": 180, "texture": "#powered"},
				"down": {"uv": [6, 4, 10, 5], "texture": "#powered"}
			}
		},
		{
			"name": "power_7",
			"from": [6, 3.9, 7.293],
			"to": [10, 4.9, 8.293],
			"rotation": {"angle": -45, "axis": "x", "origin": [8, 10, 7]},
			"faces": {
				"east": {"uv": [9, 6, 10, 7], "texture": "#powered"},
				"south": {"uv": [6, 6, 10, 7], "texture": "#powered"},
				"west": {"uv": [6, 6, 7, 7], "texture": "#powered"},
				"up": {"uv": [10, 6, 6, 7], "rotation": 180, "texture": "#powered"},
				"down": {"uv": [6, 6, 10, 7], "texture": "#powered"}
			}
		},
		{
			"name": "power_8",
			"from": [6, 1.9, 7.293],
			"to": [10, 2.9, 8.293],
			"rotation": {"angle": -45, "axis": "x", "origin": [8, 10, 7]},
			"faces": {
				"north": {"uv": [6, 13, 10, 12], "texture": "#powered"},
				"east": {"uv": [9, 12, 10, 13], "texture": "#powered"},
				"south": {"uv": [6, 12, 10, 13], "texture": "#powered"},
				"west": {"uv": [6, 12, 7, 13], "texture": "#powered"},
				"up": {"uv": [10, 12, 6, 13], "rotation": 180, "texture": "#powered"},
				"down": {"uv": [6, 12, 10, 13], "texture": "#powered"}
			}
		},
		{
			"name": "power_9",
			"from": [6, -0.1, 7.293],
			"to": [10, 0.9, 8.293],
			"rotation": {"angle": -45, "axis": "x", "origin": [8, 10, 7]},
			"faces": {
				"east": {"uv": [9, 14, 10, 15], "texture": "#powered"},
				"south": {"uv": [6, 14, 10, 15], "texture": "#powered"},
				"west": {"uv": [6, 14, 7, 15], "texture": "#powered"},
				"up": {"uv": [10, 14, 6, 15], "rotation": 180, "texture": "#powered"},
				"down": {"uv": [6, 14, 10, 15], "texture": "#powered"}
			}
		}
	],
	"groups": [
		{
			"name": "group",
			"origin": [8, 8, 8],
			"children": [
				{
					"name": "rail",
					"origin": [8, 8, 8],
					"children": [0, 1, 2, 3, 4, 5, 6, 7, 8, 9, 10, 11, 12, 13]
				},
				{
					"name": "rail",
					"origin": [8, 8, 8],
					"children": [14, 15, 16, 17]
				},
				{
					"name": "rail",
					"origin": [8, 8, 8],
					"children": [18, 19, 20, 21, 22]
				},
				{
					"name": "group",
					"origin": [8, 9, 8],
					"children": [23, 24]
				},
				{
					"name": "group",
					"origin": [8, 9, 8],
					"children": [25, 26]
				},
				{
					"name": "group",
					"origin": [0, 0, 0],
					"children": [27, 28]
				}
			]
		},
		{
			"name": "power",
			"origin": [8, 8, 8],
			"children": [29, 30, 31, 32, 33, 34, 35, 36, 37]
		}
	]
}