{
	"parent": "block/thin_block",
	"textures": {
		"particle": "#texture"
	},
	"elements": [
		{
			"from": [0, 13, 0],
			"to": [16, 16, 4],
			"faces": {
				"north": {"uv": [8, 0, 11, 16], "rotation": 270, "texture": "#side", "cullface": "north"},
				"east": {"uv": [8, 12, 11, 16], "rotation": 270, "texture": "#side", "cullface": "east"},
				"south": {"uv": [12, 0, 15, 16], "rotation": 270, "texture": "#side"},
				"west": {"uv": [8, 0, 11, 4], "rotation": 270, "texture": "#side", "cullface": "west"},
				"up": {"uv": [0, 0, 16, 4], "texture": "#texture", "cullface": "up"},
				"down": {"uv": [0, 12, 16, 16], "texture": "#texture"}
			}
		},
		{
			"from": [0, 13, 12],
			"to": [16, 16, 16],
			"faces": {
				"north": {"uv": [12, 0, 15, 16], "rotation": 270, "texture": "#side"},
				"east": {"uv": [8, 0, 11, 4], "rotation": 270, "texture": "#side", "cullface": "east"},
				"south": {"uv": [8, 0, 11, 16], "rotation": 270, "texture": "#side", "cullface": "south"},
				"west": {"uv": [8, 12, 11, 16], "rotation": 270, "texture": "#side", "cullface": "west"},
				"up": {"uv": [0, 12, 16, 16], "texture": "#texture", "cullface": "up"},
				"down": {"uv": [0, 0, 16, 4], "texture": "#texture"}
			}
		},
		{
			"from": [0, 13, 4],
			"to": [4, 16, 12],
			"faces": {
				"east": {"uv": [12, 4, 15, 12], "rotation": 270, "texture": "#side"},
				"west": {"uv": [8, 4, 11, 12], "rotation": 270, "texture": "#side", "cullface": "west"},
				"up": {"uv": [0, 4, 4, 12], "texture": "#texture", "cullface": "up"},
				"down": {"uv": [0, 4, 4, 12], "texture": "#texture"}
			}
		},
		{
			"from": [12, 13, 4],
			"to": [16, 16, 12],
			"faces": {
				"east": {"uv": [8, 4, 11, 12], "rotation": 270, "texture": "#side", "cullface": "east"},
				"west": {"uv": [12, 4, 15, 11], "rotation": 270, "texture": "#side"},
				"up": {"uv": [12, 4, 16, 12], "texture": "#texture", "cullface": "up"},
				"down": {"uv": [12, 4, 16, 12], "texture": "#texture"}
			}
		},
		{
			"from": [3, 14, 5],
			"to": [13, 15, 6],
			"faces": {
				"north": {"uv": [3, 5, 13, 6], "texture": "#texture"},
				"south": {"uv": [3, 5, 13, 6], "texture": "#texture"},
				"up": {"uv": [3, 5, 13, 6], "texture": "#texture"},
				"down": {"uv": [3, 5, 13, 6], "texture": "#texture"}
			}
		},
		{
			"from": [3, 14, 7],
			"to": [13, 15, 8],
			"faces": {
				"north": {"uv": [3, 7, 13, 8], "texture": "#texture"},
				"south": {"uv": [3, 7, 13, 8], "texture": "#texture"},
				"up": {"uv": [3, 7, 13, 8], "texture": "#texture"},
				"down": {"uv": [3, 7, 13, 8], "texture": "#texture"}
			}
		},
		{
			"from": [3, 14, 9],
			"to": [13, 15, 10],
			"faces": {
				"north": {"uv": [3, 9, 13, 10], "texture": "#texture"},
				"south": {"uv": [3, 9, 13, 10], "texture": "#texture"},
				"up": {"uv": [3, 9, 13, 10], "texture": "#texture"},
				"down": {"uv": [3, 9, 13, 10], "texture": "#texture"}
			}
		},
		{
			"from": [3, 14, 11],
			"to": [13, 15, 12],
			"faces": {
				"north": {"uv": [3, 11, 13, 12], "texture": "#texture"},
				"up": {"uv": [3, 11, 13, 12], "texture": "#texture"},
				"down": {"uv": [3, 11, 13, 12], "texture": "#texture"}
			}
		}
	],
	"display": {
		"thirdperson_lefthand": {
			"rotation": [75, -135, 0],
			"translation": [0, 2.5, 0],
			"scale": [0.375, 0.375, 0.375]
		},
		"gui": {
			"rotation": [30, 135, 0],
			"scale": [0.625, 0.625, 0.625]
		},
		"head": {
			"rotation": [0, -90, 0]
		}
	}
}