{
	"textures": {
		"hook": "block/tripwire_hook",
		"particle": "block/tripwire_hook_base",
		"wood": "block/tripwire_hook_base",
		"tripwire": "block/tripwire"
	},
	"elements": [
		{
			"from": [7.75, 1.5, 0],
			"to": [8.25, 1.5, 6.7],
			"rotation": {"angle": -22.5, "axis": "x", "origin": [8, 0, 0], "rescale": true},
			"faces": {
				"up": {"uv": [0, 6, 16, 8], "rotation": 90, "texture": "#tripwire"},
				"down": {"uv": [16, 6, 0, 8], "rotation": 90, "texture": "#tripwire"}
			}
		},
		{
			"from": [6.2, 4.2, 6.7],
			"to": [9.8, 5, 10.3],
			"rotation": {"angle": -22.5, "axis": "x", "origin": [8, 4.2, 6.7]},
			"faces": {
				"north": {"uv": [5, 3, 11, 4], "texture": "#hook"},
				"east": {"uv": [5, 3, 11, 4], "texture": "#hook"},
				"south": {"uv": [5, 8, 11, 9], "texture": "#hook"},
				"west": {"uv": [5, 8, 11, 9], "texture": "#hook"},
				"up": {"uv": [5, 3, 11, 9], "texture": "#hook"},
				"down": {"uv": [5, 3, 11, 9], "texture": "#hook"}
			}
		},
		{
			"from": [7.4, 4.2, 9.1],
			"to": [8.6, 5, 9.1],
			"rotation": {"angle": -22.5, "axis": "x", "origin": [8, 4.2, 6.7]},
			"faces": {
				"north": {"uv": [7, 8, 9, 9], "texture": "#hook"}
			}
		},
		{
			"from": [7.4, 4.2, 7.9],
			"to": [8.6, 5, 7.9],
			"rotation": {"angle": -22.5, "axis": "x", "origin": [8, 4.2, 6.7]},
			"faces": {
				"south": {"uv": [7, 3, 9, 4], "texture": "#hook"}
			}
		},
		{
			"from": [7.4, 4.2, 7.9],
			"to": [7.4, 5, 9.1],
			"rotation": {"angle": -22.5, "axis": "x", "origin": [8, 4.2, 6.7]},
			"faces": {
				"east": {"uv": [7, 8, 9, 9], "texture": "#hook"}
			}
		},
		{
			"from": [8.6, 4.2, 7.9],
			"to": [8.6, 5, 9.1],
			"rotation": {"angle": -22.5, "axis": "x", "origin": [8, 4.2, 6.7]},
			"faces": {
				"west": {"uv": [7, 3, 9, 4], "texture": "#hook"}
			}
		},
		{
			"from": [7.4, 5.2, 10],
			"to": [8.8, 6.8, 14],
			"faces": {
				"north": {"uv": [7, 9, 9, 11], "texture": "#wood"},
				"east": {"uv": [7, 5, 9, 10], "rotation": 90, "texture": "#wood"},
				"west": {"uv": [7, 5, 9, 10], "rotation": 270, "texture": "#wood"},
				"up": {"uv": [7, 5, 9, 10], "texture": "#wood"},
				"down": {"uv": [7, 5, 9, 10], "rotation": 180, "texture": "#wood"}
			}
		},
		{
			"from": [6, 1, 14],
			"to": [10, 9, 16],
			"faces": {
				"north": {"uv": [6, 4, 10, 12], "texture": "#wood"},
				"east": {"uv": [4, 4, 6, 12], "texture": "#wood"},
				"south": {"uv": [6, 7, 10, 15], "texture": "#wood", "cullface": "south"},
				"west": {"uv": [4, 4, 6, 12], "texture": "#wood"},
				"up": {"uv": [6, 2, 10, 4], "texture": "#wood"},
				"down": {"uv": [6, 2, 10, 4], "texture": "#wood"}
			}
		}
	]
}