{
    "variants": {
        "facing=up,powered=false": { "model": "observer", "x": 270 },
        "facing=down,powered=false": { "model": "observer", "x": 90 },
        "facing=north,powered=false": { "model": "observer" },
        "facing=south,powered=false": { "model": "observer", "y": 180 },
        "facing=west,powered=false": { "model": "observer", "y": 270 },
        "facing=east,powered=false": { "model": "observer", "y": 90 },
        "facing=up,powered=true": { "model": "observer_on", "x": 270 },
        "facing=down,powered=true": { "model": "observer_on", "x": 90 },
        "facing=north,powered=true": { "model": "observer_on" },
        "facing=south,powered=true": { "model": "observer_on", "y": 180 },
        "facing=west,powered=true": { "model": "observer_on", "y": 270 },
        "facing=east,powered=true": { "model": "observer_on", "y": 90 }
    }
}
