{
	"elements": [
		{
			"from": [7, 0, 0],
			"to": [9, 1, 16],
			"rotation": {"angle": 0, "axis": "y", "origin": [16, 8, 8]},
			"faces": {
				"north": {"uv": [7, 15, 9, 16], "texture": "#edge"},
				"east": {"uv": [0, 15, 16, 16], "texture": "#pane"},
				"south": {"uv": [7, 15, 9, 16], "texture": "#edge"},
				"west": {"uv": [0, 15, 16, 16], "texture": "#pane"},
				"up": {"uv": [7, 0, 9, 16], "texture": "#edge"},
				"down": {"uv": [7, 0, 9, 16], "texture": "#edge"}
			}
		},
		{
			"from": [7, 15, 0],
			"to": [9, 16, 16],
			"rotation": {"angle": 0, "axis": "y", "origin": [16, 23, 8]},
			"faces": {
				"north": {"uv": [7, 0, 9, 1], "texture": "#edge"},
				"east": {"uv": [0, 0, 16, 1], "texture": "#pane"},
				"south": {"uv": [7, 0, 9, 1], "texture": "#edge"},
				"west": {"uv": [0, 0, 16, 1], "texture": "#pane"},
				"up": {"uv": [7, 0, 9, 16], "texture": "#edge"},
				"down": {"uv": [7, 0, 9, 16], "texture": "#edge"}
			}
		},
		{
			"from": [7, 1, 0],
			"to": [9, 15, 1],
			"rotation": {"angle": 0, "axis": "y", "origin": [15, 9, 8]},
			"faces": {
				"north": {"uv": [7, 1, 9, 15], "texture": "#edge"},
				"east": {"uv": [15, 1, 16, 15], "texture": "#pane"},
				"south": {"uv": [7, 1, 9, 15], "texture": "#edge"},
				"west": {"uv": [0, 1, 1, 15], "texture": "#pane"}
			}
		},
		{
			"from": [7, 1, 15],
			"to": [9, 15, 16],
			"rotation": {"angle": 0, "axis": "y", "origin": [15, 9, 23]},
			"faces": {
				"north": {"uv": [7, 1, 9, 15], "texture": "#edge"},
				"east": {"uv": [0, 1, 1, 15], "texture": "#pane"},
				"south": {"uv": [7, 1, 9, 15], "texture": "#edge"},
				"west": {"uv": [15, 1, 16, 15], "texture": "#pane"}
			}
		},
		{
			"from": [8, 1, 1],
			"to": [8, 15, 15],
			"rotation": {"angle": 0, "axis": "y", "origin": [15, 9, 8]},
			"faces": {
				"east": {"uv": [1, 1, 15, 15], "texture": "#pane"},
				"west": {"uv": [1, 1, 15, 15], "texture": "#pane"}
			}
		}
	],
	"display": {
		"thirdperson_righthand": {
			"rotation": [75, 45, 0],
			"translation": [0, 2.5, 0],
			"scale": [0.375, 0.375, 0.375]
		},
		"firstperson_righthand": {
			"rotation": [0, 45, 0],
			"scale": [0.4, 0.4, 0.4]
		},
		"firstperson_lefthand": {
			"rotation": [0, 225, 0],
			"scale": [0.4, 0.4, 0.4]
		},
		"ground": {
			"translation": [0, 3, 0],
			"scale": [0.25, 0.25, 0.25]
		},
		"gui": {
			"rotation": [30, 225, 0],
			"scale": [0.625, 0.625, 0.625]
		},
		"fixed": {
			"scale": [0.5, 0.5, 0.5]
		}
	}
}
