{
	"ambientocclusion": "false",
	"textures": {
		"leaves_extra": "biomesoplenty:block/flowering_oak_leaves_extra",
		"particle": "biomesoplenty:block/flowering_oak_leaves",
		"block": "biomesoplenty:block/flowering_oak_leaves",
		"block_overlay": "biomesoplenty:block/flowering_oak_leaves_overlay",
		"leaves_extra_overlay": "biomesoplenty:block/flowering_oak_leaves_overlay_extra"
	},
	"elements": [
		{
			"from": [0, 0, 0],
			"to": [16, 16, 16],
			"faces": {
				"north": {"uv": [0, 0, 16, 16], "texture": "#block", "cullface": "north", "tintindex": 0},
				"east": {"uv": [0, 0, 16, 16], "texture": "#block", "cullface": "east", "tintindex": 0},
				"south": {"uv": [0, 0, 16, 16], "texture": "#block", "cullface": "south", "tintindex": 0},
				"west": {"uv": [0, 0, 16, 16], "texture": "#block", "cullface": "west", "tintindex": 0},
				"up": {"uv": [0, 0, 16, 16], "texture": "#block", "cullface": "up", "tintindex": 0},
				"down": {"uv": [0, 0, 16, 16], "texture": "#block", "cullface": "down", "tintindex": 0}
			}
		},
		{
			"from": [-8, -8, 8],
			"to": [8, 8, 8],
			"rotation": {"angle": 45, "axis": "y", "origin": [8, 8, 8]},
			"faces": {
				"north": {"uv": [8, 8, 16, 16], "texture": "#leaves_extra", "tintindex": 0},
				"south": {"uv": [0, 8, 8, 16], "texture": "#leaves_extra", "tintindex": 0}
			}
		},
		{
			"from": [-8, 8, 8.002],
			"to": [8, 24, 8.002],
			"rotation": {"angle": 45, "axis": "y", "origin": [8, 8, 8]},
			"faces": {
				"north": {"uv": [8, 0, 16, 8], "texture": "#leaves_extra", "tintindex": 0},
				"south": {"uv": [0, 0, 8, 8], "texture": "#leaves_extra", "tintindex": 0}
			}
		},
		{
			"from": [8, -8, 7.998],
			"to": [24, 8, 7.998],
			"rotation": {"angle": 45, "axis": "y", "origin": [8, 10, 8]},
			"faces": {
				"north": {"uv": [0, 8, 8, 16], "texture": "#leaves_extra", "tintindex": 0},
				"south": {"uv": [8, 8, 16, 16], "texture": "#leaves_extra", "tintindex": 0}
			}
		},
		{
			"from": [8, 8, 8.004],
			"to": [24, 24, 8.004],
			"rotation": {"angle": 45, "axis": "y", "origin": [8, 8, 8]},
			"faces": {
				"north": {"uv": [0, 0, 8, 8], "texture": "#leaves_extra", "tintindex": 0},
				"south": {"uv": [8, 0, 16, 8], "texture": "#leaves_extra", "tintindex": 0}
			}
		},
		{
			"from": [-8, -8, 8.001],
			"to": [8, 8, 8.001],
			"rotation": {"angle": -45, "axis": "y", "origin": [8, 8, 8]},
			"faces": {
				"north": {"uv": [8, 8, 16, 16], "texture": "#leaves_extra", "tintindex": 0},
				"south": {"uv": [0, 8, 8, 16], "texture": "#leaves_extra", "tintindex": 0}
			}
		},
		{
			"from": [-8, 8, 8.003],
			"to": [8, 24, 8.003],
			"rotation": {"angle": -45, "axis": "y", "origin": [8, 8, 8]},
			"faces": {
				"north": {"uv": [8, 0, 16, 8], "texture": "#leaves_extra", "tintindex": 0},
				"south": {"uv": [0, 0, 8, 8], "texture": "#leaves_extra", "tintindex": 0}
			}
		},
		{
			"from": [8, -8, 7.999],
			"to": [24, 8, 7.999],
			"rotation": {"angle": -45, "axis": "y", "origin": [8, 8, 8]},
			"faces": {
				"north": {"uv": [0, 8, 8, 16], "texture": "#leaves_extra", "tintindex": 0},
				"south": {"uv": [8, 8, 16, 16], "texture": "#leaves_extra", "tintindex": 0}
			}
		},
		{
			"from": [8, 8, 7.997],
			"to": [24, 24, 7.997],
			"rotation": {"angle": -45, "axis": "y", "origin": [8, 8, 8]},
			"faces": {
				"north": {"uv": [0, 0, 8, 8], "texture": "#leaves_extra", "tintindex": 0},
				"south": {"uv": [8, 0, 16, 8], "texture": "#leaves_extra", "tintindex": 0}
			}
		},
		{
			"from": [0, 0, 0],
			"to": [16, 16, 16],
			"faces": {
				"north": {"uv": [0, 0, 16, 16], "texture": "#block_overlay", "cullface": "north"},
				"east": {"uv": [0, 0, 16, 16], "texture": "#block_overlay", "cullface": "east"},
				"south": {"uv": [0, 0, 16, 16], "texture": "#block_overlay", "cullface": "south"},
				"west": {"uv": [0, 0, 16, 16], "texture": "#block_overlay", "cullface": "west"},
				"up": {"uv": [0, 0, 16, 16], "texture": "#block_overlay", "cullface": "up"},
				"down": {"uv": [0, 0, 16, 16], "texture": "#block_overlay", "cullface": "down"}
			}
		},
		{
			"from": [-8.17678, -8, 7.82322],
			"to": [7.82322, 8, 7.82322],
			"rotation": {"angle": 45, "axis": "y", "origin": [8, 8, 8]},
			"faces": {
				"north": {"uv": [8, 8, 16, 16], "texture": "#leaves_extra_overlay"},
				"south": {"uv": [0, 8, 8, 16], "texture": "#leaves_extra_overlay"}
			}
		},
		{
			"from": [-7.82322, -8, 8.17678],
			"to": [8.17678, 8, 8.17678],
			"rotation": {"angle": 45, "axis": "y", "origin": [8, 8, 8]},
			"faces": {
				"north": {"uv": [8, 8, 16, 16], "texture": "#leaves_extra_overlay"},
				"south": {"uv": [0, 8, 8, 16], "texture": "#leaves_extra_overlay"}
			}
		},
		{
			"from": [-8.17678, 8, 7.82522],
			"to": [7.82322, 24, 7.82522],
			"rotation": {"angle": 45, "axis": "y", "origin": [8, 8, 8]},
			"faces": {
				"north": {"uv": [8, 0, 16, 8], "texture": "#leaves_extra_overlay"},
				"south": {"uv": [0, 0, 8, 8], "texture": "#leaves_extra_overlay"}
			}
		},
		{
			"from": [-7.82322, 8, 8.17878],
			"to": [8.17678, 24, 8.17878],
			"rotation": {"angle": 45, "axis": "y", "origin": [8, 8, 8]},
			"faces": {
				"north": {"uv": [8, 0, 16, 8], "texture": "#leaves_extra_overlay"},
				"south": {"uv": [0, 0, 8, 8], "texture": "#leaves_extra_overlay"}
			}
		},
		{
			"from": [7.82322, -8, 7.82122],
			"to": [23.82322, 8, 7.82122],
			"rotation": {"angle": 45, "axis": "y", "origin": [8, 10, 8]},
			"faces": {
				"north": {"uv": [0, 8, 8, 16], "texture": "#leaves_extra_overlay"},
				"south": {"uv": [8, 8, 16, 16], "texture": "#leaves_extra_overlay"}
			}
		},
		{
			"from": [8.17678, -8, 8.17478],
			"to": [24.17678, 8, 8.17478],
			"rotation": {"angle": 45, "axis": "y", "origin": [8, 10, 8]},
			"faces": {
				"north": {"uv": [0, 8, 8, 16], "texture": "#leaves_extra_overlay"},
				"south": {"uv": [8, 8, 16, 16], "texture": "#leaves_extra_overlay"}
			}
		},
		{
			"from": [7.82322, 8, 7.82722],
			"to": [23.82322, 24, 7.82722],
			"rotation": {"angle": 45, "axis": "y", "origin": [8, 8, 8]},
			"faces": {
				"north": {"uv": [0, 0, 8, 8], "texture": "#leaves_extra_overlay"},
				"south": {"uv": [8, 0, 16, 8], "texture": "#leaves_extra_overlay"}
			}
		},
		{
			"from": [8.17678, 8, 8.18078],
			"to": [24.17678, 24, 8.18078],
			"rotation": {"angle": 45, "axis": "y", "origin": [8, 8, 8]},
			"faces": {
				"north": {"uv": [0, 0, 8, 8], "texture": "#leaves_extra_overlay"},
				"south": {"uv": [8, 0, 16, 8], "texture": "#leaves_extra_overlay"}
			}
		},
		{
			"from": [-6.76256, -8, 7.82422],
			"to": [9.23744, 8, 7.82422],
			"rotation": {"angle": -45, "axis": "y", "origin": [8, 8, 8]},
			"faces": {
				"north": {"uv": [8, 8, 16, 16], "texture": "#leaves_extra_overlay"},
				"south": {"uv": [0, 8, 8, 16], "texture": "#leaves_extra_overlay"}
			}
		},
		{
			"from": [-7.11612, -8, 8.17778],
			"to": [8.88388, 8, 8.17778],
			"rotation": {"angle": -45, "axis": "y", "origin": [8, 8, 8]},
			"faces": {
				"north": {"uv": [8, 8, 16, 16], "texture": "#leaves_extra_overlay"},
				"south": {"uv": [0, 8, 8, 16], "texture": "#leaves_extra_overlay"}
			}
		},
		{
			"from": [-6.76256, 8, 7.82622],
			"to": [9.23744, 24, 7.82622],
			"rotation": {"angle": -45, "axis": "y", "origin": [8, 8, 8]},
			"faces": {
				"north": {"uv": [8, 0, 16, 8], "texture": "#leaves_extra_overlay"},
				"south": {"uv": [0, 0, 8, 8], "texture": "#leaves_extra_overlay"}
			}
		},
		{
			"from": [-7.11612, 8, 8.17978],
			"to": [8.88388, 24, 8.17978],
			"rotation": {"angle": -45, "axis": "y", "origin": [8, 8, 8]},
			"faces": {
				"north": {"uv": [8, 0, 16, 8], "texture": "#leaves_extra_overlay"},
				"south": {"uv": [0, 0, 8, 8], "texture": "#leaves_extra_overlay"}
			}
		},
		{
			"from": [9.23744, -8, 7.82222],
			"to": [25.23744, 8, 7.82222],
			"rotation": {"angle": -45, "axis": "y", "origin": [8, 8, 8]},
			"faces": {
				"north": {"uv": [0, 8, 8, 16], "texture": "#leaves_extra_overlay"},
				"south": {"uv": [8, 8, 16, 16], "texture": "#leaves_extra_overlay"}
			}
		},
		{
			"from": [8.88388, -8, 8.17578],
			"to": [24.88388, 8, 8.17578],
			"rotation": {"angle": -45, "axis": "y", "origin": [8, 8, 8]},
			"faces": {
				"north": {"uv": [0, 8, 8, 16], "texture": "#leaves_extra_overlay"},
				"south": {"uv": [8, 8, 16, 16], "texture": "#leaves_extra_overlay"}
			}
		},
		{
			"from": [9.23744, 8, 7.82022],
			"to": [25.23744, 24, 7.82022],
			"rotation": {"angle": -45, "axis": "y", "origin": [8, 8, 8]},
			"faces": {
				"north": {"uv": [0, 0, 8, 8], "texture": "#leaves_extra_overlay"},
				"south": {"uv": [8, 0, 16, 8], "texture": "#leaves_extra_overlay"}
			}
		},
		{
			"from": [8.88388, 8, 8.17378],
			"to": [24.88388, 24, 8.17378],
			"rotation": {"angle": -45, "axis": "y", "origin": [8, 8, 8]},
			"faces": {
				"north": {"uv": [0, 0, 8, 8], "texture": "#leaves_extra_overlay"},
				"south": {"uv": [8, 0, 16, 8], "texture": "#leaves_extra_overlay"}
			}
		}
	],
	"display": {
		"thirdperson_righthand": {
			"rotation": [75, 45, 0],
			"translation": [0, 2.5, 0],
			"scale": [0.375, 0.375, 0.375]
		},
		"thirdperson_lefthand": {
			"rotation": [75, 45, 0],
			"translation": [0, 2.5, 0],
			"scale": [0.375, 0.375, 0.375]
		},
		"firstperson_righthand": {
			"rotation": [0, 45, 0],
			"scale": [0.4, 0.4, 0.4]
		},
		"firstperson_lefthand": {
			"rotation": [0, 225, 0],
			"scale": [0.4, 0.4, 0.4]
		},
		"ground": {
			"translation": [0, 3, 0],
			"scale": [0.25, 0.25, 0.25]
		},
		"gui": {
			"rotation": [30, 225, 0],
			"scale": [0.625, 0.625, 0.625]
		},
		"fixed": {
			"scale": [0.5, 0.5, 0.5]
		}
	}
}
