{
	"parent": "block/thin_block",
	"textures": {
			"1": "biomesoplenty:block/redwood_trapdoor",
			"particle": "biomesoplenty:block/redwood_trapdoor"
	},
	"elements": [
		{
			"name": "cube",
			"from": [0, 12, 13],
			"to": [16, 16, 16],
			"shade": true,
			"faces": {
				"north": {"uv": [0, 0, 16, 4], "texture": "#1"},
				"east": {
					"uv": [0, 0, 3, 4],
					"texture": "#1",
					"cullface": "east"
				},
				"south": {
					"uv": [0, 0, 16, 4],
					"texture": "#1",
					"cullface": "south"
				},
				"west": {
					"uv": [13, 0, 16, 4],
					"texture": "#1",
					"cullface": "west"
				},
				"up": {
					"uv": [0, 13, 16, 16],
					"texture": "#1",
					"cullface": "up"
				},
				"down": {
					"uv": [0, 12, 16, 15],
					"texture": "#1",
					"cullface": "down"
				}
			}
		},
		{
			"name": "cube",
			"from": [0, 0, 13],
			"to": [16, 4, 16],
			"shade": true,
			"faces": {
				"north": {"uv": [0, 12, 16, 16], "texture": "#1"},
				"east": {
					"uv": [0, 12, 3, 16],
					"texture": "#1",
					"cullface": "east"
				},
				"south": {
					"uv": [0, 12, 16, 16],
					"texture": "#1",
					"cullface": "south"
				},
				"west": {
					"uv": [13, 12, 16, 16],
					"texture": "#1",
					"cullface": "west"
				},
				"up": {"uv": [0, 12, 16, 15], "texture": "#1"},
				"down": {
					"uv": [0, 0, 16, 3],
					"texture": "#1",
					"cullface": "down"
				}
			}
		},
		{
			"name": "cube",
			"from": [0, 3, 13],
			"to": [4, 13, 16],
			"shade": true,
			"faces": {
				"north": {"uv": [12, 3, 16, 13], "texture": "#1"},
				"east": {
					"uv": [12, 3, 15, 13],
					"texture": "#1",
					"cullface": "east"
				},
				"south": {
					"uv": [0, 3, 4, 13],
					"texture": "#1",
					"cullface": "south"
				},
				"west": {
					"uv": [13, 3, 16, 13],
					"texture": "#1",
					"cullface": "west"
				},
				"up": {"uv": [0, 12, 4, 15], "texture": "#1"},
				"down": {"uv": [0, 0, 4, 3], "texture": "#1"}
			}
		},
		{
			"name": "cube",
			"from": [12, 3, 13],
			"to": [16, 13, 16],
			"shade": true,
			"faces": {
				"north": {"uv": [0, 3, 4, 13], "texture": "#1"},
				"east": {
					"uv": [0, 3, 3, 13],
					"texture": "#1",
					"cullface": "east"
				},
				"south": {
					"uv": [12, 3, 16, 13],
					"texture": "#1",
					"cullface": "south"
				},
				"west": {
					"uv": [12, 3, 15, 13],
					"texture": "#1",
					"cullface": "west"
				},
				"up": {"uv": [0, 12, 4, 15], "texture": "#1"},
				"down": {"uv": [0, 0, 4, 3], "texture": "#1"}
			}
		},
		{
			"name": "cube",
			"from": [3, 4, 14],
			"to": [13, 5, 15],
			"shade": true,
			"faces": {
				"north": {"uv": [3, 11, 13, 12], "texture": "#1"},
				"east": {"uv": [3, 11, 13, 12], "texture": "#1"},
				"south": {"uv": [3, 11, 13, 12], "texture": "#1"},
				"west": {"uv": [3, 11, 13, 12], "texture": "#1"},
				"up": {"uv": [3, 11, 13, 12], "texture": "#1"},
				"down": {"uv": [3, 11, 13, 12], "texture": "#1"}
			}
		},
		{
			"name": "cube",
			"from": [3, 6, 14],
			"to": [13, 7, 15],
			"shade": true,
			"faces": {
				"north": {"uv": [3, 9, 13, 10], "texture": "#1"},
				"east": {"uv": [3, 9, 13, 10], "texture": "#1"},
				"south": {"uv": [3, 9, 13, 10], "texture": "#1"},
				"west": {"uv": [3, 9, 13, 10], "texture": "#1"},
				"up": {"uv": [3, 9, 13, 10], "texture": "#1"},
				"down": {"uv": [3, 9, 13, 10], "texture": "#1"}
			}
		},
		{
			"name": "cube",
			"from": [3, 8, 14],
			"to": [13, 9, 15],
			"shade": true,
			"faces": {
				"north": {"uv": [3, 7, 13, 8], "texture": "#1"},
				"east": {"uv": [3, 7, 13, 8], "texture": "#1"},
				"south": {"uv": [3, 7, 13, 8], "texture": "#1"},
				"west": {"uv": [3, 7, 13, 8], "texture": "#1"},
				"up": {"uv": [3, 7, 13, 8], "texture": "#1"},
				"down": {"uv": [3, 7, 13, 8], "texture": "#1"}
			}
		},
		{
			"name": "cube",
			"from": [3, 10, 14],
			"to": [13, 11, 15],
			"shade": true,
			"faces": {
				"north": {"uv": [3, 5, 13, 6], "texture": "#1"},
				"east": {"uv": [3, 5, 13, 6], "texture": "#1"},
				"south": {"uv": [3, 5, 13, 6], "texture": "#1"},
				"west": {"uv": [3, 5, 13, 6], "texture": "#1"},
				"up": {"uv": [3, 5, 13, 6], "texture": "#1"},
				"down": {"uv": [3, 5, 13, 6], "texture": "#1"}
			}
		}
	],
	"display": {
		"gui": {
			"rotation": [30, 135, 0],
			"translation": [0, 0, 0],
			"scale": [0.625, 0.625, 0.625]
		},
		"head": {
			"rotation": [0, -90, 0],
			"translation": [0, 0, 0],
			"scale": [1, 1, 1]
		},
		"thirdperson_lefthand": {
			"rotation": [75, -135, 0],
			"translation": [0, 2.5, 0],
			"scale": [0.375, 0.375, 0.375]
		}
	}
}
