{
    "variants": {
        "":  [
            { "model": "lush:block/teak_leaves", "weight": 1 },
            { "model": "lush:block/teak_leaves1", "weight": 1 },
            { "model": "lush:block/teak_leaves1", "y": 90, "weight": 1 },
            { "model": "lush:block/teak_leaves1", "y": 180, "weight": 1 },
            { "model": "lush:block/teak_leaves1", "y": 270, "weight": 1 },
            { "model": "lush:block/teak_leaves2", "weight": 1 },
            { "model": "lush:block/teak_leaves2", "y": 90, "weight": 1 },
            { "model": "lush:block/teak_leaves2", "y": 180, "weight": 1 },
            { "model": "lush:block/teak_leaves2", "y": 270, "weight": 1 },
            { "model": "lush:block/teak_leaves3", "weight": 1 },
            { "model": "lush:block/teak_leaves3", "y": 90, "weight": 1 },
            { "model": "lush:block/teak_leaves3", "y": 180, "weight": 1 },
            { "model": "lush:block/teak_leaves3", "y": 270, "weight": 1 },
            { "model": "lush:block/teak_leaves4", "weight": 1 },
            { "model": "lush:block/teak_leaves4", "y": 90, "weight": 1 },
            { "model": "lush:block/teak_leaves4", "y": 180, "weight": 1 },
            { "model": "lush:block/teak_leaves4", "y": 270, "weight": 1 },
            { "model": "lush:block/teak_leaves5", "weight": 1 },
            { "model": "lush:block/teak_leaves5", "y": 90, "weight": 1 },
            { "model": "lush:block/teak_leaves5", "y": 180, "weight": 1 },
            { "model": "lush:block/teak_leaves5", "y": 270, "weight": 1 },
            { "model": "lush:block/teak_leaves6", "weight": 1 },
            { "model": "lush:block/teak_leaves6", "y": 90, "weight": 1 },
            { "model": "lush:block/teak_leaves6", "y": 180, "weight": 1 },
            { "model": "lush:block/teak_leaves6", "y": 270, "weight": 1 },
            { "model": "lush:block/teak_leaves7", "weight": 1 },
            { "model": "lush:block/teak_leaves7", "y": 90, "weight": 1 },
            { "model": "lush:block/teak_leaves7", "y": 180, "weight": 1 },
            { "model": "lush:block/teak_leaves7", "y": 270, "weight": 1 },
            { "model": "lush:block/teak_leaves8", "weight": 1 },
            { "model": "lush:block/teak_leaves8", "y": 90, "weight": 1 },
            { "model": "lush:block/teak_leaves8", "y": 180, "weight": 1 },
            { "model": "lush:block/teak_leaves8", "y": 270, "weight": 1 },
            { "model": "lush:block/teak_leaves9", "weight": 1 },
            { "model": "lush:block/teak_leaves9", "y": 90, "weight": 1 },
            { "model": "lush:block/teak_leaves9", "y": 180, "weight": 1 },
            { "model": "lush:block/teak_leaves9", "y": 270, "weight": 1 },
            { "model": "lush:block/teak_leaves10", "weight": 1 },
            { "model": "lush:block/teak_leaves10", "y": 90, "weight": 1 },
            { "model": "lush:block/teak_leaves10", "y": 180, "weight": 1 },
            { "model": "lush:block/teak_leaves10", "y": 270, "weight": 1 },
            { "model": "lush:block/teak_leaves11", "weight": 1 },
            { "model": "lush:block/teak_leaves11", "y": 90, "weight": 1 },
            { "model": "lush:block/teak_leaves11", "y": 180, "weight": 1 },
            { "model": "lush:block/teak_leaves11", "y": 270, "weight": 1 },
            { "model": "lush:block/teak_leaves12", "weight": 1 },
            { "model": "lush:block/teak_leaves12", "y": 90, "weight": 1 },
            { "model": "lush:block/teak_leaves12", "y": 180, "weight": 1 },
            { "model": "lush:block/teak_leaves12", "y": 270, "weight": 1 }
        ]
    }
}
