{
"__comment": "Designed by - with BDcraft Cubik PRO 0.81 Beta - http://bdcraft.net",
"textures": {
    "particle": "blocks/vine_stem",
    "vine": "blocks/vine_stem",
    "leaves": "blocks/vine_leaves"
},
"elements": [ 
{
    "__comment": "Vine",
    "from": [ 0.0008, 0, 0.0632938 ],
    "to": [ 15.9992, 15.9984, 0.125794 ],
    "shade": false,
    "faces": {
        "north": { "uv": [ 16, 0, 0, 16 ], "texture": "#vine", "tintindex": 0 },
        "south": { "uv": [ 0, 0, 16, 16 ], "texture": "#vine", "tintindex": 0 }
    }
},
{
    "__comment": "Leaf",
    "from": [ 3, 4, 0 ],
    "to": [ 7.5, 9, 0 ],
    "shade": false,
    "rotation": { "origin": [ 3, 9, 0 ], "axis": "x", "angle": -22.5 },
    "faces": {
        "north": { "uv": [ 4.5, 0, 0, 5 ], "texture": "#leaves", "tintindex": 0 },
        "south": { "uv": [ 0, 0, 4.5, 5 ], "texture": "#leaves", "tintindex": 0 }
    }
},
{
    "__comment": "Leaf*",
    "from": [ 11, 11, 0 ],
    "to": [ 14.5, 14.5, 0 ],
    "shade": false,
    "rotation": { "origin": [ 11, 14.5, 0 ], "axis": "x", "angle": -45 },
    "faces": {
        "north": { "uv": [ 16, 0, 12.5, 3.5 ], "texture": "#leaves", "tintindex": 0 },
        "south": { "uv": [ 12.5, 0, 16, 3.5 ], "texture": "#leaves", "tintindex": 0 }
    }
},
{
    "__comment": "Leaf*",
    "from": [ 4.5, 11, 0 ],
    "to": [ 8.5, 16, 0 ],
    "shade": false,
    "rotation": { "origin": [ 4.5, 16, 0 ], "axis": "x", "angle": -22.5 },
    "faces": {
        "north": { "uv": [ 10.5, 0, 6.5, 5 ], "texture": "#leaves", "tintindex": 0 },
        "south": { "uv": [ 6.5, 0, 10.5, 5 ], "texture": "#leaves", "tintindex": 0 }
    }
},
{
    "__comment": "Leaf*",
    "from": [ 11.5, 1.5, 0 ],
    "to": [ 15.5, 5.5, 0 ],
    "shade": false,
    "rotation": { "origin": [ 11.5, 5.5, 0 ], "axis": "x", "angle": -22.5 },
    "faces": {
        "north": { "uv": [ 16, 5.5, 12, 9.5 ], "texture": "#leaves", "tintindex": 0 },
        "south": { "uv": [ 12, 5.5, 16, 9.5 ], "texture": "#leaves", "tintindex": 0 }
    }
},
{
    "__comment": "Leaf*",
    "from": [ 5, -1, 0 ],
    "to": [ 8.5, 3.5, 0 ],
    "shade": false,
    "rotation": { "origin": [ 5, 3.5, 0 ], "axis": "x", "angle": -22.5 },
    "faces": {
        "north": { "uv": [ 10.5, 6, 7, 10.5 ], "texture": "#leaves", "tintindex": 0 },
        "south": { "uv": [ 7, 6, 10.5, 10.5 ], "texture": "#leaves", "tintindex": 0 }
    }
},
{
    "__comment": "Leaf*",
    "from": [ 7, 7, -0.5 ],
    "to": [ 13, 12.5, -0.4375 ],
    "shade": false,
    "rotation": { "origin": [ 7, 12.5, -0.5 ], "axis": "x", "angle": -22.5 },
    "faces": {
        "north": { "uv": [ 6, 6, 0, 11.5 ], "texture": "#leaves", "tintindex": 0 },
        "south": { "uv": [ 0, 6, 6, 11.5 ], "texture": "#leaves", "tintindex": 0 }
    }
},
{
    "__comment": "BackLeaf",
    "from": [ 9, 8.5, 0 ],
    "to": [ 12.5, 12, 0 ],
    "shade": false,
    "rotation": { "origin": [ 9, 12, 0 ], "axis": "x", "angle": 22.5 },
    "faces": {
        "north": { "uv": [ 16, 0, 12.5, 3.5 ], "texture": "#leaves", "tintindex": 0 },
        "south": { "uv": [ 12.5, 0, 16, 3.5 ], "texture": "#leaves", "tintindex": 0 }
    }
},
{
    "__comment": "BackLeaf",
    "from": [ 11.5, 0.5, 0 ],
    "to": [ 15.5, 5.5, 0 ],
    "shade": false,
    "rotation": { "origin": [ 11.5, 5.5, 0 ], "axis": "x", "angle": 22.5 },
    "faces": {
        "north": { "uv": [ 10.5, 0, 6.5, 5 ], "texture": "#leaves", "tintindex": 0 },
        "south": { "uv": [ 6.5, 0, 10.5, 5 ], "texture": "#leaves", "tintindex": 0 }
    }
},
{
    "__comment": "BackLeaf",
    "from": [ 1.5, 10, 0 ],
    "to": [ 5.5, 14, 0 ],
    "shade": false,
    "rotation": { "origin": [ 1.5, 14, 0 ], "axis": "x", "angle": 22.5 },
    "faces": {
        "north": { "uv": [ 16, 5.5, 12, 9.5 ], "texture": "#leaves", "tintindex": 0 },
        "south": { "uv": [ 12, 5.5, 16, 9.5 ], "texture": "#leaves", "tintindex": 0 }
    }
},
{
    "__comment": "BackLeaf",
    "from": [ 5.5, 2, 0 ],
    "to": [ 9, 6.5, 0 ],
    "shade": false,
    "rotation": { "origin": [ 5.5, 6.5, 0 ], "axis": "x", "angle": 22.5 },
    "faces": {
        "north": { "uv": [ 10.5, 6, 7, 10.5 ], "texture": "#leaves", "tintindex": 0 },
        "south": { "uv": [ 7, 6, 10.5, 10.5 ], "texture": "#leaves", "tintindex": 0 }
    }
},
{
    "__comment": "Vine*",
    "from": [ 0.0008, 0, 15.9992 ],
    "to": [ 15.9992, 15.9984, 16.0617 ],
    "shade": false,
    "faces": {
        "north": { "uv": [ 0, 0, 16, 16 ], "texture": "#vine", "tintindex": 0 },
        "south": { "uv": [ 16, 0, 0, 16 ], "texture": "#vine", "tintindex": 0 }
    }
},
{
    "__comment": "Leaf*",
    "from": [ 8.5, 4, 16 ],
    "to": [ 13, 9, 16 ],
    "shade": false,
    "rotation": { "origin": [ 8.5, 9, 16 ], "axis": "x", "angle": 22.5 },
    "faces": {
        "north": { "uv": [ 4.5, 0, 0, 5 ], "texture": "#leaves", "tintindex": 0 },
        "south": { "uv": [ 0, 0, 4.5, 5 ], "texture": "#leaves", "tintindex": 0 }
    }
},
{
    "__comment": "Leaf*",
    "from": [ 1.5, 11, 16 ],
    "to": [ 5, 14.5, 16 ],
    "shade": false,
    "rotation": { "origin": [ 1.5, 14.5, 16 ], "axis": "x", "angle": 45 },
    "faces": {
        "north": { "uv": [ 16, 0, 12.5, 3.5 ], "texture": "#leaves", "tintindex": 0 },
        "south": { "uv": [ 12.5, 0, 16, 3.5 ], "texture": "#leaves", "tintindex": 0 }
    }
},
{
    "__comment": "Leaf*",
    "from": [ 7.5, 11, 16 ],
    "to": [ 11.5, 16, 16 ],
    "shade": false,
    "rotation": { "origin": [ 7.5, 16, 16 ], "axis": "x", "angle": 22.5 },
    "faces": {
        "north": { "uv": [ 10.5, 0, 6.5, 5 ], "texture": "#leaves", "tintindex": 0 },
        "south": { "uv": [ 6.5, 0, 10.5, 5 ], "texture": "#leaves", "tintindex": 0 }
    }
},
{
    "__comment": "Leaf*",
    "from": [ 0.5, 1.5, 16 ],
    "to": [ 4.5, 5.5, 16 ],
    "shade": false,
    "rotation": { "origin": [ 0.5, 5.5, 16 ], "axis": "x", "angle": 22.5 },
    "faces": {
        "north": { "uv": [ 16, 5.5, 12, 9.5 ], "texture": "#leaves", "tintindex": 0 },
        "south": { "uv": [ 12, 5.5, 16, 9.5 ], "texture": "#leaves", "tintindex": 0 }
    }
},
{
    "__comment": "Leaf*",
    "from": [ 7.5, -1, 16 ],
    "to": [ 11, 3.5, 16 ],
    "shade": false,
    "rotation": { "origin": [ 7.5, 3.5, 16 ], "axis": "x", "angle": 22.5 },
    "faces": {
        "north": { "uv": [ 10.5, 6, 7, 10.5 ], "texture": "#leaves", "tintindex": 0 },
        "south": { "uv": [ 7, 6, 10.5, 10.5 ], "texture": "#leaves", "tintindex": 0 }
    }
},
{
    "__comment": "Leaf*",
    "from": [ 3, 7, 16.5 ],
    "to": [ 9, 12.5, 16.5625 ],
    "shade": false,
    "rotation": { "origin": [ 3, 12.5, 16.5 ], "axis": "x", "angle": 22.5 },
    "faces": {
        "north": { "uv": [ 6, 6, 0, 11.5 ], "texture": "#leaves", "tintindex": 0 },
        "south": { "uv": [ 0, 6, 6, 11.5 ], "texture": "#leaves", "tintindex": 0 }
    }
},
{
    "__comment": "BackLeaf*",
    "from": [ 3.5, 8.5, 16 ],
    "to": [ 7, 12, 16 ],
    "shade": false,
    "rotation": { "origin": [ 3.5, 12, 16 ], "axis": "x", "angle": -22.5 },
    "faces": {
        "north": { "uv": [ 16, 0, 12.5, 3.5 ], "texture": "#leaves", "tintindex": 0 },
        "south": { "uv": [ 12.5, 0, 16, 3.5 ], "texture": "#leaves", "tintindex": 0 }
    }
},
{
    "__comment": "BackLeaf*",
    "from": [ 0.5, 0.5, 16 ],
    "to": [ 4.5, 5.5, 16 ],
    "shade": false,
    "rotation": { "origin": [ 0.5, 5.5, 16 ], "axis": "x", "angle": -22.5 },
    "faces": {
        "north": { "uv": [ 10.5, 0, 6.5, 5 ], "texture": "#leaves", "tintindex": 0 },
        "south": { "uv": [ 6.5, 0, 10.5, 5 ], "texture": "#leaves", "tintindex": 0 }
    }
},
{
    "__comment": "BackLeaf*",
    "from": [ 10.5, 10, 16 ],
    "to": [ 14.5, 14, 16 ],
    "shade": false,
    "rotation": { "origin": [ 10.5, 14, 16 ], "axis": "x", "angle": -22.5 },
    "faces": {
        "north": { "uv": [ 16, 5.5, 12, 9.5 ], "texture": "#leaves", "tintindex": 0 },
        "south": { "uv": [ 12, 5.5, 16, 9.5 ], "texture": "#leaves", "tintindex": 0 }
    }
},
{
    "__comment": "BackLeaf*",
    "from": [ 7, 2, 16 ],
    "to": [ 10.5, 6.5, 16 ],
    "shade": false,
    "rotation": { "origin": [ 7, 6.5, 16 ], "axis": "x", "angle": -22.5 },
    "faces": {
        "north": { "uv": [ 10.5, 6, 7, 10.5 ], "texture": "#leaves", "tintindex": 0 },
        "south": { "uv": [ 7, 6, 10.5, 10.5 ], "texture": "#leaves", "tintindex": 0 }
    }
},
{
    "__comment": "leavesback",
    "from": [ 16, -0.5, 4.25 ],
    "to": [ 16, 4.5, 8.25 ],
    "shade": false,
    "rotation": { "origin": [ 16, 4.5, 4.25 ], "axis": "z", "angle": 22.5 },
    "faces": {
        "west":  { "uv": [ 6.5, 0, 10.5, 5 ], "texture": "#leaves", "tintindex": 0 },
        "east":  { "uv": [ 10.5, 0, 6.5, 5 ], "texture": "#leaves", "tintindex": 0 }
    }
},
{
    "__comment": "leavesback",
    "from": [ 16, 5.5, 7.6875 ],
    "to": [ 16, 10.5, 12.1875 ],
    "shade": false,
    "rotation": { "origin": [ 16, 10.5, 7.6875 ], "axis": "z", "angle": 22.5 },
    "faces": {
        "west":  { "uv": [ 0, 0, 4.5, 5 ], "texture": "#leaves", "tintindex": 0 },
        "east":  { "uv": [ 4.5, 0, 0, 5 ], "texture": "#leaves", "tintindex": 0 }
    }
},
{
    "__comment": "leavesback",
    "from": [ 15.5, 10, 0.625 ],
    "to": [ 15.5625, 15.5, 6.625 ],
    "shade": false,
    "rotation": { "origin": [ 15.5, 15.5, 0.625 ], "axis": "z", "angle": 22.5 },
    "faces": {
        "west":  { "uv": [ 0, 6, 6, 11.5 ], "texture": "#leaves", "tintindex": 0 },
        "east":  { "uv": [ 6, 6, 0, 11.5 ], "texture": "#leaves", "tintindex": 0 }
    }
},
{
    "__comment": "leaves",
    "from": [ 16, -1.5, 5 ],
    "to": [ 16, 3, 8.5 ],
    "shade": false,
    "rotation": { "origin": [ 16, 3, 5 ], "axis": "z", "angle": -22.5 },
    "faces": {
        "west":  { "uv": [ 7, 6, 10.5, 10.5 ], "texture": "#leaves", "tintindex": 0 },
        "east":  { "uv": [ 10.5, 6, 7, 10.5 ], "texture": "#leaves", "tintindex": 0 }
    }
},
{
    "__comment": "leaves",
    "from": [ 16, 10, 10.5 ],
    "to": [ 16, 15, 14.5 ],
    "shade": false,
    "rotation": { "origin": [ 16, 15, 10.5 ], "axis": "z", "angle": -22.5 },
    "faces": {
        "west":  { "uv": [ 6.5, 0, 10.5, 5 ], "texture": "#leaves", "tintindex": 0 },
        "east":  { "uv": [ 10.5, 0, 6.5, 5 ], "texture": "#leaves", "tintindex": 0 }
    }
},
{
    "__comment": "leaves",
    "from": [ 16, 9, 3 ],
    "to": [ 16, 14, 7.5 ],
    "shade": false,
    "rotation": { "origin": [ 16, 14, 3 ], "axis": "z", "angle": -22.5 },
    "faces": {
        "west":  { "uv": [ 0, 0, 4.5, 5 ], "texture": "#leaves", "tintindex": 0 },
        "east":  { "uv": [ 4.5, 0, 0, 5 ], "texture": "#leaves", "tintindex": 0 }
    }
},
{
    "__comment": "leaves",
    "from": [ 16, 6.5, 8 ],
    "to": [ 16, 10.5, 12 ],
    "shade": false,
    "rotation": { "origin": [ 16, 10.5, 8 ], "axis": "z", "angle": -22.5 },
    "faces": {
        "west":  { "uv": [ 12, 5.5, 16, 9.5 ], "texture": "#leaves", "tintindex": 0 },
        "east":  { "uv": [ 16, 5.5, 12, 9.5 ], "texture": "#leaves", "tintindex": 0 }
    }
},
{
    "__comment": "leaves",
    "from": [ 16, 4, 3.5 ],
    "to": [ 16, 9.5, 9.5 ],
    "shade": false,
    "rotation": { "origin": [ 16, 9.5, 3.5 ], "axis": "z", "angle": -22.5 },
    "faces": {
        "west":  { "uv": [ 0, 6, 6, 11.5 ], "texture": "#leaves", "tintindex": 0 },
        "east":  { "uv": [ 6, 6, 0, 11.5 ], "texture": "#leaves", "tintindex": 0 }
    }
},
{
    "__comment": "leaves",
    "from": [ 16, 1.5, 11.5 ],
    "to": [ 16, 5, 15 ],
    "shade": false,
    "rotation": { "origin": [ 16, 5, 11.5 ], "axis": "z", "angle": -22.5 },
    "faces": {
        "west":  { "uv": [ 12.5, 0, 16, 3.5 ], "texture": "#leaves", "tintindex": 0 },
        "east":  { "uv": [ 16, 0, 12.5, 3.5 ], "texture": "#leaves", "tintindex": 0 }
    }
},
{
    "__comment": "Vine",
    "from": [ 15.9992, 0, 0.0008 ],
    "to": [ 16.0617, 15.9984, 15.9992 ],
    "shade": false,
    "faces": {
        "west":  { "uv": [ 0, 0, 16, 16 ], "texture": "#vine", "tintindex": 0 },
        "east":  { "uv": [ 16, 0, 0, 16 ], "texture": "#vine", "tintindex": 0 }
    }
}
]
}