{
  "variants": {
    "": [
      {
        "model": "minecraft:block/lapis_ore"
      },
      {
        "model": "minecraft:block/lapis_ore1"
      },
      {
        "model": "minecraft:block/lapis_ore2"
      },
      {
        "model": "minecraft:block/lapis_ore3"
      },
      {
        "model": "minecraft:block/lapis_ore4"
      },
      {
        "model": "minecraft:block/lapis_ore5"
      },
      {
        "model": "minecraft:block/lapis_ore6"
      },
      {
        "model": "minecraft:block/lapis_ore7"
      }
    ]
  }
}
