{
	"ambientocclusion": false,
	"textures": {
		"back": "blocks/ladder_back",
		"particle": "blocks/ladder",
		"texture": "blocsk/ladder"
	},
	"elements": [
		{
			"from": [2, 3, 15],
			"to": [14, 5, 16],
			"rotation": {"angle": 0, "axis": "y", "origin": [10, 11, 23]},
			"faces": {
				"north": {"uv": [2, 11, 14, 13], "texture": "#texture"},
				"east": {"uv": [2, 11, 3, 13], "texture": "#back"},
				"south": {"uv": [2, 11, 14, 13], "texture": "#back"},
				"west": {"uv": [13, 11, 14, 13], "texture": "#back"},
				"up": {"uv": [2, 11, 14, 12], "texture": "#texture"},
				"down": {"uv": [2, 12, 14, 13], "texture": "#texture"}
			}
		},
		{
			"from": [2, 11, 15],
			"to": [14, 13, 16],
			"rotation": {"angle": 0, "axis": "y", "origin": [10, 19, 23]},
			"faces": {
				"north": {"uv": [2, 3, 14, 5], "texture": "#texture"},
				"east": {"uv": [2, 3, 3, 5], "texture": "#back"},
				"south": {"uv": [2, 3, 14, 5], "texture": "#back"},
				"west": {"uv": [13, 3, 14, 5], "texture": "#back"},
				"up": {"uv": [2, 3, 14, 4], "texture": "#texture"},
				"down": {"uv": [2, 4, 14, 5], "texture": "#texture"}
			}
		},
		{
			"from": [1, 10, 14],
			"to": [3, 14, 15],
			"rotation": {"angle": 0, "axis": "y", "origin": [9, 18, 22]},
			"faces": {
				"north": {"uv": [13, 2, 15, 6], "texture": "#texture"},
				"east": {"uv": [13, 2, 14, 6], "texture": "#texture"},
				"south": {"uv": [15, 2, 13, 6], "texture": "#texture"},
				"west": {"uv": [14, 2, 15, 6], "texture": "#texture"},
				"up": {"uv": [15, 2, 13, 3], "texture": "#texture"},
				"down": {"uv": [15, 3, 13, 4], "texture": "#texture"}
			}
		},
		{
			"from": [1, 13, 15],
			"to": [3, 14, 16],
			"rotation": {"angle": 0, "axis": "y", "origin": [9, 21, 23]},
			"faces": {
				"east": {"uv": [13, 3, 14, 4], "texture": "#texture"},
				"south": {"uv": [3, 3, 1, 4], "texture": "#texture"},
				"west": {"uv": [14, 2, 15, 3], "texture": "#texture"},
				"up": {"uv": [15, 3, 13, 4], "texture": "#texture"},
				"down": {"uv": [15, 3, 13, 4], "texture": "#texture"}
			}
		},
		{
			"from": [1, 10, 15],
			"to": [3, 11, 16],
			"rotation": {"angle": 0, "axis": "y", "origin": [9, 18, 23]},
			"faces": {
				"east": {"uv": [13, 4, 14, 5], "texture": "#texture"},
				"south": {"uv": [3, 4, 1, 5], "texture": "#texture"},
				"west": {"uv": [14, 5, 15, 6], "texture": "#texture"},
				"up": {"uv": [15, 4, 13, 5], "texture": "#texture"},
				"down": {"uv": [15, 4, 13, 5], "texture": "#texture"}
			}
		},
		{
			"from": [1, 2, 14],
			"to": [3, 6, 15],
			"rotation": {"angle": 0, "axis": "y", "origin": [9, 10, 22]},
			"faces": {
				"north": {"uv": [13, 10, 15, 14], "texture": "#texture"},
				"east": {"uv": [13, 2, 14, 6], "texture": "#texture"},
				"south": {"uv": [15, 2, 13, 6], "texture": "#texture"},
				"west": {"uv": [14, 10, 15, 14], "texture": "#texture"},
				"up": {"uv": [15, 10, 13, 11], "texture": "#texture"},
				"down": {"uv": [15, 3, 13, 4], "texture": "#texture"}
			}
		},
		{
			"from": [1, 5, 15],
			"to": [3, 6, 16],
			"rotation": {"angle": 0, "axis": "y", "origin": [9, 13, 23]},
			"faces": {
				"east": {"uv": [13, 3, 14, 4], "texture": "#texture"},
				"south": {"uv": [3, 11, 1, 12], "texture": "#texture"},
				"west": {"uv": [14, 10, 15, 11], "texture": "#texture"},
				"up": {"uv": [15, 11, 13, 12], "texture": "#texture"},
				"down": {"uv": [15, 3, 13, 4], "texture": "#texture"}
			}
		},
		{
			"from": [1, 2, 15],
			"to": [3, 3, 16],
			"rotation": {"angle": 0, "axis": "y", "origin": [9, 10, 23]},
			"faces": {
				"east": {"uv": [13, 4, 14, 5], "texture": "#texture"},
				"south": {"uv": [3, 12, 1, 13], "texture": "#texture"},
				"west": {"uv": [14, 13, 15, 14], "texture": "#texture"},
				"up": {"uv": [15, 4, 13, 5], "texture": "#texture"},
				"down": {"uv": [15, 4, 13, 5], "texture": "#texture"}
			}
		},
		{
			"from": [13, 2, 14],
			"to": [15, 6, 15],
			"rotation": {"angle": 0, "axis": "y", "origin": [21, 10, 22]},
			"faces": {
				"north": {"uv": [1, 10, 3, 14], "texture": "#texture"},
				"east": {"uv": [13, 2, 14, 6], "texture": "#texture"},
				"south": {"uv": [15, 2, 13, 6], "texture": "#texture"},
				"west": {"uv": [2, 10, 3, 14], "texture": "#texture"},
				"up": {"uv": [3, 10, 1, 11], "texture": "#texture"},
				"down": {"uv": [15, 3, 13, 4], "texture": "#texture"}
			}
		},
		{
			"from": [13, 5, 15],
			"to": [15, 6, 16],
			"rotation": {"angle": 0, "axis": "y", "origin": [21, 13, 23]},
			"faces": {
				"east": {"uv": [13, 10, 14, 11], "texture": "#texture"},
				"south": {"uv": [15, 11, 13, 12], "texture": "#texture"},
				"west": {"uv": [1, 10, 2, 11], "texture": "#texture"},
				"up": {"uv": [3, 11, 1, 12], "texture": "#texture"},
				"down": {"uv": [15, 3, 13, 4], "texture": "#texture"}
			}
		},
		{
			"from": [13, 2, 15],
			"to": [15, 3, 16],
			"rotation": {"angle": 0, "axis": "y", "origin": [21, 10, 23]},
			"faces": {
				"east": {"uv": [13, 13, 14, 14], "texture": "#texture"},
				"south": {"uv": [15, 12, 13, 13], "texture": "#texture"},
				"west": {"uv": [1, 13, 2, 14], "texture": "#texture"},
				"up": {"uv": [15, 4, 13, 5], "texture": "#texture"},
				"down": {"uv": [15, 4, 13, 5], "texture": "#texture"}
			}
		},
		{
			"from": [13, 10, 14],
			"to": [15, 14, 15],
			"rotation": {"angle": 0, "axis": "y", "origin": [21, 18, 22]},
			"faces": {
				"north": {"uv": [1, 2, 3, 6], "texture": "#texture"},
				"east": {"uv": [13, 2, 14, 6], "texture": "#texture"},
				"south": {"uv": [15, 2, 13, 6], "texture": "#texture"},
				"west": {"uv": [2, 2, 3, 6], "texture": "#texture"},
				"up": {"uv": [3, 2, 1, 3], "texture": "#texture"},
				"down": {"uv": [15, 3, 13, 4], "texture": "#texture"}
			}
		},
		{
			"from": [13, 13, 15],
			"to": [15, 14, 16],
			"rotation": {"angle": 0, "axis": "y", "origin": [21, 21, 23]},
			"faces": {
				"east": {"uv": [13, 2, 14, 3], "texture": "#texture"},
				"south": {"uv": [15, 3, 13, 4], "texture": "#texture"},
				"west": {"uv": [2, 2, 3, 3], "texture": "#texture"},
				"up": {"uv": [3, 3, 1, 4], "texture": "#texture"},
				"down": {"uv": [15, 3, 13, 4], "texture": "#texture"}
			}
		},
		{
			"from": [13, 10, 15],
			"to": [15, 11, 16],
			"rotation": {"angle": 0, "axis": "y", "origin": [21, 18, 23]},
			"faces": {
				"east": {"uv": [13, 5, 14, 6], "texture": "#texture"},
				"south": {"uv": [15, 4, 13, 5], "texture": "#texture"},
				"west": {"uv": [2, 5, 3, 6], "texture": "#texture"},
				"up": {"uv": [15, 4, 13, 5], "texture": "#texture"},
				"down": {"uv": [15, 4, 13, 5], "texture": "#texture"}
			}
		}
	],
	"groups": [
		{
			"name": "bars",
			"origin": [10, 19, 22],
			"children": [0, 1]
		},
		{
			"name": "hold",
			"origin": [9, 18, 22],
			"children": [2, 3, 4]
		},
		{
			"name": "hold",
			"origin": [9, 18, 22],
			"children": [5, 6, 7]
		},
		{
			"name": "hold",
			"origin": [9, 18, 22],
			"children": [8, 9, 10]
		},
		{
			"name": "hold",
			"origin": [9, 18, 22],
			"children": [11, 12, 13]
		}
	]
}
