{
	"ambientocclusion": false,
	"textures": {
		"rail_bottom": "block/rail_bottom",
		"rail": "block/rail",
		"particle": "block/activator_rail",
		"activator_rail": "block/activator_rail"
	},
	"elements": [
		{
			"name": "rail_2",
			"from": [12, 8, 3],
			"to": [14, 10, 14],
			"rotation": {"angle": 45, "axis": "x", "origin": [8, 9, 8], "rescale": true},
			"faces": {
				"east": {"uv": [12, 3, 14, 14], "rotation": 90, "texture": "#rail"},
				"west": {"uv": [12, 3, 14, 14], "rotation": 270, "texture": "#rail"},
				"up": {"uv": [12, 3, 14, 14], "texture": "#activator_rail"},
				"down": {"uv": [12, 14, 14, 3], "texture": "#rail_bottom"}
			}
		},
		{
			"name": "rail_1",
			"from": [12, 8, 0],
			"to": [14, 10, 2],
			"rotation": {"angle": 45, "axis": "x", "origin": [8, 9, 8], "rescale": true},
			"faces": {
				"north": {"uv": [14, 0, 12, 2], "texture": "#activator_rail"},
				"east": {"uv": [12, 0, 14, 2], "rotation": 90, "texture": "#rail"},
				"west": {"uv": [12, 0, 14, 2], "rotation": 270, "texture": "#activator_rail"},
				"up": {"uv": [12, 0, 14, 2], "texture": "#activator_rail"},
				"down": {"uv": [12, 2, 14, 0], "texture": "#rail_bottom"}
			}
		},
		{
			"name": "rail_2",
			"from": [12, 8, 15],
			"to": [14, 10, 16],
			"rotation": {"angle": 45, "axis": "x", "origin": [8, 9, 8], "rescale": true},
			"faces": {
				"east": {"uv": [12, 15, 14, 16], "rotation": 90, "texture": "#rail"},
				"south": {"uv": [12, 14, 14, 16], "texture": "#rail"},
				"west": {"uv": [12, 15, 14, 16], "rotation": 270, "texture": "#activator_rail"},
				"up": {"uv": [12, 15, 14, 16], "texture": "#activator_rail"},
				"down": {"uv": [12, 16, 14, 15], "texture": "#rail_bottom"}
			}
		},
		{
			"name": "rail_3",
			"from": [12, 8, 14],
			"to": [14, 10, 15],
			"rotation": {"angle": 45, "axis": "x", "origin": [8, 9, 8], "rescale": true},
			"faces": {
				"east": {"uv": [12, 14, 14, 15], "rotation": 90, "texture": "#rail"},
				"west": {"uv": [11, 14, 13, 15], "rotation": 270, "texture": "#activator_rail"},
				"up": {"uv": [12, 14, 14, 15], "texture": "#activator_rail"},
				"down": {"uv": [12, 15, 14, 14], "texture": "#rail_bottom"}
			}
		},
		{
			"name": "rail_4",
			"from": [12, 8, 2],
			"to": [14, 10, 3],
			"rotation": {"angle": 45, "axis": "x", "origin": [8, 9, 8], "rescale": true},
			"faces": {
				"east": {"uv": [12, 2, 14, 3], "rotation": 90, "texture": "#rail"},
				"west": {"uv": [11, 2, 13, 3], "rotation": 270, "texture": "#activator_rail"},
				"up": {"uv": [12, 2, 14, 3], "texture": "#activator_rail"},
				"down": {"uv": [12, 3, 14, 2], "texture": "#rail_bottom"}
			}
		},
		{
			"name": "rail_3",
			"from": [2, 8, 3],
			"to": [4, 10, 14],
			"rotation": {"angle": 45, "axis": "x", "origin": [8, 9, 8], "rescale": true},
			"faces": {
				"east": {"uv": [2, 3, 4, 14], "rotation": 90, "texture": "#rail"},
				"west": {"uv": [2, 3, 4, 14], "rotation": 270, "texture": "#rail"},
				"up": {"uv": [2, 3, 4, 14], "texture": "#activator_rail"},
				"down": {"uv": [2, 14, 4, 3], "texture": "#rail_bottom"}
			}
		},
		{
			"name": "rail_2",
			"from": [2, 8, 0],
			"to": [4, 10, 2],
			"rotation": {"angle": 45, "axis": "x", "origin": [8, 9, 8], "rescale": true},
			"faces": {
				"north": {"uv": [4, 0, 2, 2], "texture": "#activator_rail"},
				"east": {"uv": [2, 0, 4, 2], "rotation": 90, "texture": "#rail"},
				"west": {"uv": [2, 0, 4, 2], "rotation": 270, "texture": "#activator_rail"},
				"up": {"uv": [2, 0, 4, 2], "texture": "#activator_rail"},
				"down": {"uv": [2, 2, 4, 0], "texture": "#rail_bottom"}
			}
		},
		{
			"name": "rail_3",
			"from": [2, 8, 15],
			"to": [4, 10, 16],
			"rotation": {"angle": 45, "axis": "x", "origin": [8, 9, 8], "rescale": true},
			"faces": {
				"east": {"uv": [2, 15, 4, 16], "rotation": 90, "texture": "#rail"},
				"south": {"uv": [2, 14, 4, 16], "texture": "#rail"},
				"west": {"uv": [2, 15, 4, 16], "rotation": 270, "texture": "#activator_rail"},
				"up": {"uv": [2, 15, 4, 16], "texture": "#activator_rail"},
				"down": {"uv": [2, 16, 4, 15], "texture": "#rail_bottom"}
			}
		},
		{
			"name": "rail_4",
			"from": [2, 8, 14],
			"to": [4, 10, 15],
			"rotation": {"angle": 45, "axis": "x", "origin": [8, 9, 8], "rescale": true},
			"faces": {
				"east": {"uv": [3, 14, 5, 15], "rotation": 90, "texture": "#activator_rail"},
				"west": {"uv": [2, 14, 4, 15], "rotation": 270, "texture": "#rail"},
				"up": {"uv": [2, 14, 4, 15], "texture": "#activator_rail"},
				"down": {"uv": [12, 15, 14, 14], "texture": "#rail_bottom"}
			}
		},
		{
			"name": "rail_5",
			"from": [2, 8, 2],
			"to": [4, 10, 3],
			"rotation": {"angle": 45, "axis": "x", "origin": [8, 9, 8], "rescale": true},
			"faces": {
				"east": {"uv": [3, 2, 5, 3], "rotation": 90, "texture": "#activator_rail"},
				"west": {"uv": [2, 2, 4, 3], "rotation": 270, "texture": "#rail"},
				"up": {"uv": [2, 2, 4, 3], "texture": "#activator_rail"},
				"down": {"uv": [2, 3, 4, 2], "texture": "#rail_bottom"}
			}
		},
		{
			"name": "rail_2",
			"from": [1, 8, 1],
			"to": [2, 9, 4],
			"rotation": {"angle": 45, "axis": "x", "origin": [8, 9, 8], "rescale": true},
			"faces": {
				"north": {"uv": [2, 1, 1, 2], "texture": "#activator_rail"},
				"south": {"uv": [1, 3, 2, 4], "texture": "#activator_rail"},
				"west": {"uv": [1, 1, 2, 4], "rotation": 270, "texture": "#activator_rail"},
				"up": {"uv": [1, 1, 2, 4], "texture": "#activator_rail"},
				"down": {"uv": [1, 4, 2, 1], "texture": "#rail_bottom"}
			}
		},
		{
			"name": "rail_3",
			"from": [4, 8, 1],
			"to": [12, 9, 4],
			"rotation": {"angle": 45, "axis": "x", "origin": [8, 9, 8], "rescale": true},
			"faces": {
				"north": {"uv": [12, 1, 4, 2], "texture": "#rail"},
				"south": {"uv": [4, 3, 12, 4], "texture": "#rail"},
				"up": {"uv": [4, 1, 12, 4], "texture": "#activator_rail"},
				"down": {"uv": [4, 4, 12, 1], "texture": "#rail_bottom"}
			}
		},
		{
			"name": "rail_4",
			"from": [14, 8, 1],
			"to": [15, 9, 4],
			"rotation": {"angle": 45, "axis": "x", "origin": [8, 9, 8], "rescale": true},
			"faces": {
				"north": {"uv": [15, 1, 14, 2], "texture": "#activator_rail"},
				"east": {"uv": [14, 1, 15, 4], "rotation": 90, "texture": "#activator_rail"},
				"south": {"uv": [14, 3, 15, 4], "texture": "#activator_rail"},
				"up": {"uv": [14, 1, 15, 4], "texture": "#activator_rail"},
				"down": {"uv": [14, 4, 15, 1], "texture": "#rail_bottom"}
			}
		},
		{
			"name": "rail_5",
			"from": [1, 8, 5],
			"to": [2, 9, 8],
			"rotation": {"angle": 45, "axis": "x", "origin": [8, 9, 8], "rescale": true},
			"faces": {
				"north": {"uv": [2, 5, 1, 6], "texture": "#activator_rail"},
				"south": {"uv": [1, 7, 2, 8], "texture": "#activator_rail"},
				"west": {"uv": [1, 5, 2, 8], "rotation": 270, "texture": "#activator_rail"},
				"up": {"uv": [1, 5, 2, 8], "texture": "#activator_rail"},
				"down": {"uv": [1, 8, 2, 5], "texture": "#rail_bottom"}
			}
		},
		{
			"name": "rail_6",
			"from": [4, 8, 5],
			"to": [12, 9, 8],
			"rotation": {"angle": 45, "axis": "x", "origin": [8, 9, 8], "rescale": true},
			"faces": {
				"north": {"uv": [12, 5, 4, 6], "texture": "#rail"},
				"south": {"uv": [4, 7, 12, 8], "texture": "#rail"},
				"up": {"uv": [4, 5, 12, 8], "texture": "#activator_rail"},
				"down": {"uv": [4, 8, 12, 5], "texture": "#rail_bottom"}
			}
		},
		{
			"name": "rail_7",
			"from": [14, 8, 5],
			"to": [15, 9, 8],
			"rotation": {"angle": 45, "axis": "x", "origin": [8, 9, 8], "rescale": true},
			"faces": {
				"north": {"uv": [15, 5, 14, 6], "texture": "#activator_rail"},
				"east": {"uv": [14, 5, 15, 8], "rotation": 90, "texture": "#activator_rail"},
				"south": {"uv": [14, 7, 15, 8], "texture": "#activator_rail"},
				"up": {"uv": [14, 5, 15, 8], "texture": "#activator_rail"},
				"down": {"uv": [14, 8, 15, 5], "texture": "#rail_bottom"}
			}
		},
		{
			"name": "rail_8",
			"from": [1, 8, 9],
			"to": [2, 9, 12],
			"rotation": {"angle": 45, "axis": "x", "origin": [8, 9, 8], "rescale": true},
			"faces": {
				"north": {"uv": [2, 9, 1, 10], "texture": "#activator_rail"},
				"south": {"uv": [1, 11, 2, 12], "texture": "#activator_rail"},
				"west": {"uv": [1, 9, 2, 12], "rotation": 270, "texture": "#activator_rail"},
				"up": {"uv": [1, 9, 2, 12], "texture": "#activator_rail"},
				"down": {"uv": [1, 12, 2, 9], "texture": "#rail_bottom"}
			}
		},
		{
			"name": "rail_9",
			"from": [4, 8, 9],
			"to": [12, 9, 12],
			"rotation": {"angle": 45, "axis": "x", "origin": [8, 9, 8], "rescale": true},
			"faces": {
				"north": {"uv": [12, 9, 4, 10], "texture": "#rail"},
				"south": {"uv": [4, 11, 12, 12], "texture": "#rail"},
				"up": {"uv": [4, 9, 12, 12], "texture": "#activator_rail"},
				"down": {"uv": [4, 12, 12, 9], "texture": "#rail_bottom"}
			}
		},
		{
			"name": "rail_10",
			"from": [14, 8, 9],
			"to": [15, 9, 12],
			"rotation": {"angle": 45, "axis": "x", "origin": [8, 9, 8], "rescale": true},
			"faces": {
				"north": {"uv": [15, 9, 14, 10], "texture": "#activator_rail"},
				"east": {"uv": [14, 9, 15, 12], "rotation": 90, "texture": "#activator_rail"},
				"south": {"uv": [14, 11, 15, 12], "texture": "#activator_rail"},
				"up": {"uv": [14, 9, 15, 12], "texture": "#activator_rail"},
				"down": {"uv": [14, 12, 15, 9], "texture": "#rail_bottom"}
			}
		},
		{
			"name": "rail_11",
			"from": [1, 8, 13],
			"to": [2, 9, 16],
			"rotation": {"angle": 45, "axis": "x", "origin": [8, 9, 8], "rescale": true},
			"faces": {
				"north": {"uv": [2, 13, 1, 14], "texture": "#activator_rail"},
				"south": {"uv": [1, 15, 2, 16], "texture": "#activator_rail"},
				"west": {"uv": [1, 13, 2, 16], "rotation": 270, "texture": "#activator_rail"},
				"up": {"uv": [1, 13, 2, 16], "texture": "#activator_rail"},
				"down": {"uv": [1, 16, 2, 13], "texture": "#rail_bottom"}
			}
		},
		{
			"name": "rail_12",
			"from": [4, 8, 13],
			"to": [12, 9, 16],
			"rotation": {"angle": 45, "axis": "x", "origin": [8, 9, 8], "rescale": true},
			"faces": {
				"north": {"uv": [12, 13, 4, 14], "texture": "#rail"},
				"south": {"uv": [4, 15, 12, 16], "texture": "#rail"},
				"up": {"uv": [4, 13, 12, 16], "texture": "#activator_rail"},
				"down": {"uv": [4, 16, 12, 13], "texture": "#rail_bottom"}
			}
		},
		{
			"name": "rail_13",
			"from": [14, 8, 13],
			"to": [15, 9, 16],
			"rotation": {"angle": 45, "axis": "x", "origin": [8, 9, 8], "rescale": true},
			"faces": {
				"north": {"uv": [15, 13, 14, 14], "texture": "#activator_rail"},
				"east": {"uv": [14, 13, 15, 16], "rotation": 90, "texture": "#activator_rail"},
				"south": {"uv": [14, 15, 15, 16], "texture": "#activator_rail"},
				"up": {"uv": [14, 13, 15, 16], "texture": "#activator_rail"},
				"down": {"uv": [14, 16, 15, 13], "texture": "#rail_bottom"}
			}
		},
		{
			"from": [6, 9, 13],
			"to": [10, 10, 16],
			"rotation": {"angle": 45, "axis": "x", "origin": [8, 9, 8], "rescale": true},
			"faces": {
				"north": {"uv": [6, 13, 10, 14], "texture": "#activator_rail"},
				"east": {"uv": [9, 13, 10, 16], "rotation": 90, "texture": "#activator_rail"},
				"south": {"uv": [6, 15, 10, 16], "texture": "#activator_rail"},
				"west": {"uv": [6, 13, 7, 16], "rotation": 90, "texture": "#activator_rail"},
				"up": {"uv": [6, 13, 10, 16], "texture": "#activator_rail"}
			}
		},
		{
			"from": [6, 9, 1],
			"to": [10, 10, 4],
			"rotation": {"angle": 45, "axis": "x", "origin": [8, 9, 8], "rescale": true},
			"faces": {
				"north": {"uv": [6, 1, 10, 2], "texture": "#activator_rail"},
				"east": {"uv": [9, 1, 10, 4], "rotation": 90, "texture": "#activator_rail"},
				"south": {"uv": [6, 3, 10, 4], "texture": "#activator_rail"},
				"west": {"uv": [6, 1, 7, 4], "rotation": 90, "texture": "#activator_rail"},
				"up": {"uv": [6, 1, 10, 4], "texture": "#activator_rail"}
			}
		}
	],
	"groups": [
		{
			"name": "rail",
			"origin": [8, 8, 8],
			"children": [
				{
					"name": "group",
					"origin": [8, 8, 8],
					"children": [0, 1, 2, 3, 4]
				},
				{
					"name": "group",
					"origin": [8, 8, 8],
					"children": [5, 6, 7, 8, 9]
				}, 10, 11, 12, 13, 14, 15, 16, 17, 18, 19, 20, 21, 22, 23]
		}
	]
}
