{
	"parent": "cube_bottom_top",
	"textures": {
		"0": "block/barrel_bottom",
		"1": "block/barrel_side",
		"3": "block/barrel_top_open",
		"4": "block/barrel_inside",
		"particle": "block/barrel_bottom"
	},
	"elements": [
		{
			"from": [0, 0, 0],
			"to": [16, 16, 1],
			"faces": {
				"north": {"uv": [0, 0, 16, 16], "rotation": 180, "texture": "#1"},
				"east": {"uv": [15, 0, 16, 16], "texture": "#1"},
				"south": {"uv": [0, 0, 16, 16], "texture": "#4"},
				"west": {"uv": [0, 0, 1, 16], "texture": "#1"},
				"up": {"uv": [0, 15, 16, 16], "rotation": 180, "texture": "#3"},
				"down": {"uv": [0, 15, 16, 16], "texture": "#0"}
			}
		},
		{
			"from": [0, 0, 15],
			"to": [16, 16, 16],
			"faces": {
				"north": {"uv": [0, 0, 16, 16], "rotation": 180, "texture": "#4"},
				"east": {"uv": [0, 0, 1, 16], "texture": "#1"},
				"south": {"uv": [0, 0, 16, 16], "texture": "#1"},
				"west": {"uv": [15, 0, 16, 16], "texture": "#1"},
				"up": {"uv": [0, 0, 16, 1], "rotation": 180, "texture": "#3"},
				"down": {"uv": [0, 0, 16, 1], "texture": "#0"}
			}
		},
		{
			"from": [0, 0, 1],
			"to": [1, 16, 15],
			"faces": {
				"north": {"uv": [0, 0, 1, 16], "rotation": 180, "texture": "#missing"},
				"east": {"uv": [1, 0, 15, 16], "texture": "#4"},
				"south": {"uv": [0, 0, 1, 16], "texture": "#missing"},
				"west": {"uv": [1, 0, 15, 16], "texture": "#1"},
				"up": {"uv": [15, 1, 16, 15], "rotation": 180, "texture": "#3"},
				"down": {"uv": [0, 1, 1, 15], "texture": "#0"}
			}
		},
		{
			"from": [15, 0, 1],
			"to": [16, 16, 15],
			"faces": {
				"north": {"uv": [0, 0, 1, 16], "rotation": 180, "texture": "#missing"},
				"east": {"uv": [1, 0, 15, 16], "texture": "#1"},
				"south": {"uv": [0, 0, 1, 16], "texture": "#missing"},
				"west": {"uv": [1, 0, 15, 16], "texture": "#4"},
				"up": {"uv": [0, 1, 1, 15], "rotation": 180, "texture": "#3"},
				"down": {"uv": [15, 1, 16, 15], "texture": "#0"}
			}
		},
		{
			"from": [1, 0, 1],
			"to": [15, 1, 15],
			"faces": {
				"north": {"uv": [0, 0, 14, 1], "rotation": 180, "texture": "#missing"},
				"east": {"uv": [0, 0, 1, 14], "rotation": 270, "texture": "#missing"},
				"south": {"uv": [0, 0, 14, 1], "texture": "#missing"},
				"west": {"uv": [0, 0, 1, 14], "rotation": 90, "texture": "#missing"},
				"up": {"uv": [1, 1, 15, 15], "rotation": 180, "texture": "#3"},
				"down": {"uv": [1, 1, 15, 15], "texture": "#0"}
			}
		}
	],
	"groups": [
		{
			"name": "group",
			"origin": [8, 8, 8],
			"children": [0, 1, 2, 3, 4]
		}
	]
}
