{
	"textures": {
		"particle": "block/barrel_bottom",
		"bottom": "block/barrel_bottom",
		"side": "block/barrel_side",
		"top": "block/barrel_top_open",
		"inside": "block/barrel_inside"
	},
	"elements": [
		{
			"from": [0, 0, 0],
			"to": [16, 16, 1],
			"faces": {
				"north": {"uv": [0, 0, 16, 16], "rotation": 180, "texture": "#side"},
				"east": {"uv": [15, 0, 16, 16], "texture": "#side"},
				"south": {"uv": [0, 0, 16, 16], "texture": "#inside"},
				"west": {"uv": [0, 0, 1, 16], "texture": "#side"},
				"up": {"uv": [0, 15, 16, 16], "rotation": 180, "texture": "#top"},
				"down": {"uv": [0, 15, 16, 16], "texture": "#bottom"}
			}
		},
		{
			"from": [0, 0, 15],
			"to": [16, 16, 16],
			"faces": {
				"north": {"uv": [0, 0, 16, 16], "rotation": 180, "texture": "#inside"},
				"east": {"uv": [0, 0, 1, 16], "texture": "#side"},
				"south": {"uv": [0, 0, 16, 16], "texture": "#side"},
				"west": {"uv": [15, 0, 16, 16], "texture": "#side"},
				"up": {"uv": [0, 0, 16, 1], "rotation": 180, "texture": "#top"},
				"down": {"uv": [0, 0, 16, 1], "texture": "#bottom"}
			}
		},
		{
			"from": [0, 0, 1],
			"to": [1, 16, 15],
			"faces": {
				"east": {"uv": [1, 0, 15, 16], "texture": "#inside"},
				"west": {"uv": [1, 0, 15, 16], "texture": "#side"},
				"up": {"uv": [15, 1, 16, 15], "rotation": 180, "texture": "#top"},
				"down": {"uv": [0, 1, 1, 15], "texture": "#bottom"}
			}
		},
		{
			"from": [15, 0, 1],
			"to": [16, 16, 15],
			"faces": {
				"east": {"uv": [1, 0, 15, 16], "texture": "#side"},
				"west": {"uv": [1, 0, 15, 16], "texture": "#inside"},
				"up": {"uv": [0, 1, 1, 15], "rotation": 180, "texture": "#top"},
				"down": {"uv": [15, 1, 16, 15], "texture": "#bottom"}
			}
		},
		{
			"from": [1, 0, 1],
			"to": [15, 1, 15],
			"faces": {
				"up": {"uv": [1, 1, 15, 15], "rotation": 180, "texture": "#top"},
				"down": {"uv": [1, 1, 15, 15], "texture": "#bottom"}
			}
		}
	],
	"groups": [
		{
			"name": "group",
			"origin": [8, 8, 8],
			"children": [0, 1, 2, 3, 4]
		}
	]
}