{
	"parent": "minecraft:block/cube_column",
	"textures": {
		"end": "block/bookshelf_top",
		"side": "block/bookshelf"
	},
	"elements": [
		{
			"from": [0, 0, 0],
			"to": [16, 1, 16],
			"faces": {
				"north": {"uv": [0, 15, 16, 16], "texture": "#side"},
				"east": {"uv": [0, 15, 16, 16], "texture": "#side"},
				"south": {"uv": [0, 15, 16, 16], "texture": "#side"},
				"west": {"uv": [0, 15, 16, 16], "texture": "#side"},
				"up": {"uv": [0, 0, 16, 16], "texture": "#end"},
				"down": {"uv": [0, 0, 16, 16], "texture": "#end"}
			}
		},
		{
			"from": [0, 7, 0],
			"to": [16, 9, 16],
			"rotation": {"angle": 0, "axis": "y", "origin": [8, 15, 8]},
			"faces": {
				"north": {"uv": [0, 7, 16, 9], "texture": "#side"},
				"east": {"uv": [0, 7, 16, 9], "texture": "#side"},
				"south": {"uv": [0, 7, 16, 9], "texture": "#side"},
				"west": {"uv": [0, 7, 16, 9], "texture": "#side"},
				"up": {"uv": [0, 0, 16, 16], "texture": "#end"},
				"down": {"uv": [0, 0, 16, 16], "texture": "#end"}
			}
		},
		{
			"from": [0, 15, 0],
			"to": [16, 16, 16],
			"rotation": {"angle": 0, "axis": "y", "origin": [8, 23, 8]},
			"faces": {
				"north": {"uv": [0, 0, 16, 1], "texture": "#side"},
				"east": {"uv": [0, 0, 16, 1], "texture": "#side"},
				"south": {"uv": [0, 0, 16, 1], "texture": "#side"},
				"west": {"uv": [0, 0, 16, 1], "texture": "#side"},
				"up": {"uv": [0, 0, 16, 16], "texture": "#end"},
				"down": {"uv": [0, 0, 16, 16], "texture": "#end"}
			}
		},
		{
			"from": [0, 9, 15],
			"to": [1, 15, 16],
			"rotation": {"angle": 0, "axis": "y", "origin": [8, 17, 23]},
			"faces": {
				"north": {"uv": [15, 1, 16, 7], "texture": "#side"},
				"east": {"uv": [0, 1, 1, 7], "texture": "#side"},
				"south": {"uv": [0, 1, 1, 7], "texture": "#side"},
				"west": {"uv": [15, 1, 16, 7], "texture": "#side"}
			}
		},
		{
			"from": [0, 1, 15],
			"to": [1, 7, 16],
			"rotation": {"angle": 0, "axis": "y", "origin": [8, 9, 23]},
			"faces": {
				"north": {"uv": [15, 9, 16, 15], "texture": "#side"},
				"east": {"uv": [0, 9, 1, 15], "texture": "#side"},
				"south": {"uv": [0, 9, 1, 15], "texture": "#side"},
				"west": {"uv": [15, 9, 16, 15], "texture": "#side"}
			}
		},
		{
			"from": [15, 9, 15],
			"to": [16, 15, 16],
			"rotation": {"angle": 0, "axis": "y", "origin": [23, 17, 23]},
			"faces": {
				"north": {"uv": [0, 1, 1, 7], "texture": "#side"},
				"east": {"uv": [0, 1, 1, 7], "texture": "#side"},
				"south": {"uv": [15, 1, 16, 7], "texture": "#side"},
				"west": {"uv": [15, 1, 16, 7], "texture": "#side"}
			}
		},
		{
			"from": [15, 1, 15],
			"to": [16, 7, 16],
			"rotation": {"angle": 0, "axis": "y", "origin": [23, 9, 23]},
			"faces": {
				"north": {"uv": [0, 9, 1, 15], "texture": "#side"},
				"east": {"uv": [0, 9, 1, 15], "texture": "#side"},
				"south": {"uv": [15, 9, 16, 15], "texture": "#side"},
				"west": {"uv": [15, 9, 16, 15], "texture": "#side"}
			}
		},
		{
			"from": [15, 9, 0],
			"to": [16, 15, 1],
			"rotation": {"angle": 0, "axis": "y", "origin": [23, 17, 8]},
			"faces": {
				"north": {"uv": [0, 1, 1, 7], "texture": "#side"},
				"east": {"uv": [15, 1, 16, 7], "texture": "#side"},
				"south": {"uv": [15, 1, 16, 7], "texture": "#side"},
				"west": {"uv": [0, 1, 1, 7], "texture": "#side"}
			}
		},
		{
			"from": [15, 1, 0],
			"to": [16, 7, 1],
			"rotation": {"angle": 0, "axis": "y", "origin": [23, 9, 8]},
			"faces": {
				"north": {"uv": [0, 9, 1, 15], "texture": "#side"},
				"east": {"uv": [15, 9, 16, 15], "texture": "#side"},
				"south": {"uv": [15, 9, 16, 15], "texture": "#side"},
				"west": {"uv": [0, 9, 1, 15], "texture": "#side"}
			}
		},
		{
			"from": [0, 9, 0],
			"to": [1, 15, 1],
			"rotation": {"angle": 0, "axis": "y", "origin": [8, 17, 8]},
			"faces": {
				"north": {"uv": [15, 1, 16, 7], "texture": "#side"},
				"east": {"uv": [15, 1, 16, 7], "texture": "#side"},
				"south": {"uv": [0, 1, 1, 7], "texture": "#side"},
				"west": {"uv": [0, 1, 1, 7], "texture": "#side"}
			}
		},
		{
			"from": [0, 1, 0],
			"to": [1, 7, 1],
			"rotation": {"angle": 0, "axis": "y", "origin": [8, 9, 8]},
			"faces": {
				"north": {"uv": [15, 9, 16, 15], "texture": "#side"},
				"east": {"uv": [15, 9, 16, 15], "texture": "#side"},
				"south": {"uv": [0, 9, 1, 15], "texture": "#side"},
				"west": {"uv": [0, 9, 1, 15], "texture": "#side"}
			}
		},
		{
			"name": "books",
			"from": [1, 1, 1],
			"to": [15, 15, 15],
			"rotation": {"angle": 0, "axis": "y", "origin": [8, 9, 9]},
			"faces": {
				"north": {"uv": [1, 1, 15, 15], "texture": "#side"},
				"east": {"uv": [1, 1, 15, 15], "texture": "#side"},
				"south": {"uv": [1, 1, 15, 15], "texture": "#side"},
				"west": {"uv": [1, 1, 15, 15], "texture": "#side"}
			}
		}
	],
	"groups": [0, 1, 2,
		{
			"name": "group",
			"origin": [8, 8, 8],
			"children": [
				{
					"name": "group",
					"origin": [8, 9, 8],
					"children": []
				},
				{
					"name": "group",
					"origin": [8, 9, 8],
					"children": []
				},
				{
					"name": "group",
					"origin": [8, 9, 8],
					"children": []
				},
				{
					"name": "group",
					"origin": [8, 9, 8],
					"children": []
				},
				{
					"name": "group",
					"origin": [8, 9, 8],
					"children": []
				},
				{
					"name": "group",
					"origin": [8, 9, 8],
					"children": []
				},
				{
					"name": "group",
					"origin": [8, 9, 8],
					"children": []
				},
				{
					"name": "group",
					"origin": [8, 9, 8],
					"children": [3, 4]
				}
			]
		},
		{
			"name": "group",
			"origin": [8, 8, 8],
			"children": [
				{
					"name": "group",
					"origin": [8, 9, 8],
					"children": [5, 6]
				},
				{
					"name": "group",
					"origin": [8, 9, 8],
					"children": []
				},
				{
					"name": "group",
					"origin": [8, 9, 8],
					"children": []
				},
				{
					"name": "group",
					"origin": [8, 9, 8],
					"children": []
				},
				{
					"name": "group",
					"origin": [8, 9, 8],
					"children": []
				},
				{
					"name": "group",
					"origin": [8, 9, 8],
					"children": []
				},
				{
					"name": "group",
					"origin": [8, 9, 8],
					"children": []
				},
				{
					"name": "group",
					"origin": [8, 9, 8],
					"children": []
				}
			]
		},
		{
			"name": "group",
			"origin": [8, 8, 8],
			"children": [
				{
					"name": "group",
					"origin": [8, 9, 8],
					"children": [7, 8]
				},
				{
					"name": "group",
					"origin": [8, 9, 8],
					"children": []
				},
				{
					"name": "group",
					"origin": [8, 9, 8],
					"children": []
				},
				{
					"name": "group",
					"origin": [8, 9, 8],
					"children": []
				},
				{
					"name": "group",
					"origin": [8, 9, 8],
					"children": []
				},
				{
					"name": "group",
					"origin": [8, 9, 8],
					"children": []
				},
				{
					"name": "group",
					"origin": [8, 9, 8],
					"children": []
				},
				{
					"name": "group",
					"origin": [8, 9, 8],
					"children": []
				}
			]
		},
		{
			"name": "group",
			"origin": [8, 8, 8],
			"children": [
				{
					"name": "group",
					"origin": [8, 9, 8],
					"children": [9, 10]
				},
				{
					"name": "group",
					"origin": [8, 9, 8],
					"children": []
				},
				{
					"name": "group",
					"origin": [8, 9, 8],
					"children": []
				},
				{
					"name": "group",
					"origin": [8, 9, 8],
					"children": []
				},
				{
					"name": "group",
					"origin": [8, 9, 8],
					"children": []
				},
				{
					"name": "group",
					"origin": [8, 9, 8],
					"children": []
				},
				{
					"name": "group",
					"origin": [8, 9, 8],
					"children": []
				}
			]
		}, 11]
}