{
	"parent": "minecraft:block/cube_column",
	"textures": {
		"2": "block/cartography_table_top",
		"end": "block/bookshelf_top",
		"side": "block/bookshelf",
		"particle": "block/cartography_table_top"
	},
	"elements": [
		{
			"from": [0, 0, 0],
			"to": [16, 1, 16],
			"faces": {
				"north": {"uv": [0, 15, 16, 16], "texture": "#side"},
				"east": {"uv": [0, 15, 16, 16], "texture": "#side"},
				"south": {"uv": [0, 15, 16, 16], "texture": "#side"},
				"west": {"uv": [0, 15, 16, 16], "texture": "#side"},
				"up": {"uv": [0, 0, 16, 16], "texture": "#end"},
				"down": {"uv": [0, 0, 16, 16], "texture": "#end"}
			}
		},
		{
			"from": [0, 7, 0],
			"to": [16, 9, 16],
			"rotation": {"angle": 0, "axis": "y", "origin": [8, 15, 8]},
			"faces": {
				"north": {"uv": [0, 7, 16, 9], "texture": "#side"},
				"east": {"uv": [0, 7, 16, 9], "texture": "#side"},
				"south": {"uv": [0, 7, 16, 9], "texture": "#side"},
				"west": {"uv": [0, 7, 16, 9], "texture": "#side"},
				"up": {"uv": [0, 0, 16, 16], "texture": "#end"},
				"down": {"uv": [0, 0, 16, 16], "texture": "#end"}
			}
		},
		{
			"from": [0, 15, 0],
			"to": [16, 16, 16],
			"rotation": {"angle": 0, "axis": "y", "origin": [8, 23, 8]},
			"faces": {
				"north": {"uv": [0, 0, 16, 1], "texture": "#side"},
				"east": {"uv": [0, 0, 16, 1], "texture": "#side"},
				"south": {"uv": [0, 0, 16, 1], "texture": "#side"},
				"west": {"uv": [0, 0, 16, 1], "texture": "#side"},
				"up": {"uv": [0, 0, 16, 16], "texture": "#end"},
				"down": {"uv": [0, 0, 16, 16], "texture": "#end"}
			}
		},
		{
			"from": [0, 9, 15],
			"to": [1, 15, 16],
			"rotation": {"angle": 0, "axis": "y", "origin": [8, 17, 23]},
			"faces": {
				"north": {"uv": [15, 1, 16, 7], "texture": "#side"},
				"east": {"uv": [0, 1, 1, 7], "texture": "#side"},
				"south": {"uv": [0, 1, 1, 7], "texture": "#side"},
				"west": {"uv": [15, 1, 16, 7], "texture": "#side"}
			}
		},
		{
			"from": [0, 1, 15],
			"to": [1, 7, 16],
			"rotation": {"angle": 0, "axis": "y", "origin": [8, 9, 23]},
			"faces": {
				"north": {"uv": [15, 9, 16, 15], "texture": "#side"},
				"east": {"uv": [0, 9, 1, 15], "texture": "#side"},
				"south": {"uv": [0, 9, 1, 15], "texture": "#side"},
				"west": {"uv": [15, 9, 16, 15], "texture": "#side"}
			}
		},
		{
			"from": [15, 9, 15],
			"to": [16, 15, 16],
			"rotation": {"angle": 0, "axis": "y", "origin": [23, 17, 23]},
			"faces": {
				"north": {"uv": [0, 1, 1, 7], "texture": "#side"},
				"east": {"uv": [0, 1, 1, 7], "texture": "#side"},
				"south": {"uv": [15, 1, 16, 7], "texture": "#side"},
				"west": {"uv": [15, 1, 16, 7], "texture": "#side"}
			}
		},
		{
			"from": [15, 1, 15],
			"to": [16, 7, 16],
			"rotation": {"angle": 0, "axis": "y", "origin": [23, 9, 23]},
			"faces": {
				"north": {"uv": [0, 9, 1, 15], "texture": "#side"},
				"east": {"uv": [0, 9, 1, 15], "texture": "#side"},
				"south": {"uv": [15, 9, 16, 15], "texture": "#side"},
				"west": {"uv": [15, 9, 16, 15], "texture": "#side"}
			}
		},
		{
			"from": [15, 9, 0],
			"to": [16, 15, 1],
			"rotation": {"angle": 0, "axis": "y", "origin": [23, 17, 8]},
			"faces": {
				"north": {"uv": [0, 1, 1, 7], "texture": "#side"},
				"east": {"uv": [15, 1, 16, 7], "texture": "#side"},
				"south": {"uv": [15, 1, 16, 7], "texture": "#side"},
				"west": {"uv": [0, 1, 1, 7], "texture": "#side"}
			}
		},
		{
			"from": [15, 1, 0],
			"to": [16, 7, 1],
			"rotation": {"angle": 0, "axis": "y", "origin": [23, 9, 8]},
			"faces": {
				"north": {"uv": [0, 9, 1, 15], "texture": "#side"},
				"east": {"uv": [15, 9, 16, 15], "texture": "#side"},
				"south": {"uv": [15, 9, 16, 15], "texture": "#side"},
				"west": {"uv": [0, 9, 1, 15], "texture": "#side"}
			}
		},
		{
			"from": [0, 9, 0],
			"to": [1, 15, 1],
			"rotation": {"angle": 0, "axis": "y", "origin": [8, 17, 8]},
			"faces": {
				"north": {"uv": [15, 1, 16, 7], "texture": "#side"},
				"east": {"uv": [15, 1, 16, 7], "texture": "#side"},
				"south": {"uv": [0, 1, 1, 7], "texture": "#side"},
				"west": {"uv": [0, 1, 1, 7], "texture": "#side"}
			}
		},
		{
			"from": [0, 1, 0],
			"to": [1, 7, 1],
			"rotation": {"angle": 0, "axis": "y", "origin": [8, 9, 8]},
			"faces": {
				"north": {"uv": [15, 9, 16, 15], "texture": "#side"},
				"east": {"uv": [15, 9, 16, 15], "texture": "#side"},
				"south": {"uv": [0, 9, 1, 15], "texture": "#side"},
				"west": {"uv": [0, 9, 1, 15], "texture": "#side"}
			}
		},
		{
			"from": [8, 3, 8],
			"to": [14, 4, 12],
			"rotation": {"angle": 0, "axis": "y", "origin": [19, 11, 19]},
			"faces": {
				"north": {"uv": [5, 5, 11, 6], "texture": "#2"},
				"east": {"uv": [6, 6, 10, 7], "texture": "#2"},
				"south": {"uv": [8, 12, 14, 13], "texture": "#side"},
				"west": {"uv": [3, 8, 8, 9], "texture": "#2"},
				"up": {"uv": [8, 12, 14, 13], "texture": "#side"},
				"down": {"uv": [8, 12, 14, 13], "texture": "#side"}
			}
		},
		{
			"from": [9, 1, 8],
			"to": [15, 2, 12],
			"rotation": {"angle": 0, "axis": "y", "origin": [20, 9, 19]},
			"faces": {
				"north": {"uv": [7, 8, 13, 9], "texture": "#2"},
				"east": {"uv": [5, 9, 9, 10], "texture": "#2"},
				"south": {"uv": [9, 14, 15, 15], "texture": "#side"},
				"west": {"uv": [7, 10, 12, 11], "texture": "#2"},
				"up": {"uv": [9, 14, 15, 15], "texture": "#side"}
			}
		},
		{
			"from": [9, 2, 9],
			"to": [15, 3, 13],
			"rotation": {"angle": 0, "axis": "y", "origin": [20, 10, 20]},
			"faces": {
				"north": {"uv": [5, 7, 11, 8], "texture": "#2"},
				"east": {"uv": [5, 7, 9, 8], "texture": "#2"},
				"south": {"uv": [9, 13, 15, 14], "texture": "#side"},
				"west": {"uv": [4, 7, 9, 8], "texture": "#2"},
				"up": {"uv": [9, 13, 15, 14], "texture": "#side"},
				"down": {"uv": [9, 13, 15, 14], "texture": "#side"}
			}
		},
		{
			"from": [6, 1, 9],
			"to": [8, 7, 14],
			"rotation": {"angle": 0, "axis": "y", "origin": [14, 9, 21]},
			"faces": {
				"north": {"uv": [8, 4, 10, 10], "texture": "#2"},
				"east": {"uv": [7, 9, 8, 15], "texture": "#side"},
				"south": {"uv": [6, 9, 8, 15], "texture": "#side"},
				"west": {"uv": [6, 9, 7, 15], "texture": "#side"}
			}
		},
		{
			"from": [4, 1, 11],
			"to": [6, 6, 15],
			"rotation": {"angle": 0, "axis": "y", "origin": [12, 9, 22]},
			"faces": {
				"north": {"uv": [5, 7, 7, 12], "texture": "#2"},
				"east": {"uv": [5, 10, 6, 15], "texture": "#side"},
				"south": {"uv": [4, 10, 6, 15], "texture": "#side"},
				"west": {"uv": [4, 10, 5, 15], "texture": "#side"},
				"up": {"uv": [13, 6, 15, 10], "texture": "#2"}
			}
		},
		{
			"from": [1, 1, 10],
			"to": [3, 6, 14],
			"rotation": {"angle": 0, "axis": "y", "origin": [9, 9, 21]},
			"faces": {
				"north": {"uv": [10, 10, 12, 15], "texture": "#2"},
				"east": {"uv": [2, 10, 3, 15], "texture": "#side"},
				"south": {"uv": [1, 10, 3, 15], "texture": "#side"},
				"west": {"uv": [1, 10, 2, 15], "texture": "#side"},
				"up": {"uv": [4, 9, 6, 13], "texture": "#2"}
			}
		},
		{
			"from": [11, 9, 8],
			"to": [13, 14, 12],
			"rotation": {"angle": 0, "axis": "y", "origin": [19, 17, 19]},
			"faces": {
				"north": {"uv": [5, 4, 7, 9], "texture": "#2"},
				"east": {"uv": [12, 2, 13, 7], "texture": "#side"},
				"south": {"uv": [11, 2, 13, 7], "texture": "#side"},
				"west": {"uv": [11, 2, 12, 7], "texture": "#side"},
				"up": {"uv": [9, 2, 11, 6], "texture": "#2"}
			}
		},
		{
			"from": [7, 9, 10],
			"to": [9, 14, 14],
			"rotation": {"angle": 0, "axis": "y", "origin": [15, 17, 21]},
			"faces": {
				"north": {"uv": [9, 8, 11, 13], "texture": "#2"},
				"east": {"uv": [8, 2, 9, 7], "texture": "#side"},
				"south": {"uv": [7, 2, 9, 7], "texture": "#side"},
				"west": {"uv": [7, 2, 8, 7], "texture": "#side"},
				"up": {"uv": [5, 2, 7, 6], "texture": "#2"}
			}
		},
		{
			"from": [5, 9, 9],
			"to": [7, 14, 13],
			"rotation": {"angle": 0, "axis": "y", "origin": [13, 17, 20]},
			"faces": {
				"north": {"uv": [6, 5, 8, 10], "texture": "#2"},
				"east": {"uv": [6, 2, 7, 7], "texture": "#side"},
				"south": {"uv": [5, 2, 7, 7], "texture": "#side"},
				"west": {"uv": [5, 2, 6, 7], "texture": "#side"},
				"up": {"uv": [1, 6, 3, 10], "texture": "#2"}
			}
		},
		{
			"from": [2, 9, 11],
			"to": [4, 15, 15],
			"rotation": {"angle": -22.5, "axis": "z", "origin": [3, 12, 13]},
			"faces": {
				"north": {"uv": [3, 8, 5, 13], "texture": "#2"},
				"east": {"uv": [8, 12, 14, 13], "rotation": 270, "texture": "#side"},
				"south": {"uv": [8, 12, 14, 13], "rotation": 270, "texture": "#side"},
				"west": {"uv": [8, 12, 14, 13], "rotation": 270, "texture": "#side"},
				"up": {"uv": [1, 6, 3, 10], "texture": "#2"},
				"down": {"uv": [10, 9, 12, 14], "texture": "#2"}
			}
		},
		{
			"from": [9, 9, 10],
			"to": [11, 12, 13],
			"rotation": {"angle": 0, "axis": "y", "origin": [17, 17, 20]},
			"faces": {
				"north": {"uv": [9, 3, 11, 6], "texture": "#2"},
				"east": {"uv": [10, 4, 11, 7], "texture": "#side"},
				"south": {"uv": [9, 4, 11, 7], "texture": "#side"},
				"up": {"uv": [11, 8, 13, 11], "texture": "#2"}
			}
		},
		{
			"from": [2, 3, 4],
			"to": [8, 4, 8],
			"rotation": {"angle": 0, "axis": "y", "origin": [13, 12, 4]},
			"faces": {
				"north": {"uv": [8, 12, 14, 13], "texture": "#side"},
				"east": {"uv": [3, 8, 8, 9], "texture": "#2"},
				"south": {"uv": [5, 5, 11, 6], "texture": "#2"},
				"west": {"uv": [6, 6, 10, 7], "texture": "#2"},
				"up": {"uv": [8, 12, 14, 13], "rotation": 180, "texture": "#side"},
				"down": {"uv": [8, 12, 14, 13], "rotation": 180, "texture": "#side"}
			}
		},
		{
			"from": [1, 1, 4],
			"to": [7, 2, 8],
			"rotation": {"angle": 0, "axis": "y", "origin": [13, 12, 4]},
			"faces": {
				"north": {"uv": [9, 14, 15, 15], "texture": "#side"},
				"east": {"uv": [7, 10, 12, 11], "texture": "#2"},
				"south": {"uv": [7, 8, 13, 9], "texture": "#2"},
				"west": {"uv": [5, 9, 9, 10], "texture": "#2"},
				"up": {"uv": [9, 14, 15, 15], "rotation": 180, "texture": "#side"}
			}
		},
		{
			"from": [1, 2, 3],
			"to": [7, 3, 7],
			"rotation": {"angle": 0, "axis": "y", "origin": [13, 12, 4]},
			"faces": {
				"north": {"uv": [9, 13, 15, 14], "texture": "#side"},
				"east": {"uv": [4, 7, 9, 8], "texture": "#2"},
				"south": {"uv": [5, 7, 11, 8], "texture": "#2"},
				"west": {"uv": [5, 7, 9, 8], "texture": "#2"},
				"up": {"uv": [9, 13, 15, 14], "rotation": 180, "texture": "#side"},
				"down": {"uv": [9, 13, 15, 14], "rotation": 180, "texture": "#side"}
			}
		},
		{
			"from": [8, 1, 2],
			"to": [10, 7, 7],
			"rotation": {"angle": 0, "axis": "y", "origin": [13, 12, 3]},
			"faces": {
				"north": {"uv": [6, 9, 8, 15], "texture": "#side"},
				"east": {"uv": [6, 9, 7, 15], "texture": "#side"},
				"south": {"uv": [8, 4, 10, 10], "texture": "#2"},
				"west": {"uv": [7, 9, 8, 15], "texture": "#side"}
			}
		},
		{
			"from": [10, 1, 1],
			"to": [12, 6, 5],
			"rotation": {"angle": 0, "axis": "y", "origin": [13, 12, 3]},
			"faces": {
				"north": {"uv": [4, 10, 6, 15], "texture": "#side"},
				"east": {"uv": [4, 10, 5, 15], "texture": "#side"},
				"south": {"uv": [5, 7, 7, 12], "texture": "#2"},
				"west": {"uv": [5, 10, 6, 15], "texture": "#side"},
				"up": {"uv": [13, 6, 15, 10], "rotation": 180, "texture": "#2"}
			}
		},
		{
			"from": [13, 1, 2],
			"to": [15, 6, 6],
			"rotation": {"angle": 0, "axis": "y", "origin": [13, 12, 3]},
			"faces": {
				"north": {"uv": [1, 10, 3, 15], "texture": "#side"},
				"east": {"uv": [1, 10, 2, 15], "texture": "#side"},
				"south": {"uv": [10, 10, 12, 15], "texture": "#2"},
				"west": {"uv": [2, 10, 3, 15], "texture": "#side"},
				"up": {"uv": [4, 9, 6, 13], "rotation": 180, "texture": "#2"}
			}
		},
		{
			"from": [3, 9, 4],
			"to": [5, 14, 8],
			"rotation": {"angle": 0, "axis": "y", "origin": [13, 12, 5]},
			"faces": {
				"north": {"uv": [11, 2, 13, 7], "texture": "#side"},
				"east": {"uv": [11, 2, 12, 7], "texture": "#side"},
				"south": {"uv": [5, 4, 7, 9], "texture": "#2"},
				"west": {"uv": [12, 2, 13, 7], "texture": "#side"},
				"up": {"uv": [9, 2, 11, 6], "rotation": 180, "texture": "#2"}
			}
		},
		{
			"from": [7, 9, 2],
			"to": [9, 14, 6],
			"rotation": {"angle": 0, "axis": "y", "origin": [13, 12, 4]},
			"faces": {
				"north": {"uv": [7, 2, 9, 7], "texture": "#side"},
				"east": {"uv": [7, 2, 8, 7], "texture": "#side"},
				"south": {"uv": [9, 8, 11, 13], "texture": "#2"},
				"west": {"uv": [8, 2, 9, 7], "texture": "#side"},
				"up": {"uv": [5, 2, 7, 6], "rotation": 180, "texture": "#2"}
			}
		},
		{
			"from": [9, 9, 3],
			"to": [11, 14, 7],
			"rotation": {"angle": 0, "axis": "y", "origin": [13, 12, 4]},
			"faces": {
				"north": {"uv": [5, 2, 7, 7], "texture": "#side"},
				"east": {"uv": [5, 2, 6, 7], "texture": "#side"},
				"south": {"uv": [6, 5, 8, 10], "texture": "#2"},
				"west": {"uv": [6, 2, 7, 7], "texture": "#side"},
				"up": {"uv": [1, 6, 3, 10], "rotation": 180, "texture": "#2"}
			}
		},
		{
			"from": [12, 9, 1],
			"to": [14, 15, 5],
			"rotation": {"angle": 22.5, "axis": "z", "origin": [13, 12, 3]},
			"faces": {
				"north": {"uv": [8, 12, 14, 13], "rotation": 270, "texture": "#side"},
				"east": {"uv": [8, 12, 14, 13], "rotation": 270, "texture": "#side"},
				"south": {"uv": [3, 8, 5, 13], "texture": "#2"},
				"west": {"uv": [8, 12, 14, 13], "rotation": 270, "texture": "#side"},
				"up": {"uv": [1, 6, 3, 10], "rotation": 180, "texture": "#2"},
				"down": {"uv": [10, 9, 12, 14], "rotation": 180, "texture": "#2"}
			}
		},
		{
			"from": [5, 9, 3],
			"to": [7, 12, 6],
			"rotation": {"angle": 0, "axis": "y", "origin": [13, 12, 3]},
			"faces": {
				"north": {"uv": [9, 4, 11, 7], "texture": "#side"},
				"south": {"uv": [9, 3, 11, 6], "texture": "#2"},
				"west": {"uv": [10, 4, 11, 7], "texture": "#side"},
				"up": {"uv": [11, 8, 13, 11], "rotation": 180, "texture": "#2"}
			}
		},
		{
			"from": [0, 1, 1],
			"to": [1, 7, 15],
			"faces": {
				"east": {"uv": [1, 9, 15, 15], "texture": "#end"}
			}
		},
		{
			"from": [1, 1, 15],
			"to": [15, 7, 16],
			"faces": {
				"north": {"uv": [1, 9, 15, 15], "texture": "#end"}
			}
		},
		{
			"from": [0, 9, 1],
			"to": [1, 15, 15],
			"faces": {
				"east": {"uv": [1, 1, 15, 7], "texture": "#end"}
			}
		},
		{
			"from": [1, 9, 15],
			"to": [15, 15, 16],
			"faces": {
				"north": {"uv": [1, 1, 15, 7], "texture": "#end"}
			}
		},
		{
			"from": [1, 1, 0],
			"to": [15, 7, 1],
			"faces": {
				"south": {"uv": [1, 9, 15, 15], "texture": "#end"}
			}
		},
		{
			"from": [15, 1, 1],
			"to": [16, 7, 15],
			"faces": {
				"west": {"uv": [1, 9, 15, 15], "texture": "#end"}
			}
		},
		{
			"from": [1, 9, 0],
			"to": [15, 15, 1],
			"faces": {
				"south": {"uv": [1, 1, 15, 7], "texture": "#end"}
			}
		},
		{
			"from": [15, 9, 1],
			"to": [16, 15, 15],
			"faces": {
				"west": {"uv": [1, 1, 15, 7], "texture": "#end"}
			}
		}
	],
	"groups": [0, 1, 2,
		{
			"name": "group",
			"origin": [8, 8, 8],
			"children": [
				{
					"name": "group",
					"origin": [8, 9, 8],
					"children": []
				},
				{
					"name": "group",
					"origin": [8, 9, 8],
					"children": []
				},
				{
					"name": "group",
					"origin": [8, 9, 8],
					"children": []
				},
				{
					"name": "group",
					"origin": [8, 9, 8],
					"children": []
				},
				{
					"name": "group",
					"origin": [8, 9, 8],
					"children": []
				},
				{
					"name": "group",
					"origin": [8, 9, 8],
					"children": []
				},
				{
					"name": "group",
					"origin": [8, 9, 8],
					"children": []
				},
				{
					"name": "group",
					"origin": [8, 9, 8],
					"children": [3, 4]
				}
			]
		},
		{
			"name": "group",
			"origin": [8, 8, 8],
			"children": [
				{
					"name": "group",
					"origin": [8, 9, 8],
					"children": [5, 6]
				},
				{
					"name": "group",
					"origin": [8, 9, 8],
					"children": []
				},
				{
					"name": "group",
					"origin": [8, 9, 8],
					"children": []
				},
				{
					"name": "group",
					"origin": [8, 9, 8],
					"children": []
				},
				{
					"name": "group",
					"origin": [8, 9, 8],
					"children": []
				},
				{
					"name": "group",
					"origin": [8, 9, 8],
					"children": []
				},
				{
					"name": "group",
					"origin": [8, 9, 8],
					"children": []
				},
				{
					"name": "group",
					"origin": [8, 9, 8],
					"children": []
				}
			]
		},
		{
			"name": "group",
			"origin": [8, 8, 8],
			"children": [
				{
					"name": "group",
					"origin": [8, 9, 8],
					"children": [7, 8]
				},
				{
					"name": "group",
					"origin": [8, 9, 8],
					"children": []
				},
				{
					"name": "group",
					"origin": [8, 9, 8],
					"children": []
				},
				{
					"name": "group",
					"origin": [8, 9, 8],
					"children": []
				},
				{
					"name": "group",
					"origin": [8, 9, 8],
					"children": []
				},
				{
					"name": "group",
					"origin": [8, 9, 8],
					"children": []
				},
				{
					"name": "group",
					"origin": [8, 9, 8],
					"children": []
				},
				{
					"name": "group",
					"origin": [8, 9, 8],
					"children": []
				}
			]
		},
		{
			"name": "group",
			"origin": [8, 8, 8],
			"children": [
				{
					"name": "group",
					"origin": [8, 9, 8],
					"children": [9, 10]
				},
				{
					"name": "group",
					"origin": [8, 9, 8],
					"children": []
				},
				{
					"name": "group",
					"origin": [8, 9, 8],
					"children": []
				},
				{
					"name": "group",
					"origin": [8, 9, 8],
					"children": []
				},
				{
					"name": "group",
					"origin": [8, 9, 8],
					"children": []
				},
				{
					"name": "group",
					"origin": [8, 9, 8],
					"children": []
				},
				{
					"name": "group",
					"origin": [8, 9, 8],
					"children": []
				}
			]
		},
		{
			"name": "books",
			"origin": [17, 17, 21],
			"children": [11, 12, 13, 14, 15, 16, 17, 18, 19, 20, 21]
		},
		{
			"name": "books",
			"origin": [17, 17, 21],
			"children": [22, 23, 24, 25, 26, 27, 28, 29, 30, 31, 32]
		}, 33, 34, 35, 36, 37, 38, 39, 40]
}