{
	"textures": {
		"0": "block/brown_mushroom",
		"1": "block/mushroom_block_inside",
		"2": "block/brown_mushroom_base",
		"particle": "block/brown_mushroom"
	},
	"elements": [
		{
			"from": [6, 5, 6],
			"to": [10, 6, 10],
			"rotation": {"angle": -45, "axis": "y", "origin": [8, 2, 8]},
			"faces": {
				"north": {"uv": [6, 10, 10, 11], "texture": "#0"},
				"east": {"uv": [6, 10, 10, 11], "texture": "#0"},
				"south": {"uv": [6, 10, 10, 11], "texture": "#0"},
				"west": {"uv": [6, 10, 10, 11], "texture": "#0"},
				"up": {"uv": [6, 6, 10, 10], "texture": "#2"},
				"down": {"uv": [4, 4, 12, 12], "texture": "#1"}
			}
		},
		{
			"from": [7, 0, 7],
			"to": [9, 2, 9],
			"rotation": {"angle": -45, "axis": "y", "origin": [8, 2, 8]},
			"faces": {
				"north": {"uv": [7, 14, 9, 16], "texture": "#0"},
				"east": {"uv": [7, 14, 9, 16], "texture": "#0"},
				"south": {"uv": [7, 14, 9, 16], "texture": "#0"},
				"west": {"uv": [7, 14, 9, 16], "texture": "#0"},
				"down": {"uv": [7, 14, 9, 16], "texture": "#0"}
			}
		},
		{
			"from": [5, 2, 5],
			"to": [11, 5, 11],
			"rotation": {"angle": -45, "axis": "y", "origin": [8, 2, 8]},
			"faces": {
				"north": {"uv": [5, 11, 11, 14], "texture": "#0"},
				"east": {"uv": [5, 11, 11, 14], "texture": "#0"},
				"south": {"uv": [5, 11, 11, 14], "texture": "#0"},
				"west": {"uv": [5, 11, 11, 14], "texture": "#0"},
				"up": {"uv": [5, 5, 11, 11], "texture": "#2"},
				"down": {"uv": [4, 4, 12, 12], "texture": "#1"}
			}
		}
	],
	"groups": [
		{
			"name": "group",
			"origin": [12, 12, 12],
			"children": [0, 1, 2]
		}
	]
}