{
	"parent": "block/block",
	"ambientocclusion": false,
	"textures": {
		"flower": "block/cactus_flower",
		"bottom": "block/cactus_bottom",
		"top": "block/cactus_top",
		"particle": "block/cactus_side",
		"side": "block/cactus_side"
	},
	"elements": [
		{
			"from": [0, 0, 0],
			"to": [16, 16, 16],
			"faces": {
				"north": {"uv": [0, 0, 2, 2], "texture": "#flower"},
				"up": {"uv": [0, 0, 16, 16], "texture": "#top", "cullface": "up"},
				"down": {"uv": [0, 0, 16, 16], "texture": "#bottom", "cullface": "down"}
			}
		},
		{
			"from": [0, 0, 1],
			"to": [16, 16, 15],
			"faces": {
				"north": {"uv": [0, 0, 16, 16], "texture": "#side"},
				"south": {"uv": [0, 0, 16, 16], "texture": "#side"}
			}
		},
		{
			"from": [1, 0, 0],
			"to": [15, 16, 16],
			"faces": {
				"east": {"uv": [0, 0, 16, 16], "texture": "#side"},
				"west": {"uv": [0, 0, 16, 16], "texture": "#side"}
			}
		},
		{
			"from": [8, 16, 6],
			"to": [10, 16, 10],
			"rotation": {"angle": 22.5, "axis": "z", "origin": [8, 16, 8]},
			"faces": {
				"north": {"uv": [0, 0, 2, 0], "rotation": 180, "texture": "#missing"},
				"east": {"uv": [0, 0, 0, 2], "rotation": 270, "texture": "#missing"},
				"south": {"uv": [0, 0, 2, 0], "texture": "#missing"},
				"west": {"uv": [0, 0, 0, 2], "rotation": 90, "texture": "#missing"},
				"up": {"uv": [6, 6, 8, 10], "rotation": 180, "texture": "#flower"},
				"down": {"uv": [8, 6, 6, 10], "texture": "#flower"}
			}
		},
		{
			"from": [6, 16, 6],
			"to": [10, 16, 8],
			"rotation": {"angle": 22.5, "axis": "x", "origin": [8, 16, 8]},
			"faces": {
				"north": {"uv": [0, 0, 2, 0], "rotation": 180, "texture": "#missing"},
				"east": {"uv": [0, 0, 0, 2], "rotation": 270, "texture": "#missing"},
				"south": {"uv": [0, 0, 2, 0], "texture": "#missing"},
				"west": {"uv": [0, 0, 0, 2], "rotation": 90, "texture": "#missing"},
				"up": {"uv": [6, 8, 10, 10], "rotation": 180, "texture": "#flower"},
				"down": {"uv": [10, 8, 6, 10], "texture": "#flower"}
			}
		},
		{
			"from": [6, 16, 8],
			"to": [10, 16, 10],
			"rotation": {"angle": -22.5, "axis": "x", "origin": [8, 16, 8]},
			"faces": {
				"north": {"uv": [0, 0, 2, 0], "rotation": 180, "texture": "#missing"},
				"east": {"uv": [0, 0, 0, 2], "rotation": 270, "texture": "#missing"},
				"south": {"uv": [0, 0, 2, 0], "texture": "#missing"},
				"west": {"uv": [0, 0, 0, 2], "rotation": 90, "texture": "#missing"},
				"up": {"uv": [6, 6, 10, 8], "rotation": 180, "texture": "#flower"},
				"down": {"uv": [10, 6, 6, 8], "texture": "#flower"}
			}
		},
		{
			"from": [6, 16, 6],
			"to": [8, 16, 10],
			"rotation": {"angle": -22.5, "axis": "z", "origin": [8, 16, 8]},
			"faces": {
				"north": {"uv": [0, 0, 0, 2], "rotation": 270, "texture": "#missing"},
				"east": {"uv": [0, 0, 2, 0], "rotation": 180, "texture": "#missing"},
				"south": {"uv": [0, 0, 0, 2], "rotation": 90, "texture": "#missing"},
				"west": {"uv": [0, 0, 2, 0], "texture": "#missing"},
				"up": {"uv": [10, 8, 6, 10], "rotation": 90, "texture": "#flower"},
				"down": {"uv": [6, 8, 10, 10], "rotation": 90, "texture": "#flower"}
			}
		}
	],
	"groups": [
		{
			"name": "group",
			"origin": [8, 8, 8],
			"children": [0, 1, 2]
		},
		{
			"name": "group",
			"origin": [8, 8, 8],
			"children": [3, 4, 5, 6]
		}
	]
}