{
	"parent": "minecraft:block/orientable",
	"textures": {
		"bottom": "block/pumpkin_bottom",
		"top": "block/pumpkin_top",
		"front": "block/carved_pumpkin0",
		"particle": "block/pumpkin_side",
		"side": "block/pumpkin_side"
	},
	"elements": [
		{
			"from": [0, 0, 0],
			"to": [16, 1, 16],
			"faces": {
				"north": {"uv": [0, 15, 16, 16], "texture": "#front"},
				"east": {"uv": [0, 15, 16, 16], "texture": "#side"},
				"south": {"uv": [0, 15, 16, 16], "texture": "#side"},
				"west": {"uv": [0, 15, 16, 16], "texture": "#side"},
				"up": {"uv": [0, 0, 16, 16], "texture": "#bottom"},
				"down": {"uv": [0, 0, 16, 16], "texture": "#bottom"}
			}
		},
		{
			"from": [0, 15, 0],
			"to": [16, 16, 16],
			"faces": {
				"north": {"uv": [0, 0, 16, 1], "texture": "#front"},
				"east": {"uv": [0, 0, 16, 1], "texture": "#side"},
				"south": {"uv": [0, 0, 16, 1], "texture": "#side"},
				"west": {"uv": [0, 0, 16, 1], "texture": "#side"},
				"up": {"uv": [0, 0, 16, 16], "texture": "#top"},
				"down": {"uv": [0, 0, 16, 16], "texture": "#bottom"}
			}
		},
		{
			"from": [0, 1, 0],
			"to": [1, 15, 16],
			"faces": {
				"north": {"uv": [15, 1, 16, 15], "texture": "#front"},
				"east": {"uv": [0, 1, 16, 15], "texture": "#side"},
				"south": {"uv": [0, 1, 1, 15], "texture": "#side"},
				"west": {"uv": [0, 0, 16, 14], "texture": "#side"}
			}
		},
		{
			"from": [15, 1, 0],
			"to": [16, 15, 16],
			"faces": {
				"north": {"uv": [0, 1, 1, 15], "texture": "#front"},
				"east": {"uv": [0, 1, 16, 15], "texture": "#side"},
				"south": {"uv": [15, 1, 16, 15], "texture": "#side"},
				"west": {"uv": [0, 0, 16, 14], "texture": "#side"}
			}
		},
		{
			"from": [1, 1, 15],
			"to": [15, 15, 16],
			"faces": {
				"north": {"uv": [1, 1, 15, 15], "texture": "#side"},
				"south": {"uv": [1, 1, 15, 15], "texture": "#side"}
			}
		},
		{
			"from": [1, 10, 0],
			"to": [15, 15, 1],
			"faces": {
				"north": {"uv": [1, 1, 15, 6], "texture": "#front"},
				"south": {"uv": [1, 1, 15, 6], "texture": "#side"},
				"down": {"uv": [1, 5, 15, 6], "texture": "#front"}
			}
		},
		{
			"from": [1, 1, 0],
			"to": [15, 2, 1],
			"faces": {
				"north": {"uv": [1, 14, 15, 15], "texture": "#front"},
				"south": {"uv": [1, 14, 15, 15], "texture": "#side"},
				"up": {"uv": [1, 14, 15, 15], "texture": "#front"}
			}
		},
		{
			"from": [1, 2, 0],
			"to": [2, 10, 1],
			"faces": {
				"north": {"uv": [14, 6, 15, 14], "texture": "#front"},
				"east": {"uv": [14, 6, 15, 14], "texture": "#front"},
				"south": {"uv": [14, 6, 15, 14], "texture": "#front"}
			}
		},
		{
			"from": [14, 2, 0],
			"to": [15, 10, 1],
			"faces": {
				"north": {"uv": [1, 6, 2, 14], "texture": "#front"},
				"south": {"uv": [1, 6, 2, 14], "texture": "#front"},
				"west": {"uv": [1, 6, 2, 14], "texture": "#front"}
			}
		},
		{
			"from": [5, 2, 0],
			"to": [11, 3, 1],
			"faces": {
				"north": {"uv": [5, 13, 11, 14], "texture": "#front"},
				"east": {"uv": [5, 13, 6, 14], "texture": "#front"},
				"south": {"uv": [5, 13, 11, 14], "texture": "#front"},
				"west": {"uv": [10, 13, 11, 14], "texture": "#front"},
				"up": {"uv": [5, 13, 11, 14], "texture": "#front"}
			}
		},
		{
			"from": [2, 5, 0],
			"to": [14, 7, 1],
			"faces": {
				"north": {"uv": [2, 9, 14, 11], "texture": "#front"},
				"south": {"uv": [2, 9, 14, 11], "texture": "#front"},
				"up": {"uv": [2, 9, 14, 10], "texture": "#front"},
				"down": {"uv": [2, 10, 14, 11], "texture": "#front"}
			}
		},
		{
			"from": [6, 7, 0],
			"to": [10, 10, 1],
			"faces": {
				"north": {"uv": [6, 6, 10, 9], "texture": "#front"},
				"east": {"uv": [6, 6, 7, 9], "texture": "#front"},
				"south": {"uv": [6, 6, 10, 9], "texture": "#front"},
				"west": {"uv": [9, 6, 10, 9], "texture": "#front"}
			}
		},
		{
			"from": [2, 9, 0],
			"to": [3, 10, 1],
			"faces": {
				"north": {"uv": [13, 6, 14, 7], "texture": "#front"},
				"east": {"uv": [13, 6, 14, 7], "texture": "#front"},
				"south": {"uv": [2, 6, 3, 7], "texture": "#front"},
				"down": {"uv": [13, 6, 14, 7], "texture": "#front"}
			}
		},
		{
			"from": [13, 9, 0],
			"to": [14, 10, 1],
			"faces": {
				"north": {"uv": [2, 6, 3, 7], "texture": "#front"},
				"south": {"uv": [13, 6, 14, 7], "texture": "#front"},
				"west": {"uv": [2, 6, 3, 7], "texture": "#front"},
				"down": {"uv": [2, 6, 3, 7], "texture": "#front"}
			}
		},
		{
			"from": [13, 4, 0],
			"to": [14, 5, 1],
			"faces": {
				"north": {"uv": [2, 11, 3, 12], "texture": "#front"},
				"south": {"uv": [13, 11, 14, 12], "texture": "#front"},
				"west": {"uv": [2, 11, 3, 12], "texture": "#front"},
				"down": {"uv": [2, 11, 3, 12], "texture": "#front"}
			}
		},
		{
			"from": [2, 4, 0],
			"to": [3, 5, 1],
			"faces": {
				"north": {"uv": [13, 11, 14, 12], "texture": "#front"},
				"east": {"uv": [13, 11, 14, 12], "texture": "#front"},
				"south": {"uv": [2, 11, 3, 12], "texture": "#front"},
				"down": {"uv": [13, 11, 14, 12], "texture": "#front"}
			}
		}
	],
	"display": {
		"thirdperson_righthand": {
			"rotation": [75, 45, 0],
			"translation": [0, 2.5, 0],
			"scale": [0.375, 0.375, 0.375]
		},
		"thirdperson_lefthand": {
			"rotation": [75, 45, 0],
			"translation": [0, 2.5, 0],
			"scale": [0.375, 0.375, 0.375]
		},
		"firstperson_righthand": {
			"rotation": [0, 45, 0],
			"scale": [0.4, 0.4, 0.4]
		},
		"firstperson_lefthand": {
			"rotation": [0, 225, 0],
			"scale": [0.4, 0.4, 0.4]
		},
		"ground": {
			"translation": [0, 3, 0],
			"scale": [0.25, 0.25, 0.25]
		},
		"gui": {
			"rotation": [30, 225, 0],
			"scale": [0.625, 0.625, 0.625]
		},
		"fixed": {
			"scale": [0.5, 0.5, 0.5]
		}
	}
}
