{
	"parent": "block/block",
	"textures": {
		"top": "block/composter_top",
		"bottom": "block/composter_bottom",
		"particle": "block/composter_side",
		"side": "block/composter_side"
	},
	"elements": [
		{
			"from": [0, 0, 0],
			"to": [16, 2, 16],
			"faces": {
				"north": {"uv": [0, 14, 16, 16], "texture": "#side"},
				"east": {"uv": [0, 14, 16, 16], "texture": "#side"},
				"south": {"uv": [0, 14, 16, 16], "texture": "#side"},
				"west": {"uv": [0, 14, 16, 16], "texture": "#side"},
				"up": {"uv": [0, 0, 16, 16], "texture": "#bottom", "cullface": "up"},
				"down": {"uv": [0, 0, 16, 16], "texture": "#bottom", "cullface": "down"}
			}
		},
		{
			"from": [14, 2, 14],
			"to": [16, 16, 16],
			"rotation": {"angle": 0, "axis": "y", "origin": [23, 23, 23]},
			"faces": {
				"north": {"uv": [0, 0, 2, 14], "texture": "#side"},
				"east": {"uv": [0, 0, 2, 14], "texture": "#side"},
				"south": {"uv": [14, 0, 16, 14], "texture": "#side"},
				"west": {"uv": [14, 0, 16, 14], "texture": "#side"},
				"up": {"uv": [14, 14, 16, 16], "texture": "#top"}
			}
		},
		{
			"from": [14, 2, 0],
			"to": [16, 16, 2],
			"rotation": {"angle": 0, "axis": "y", "origin": [23, 23, 9]},
			"faces": {
				"north": {"uv": [0, 0, 2, 14], "texture": "#side"},
				"east": {"uv": [14, 0, 16, 14], "texture": "#side"},
				"south": {"uv": [14, 0, 16, 14], "texture": "#side"},
				"west": {"uv": [0, 0, 2, 14], "texture": "#side"},
				"up": {"uv": [14, 0, 16, 2], "texture": "#top"}
			}
		},
		{
			"from": [0, 2, 14],
			"to": [2, 16, 16],
			"rotation": {"angle": 0, "axis": "y", "origin": [9, 23, 23]},
			"faces": {
				"north": {"uv": [14, 0, 16, 14], "texture": "#side"},
				"east": {"uv": [0, 0, 2, 14], "texture": "#side"},
				"south": {"uv": [0, 0, 2, 14], "texture": "#side"},
				"west": {"uv": [14, 0, 16, 14], "texture": "#side"},
				"up": {"uv": [0, 14, 2, 16], "texture": "#top"}
			}
		},
		{
			"from": [0, 2, 0],
			"to": [2, 16, 2],
			"rotation": {"angle": 0, "axis": "y", "origin": [9, 23, 9]},
			"faces": {
				"north": {"uv": [14, 0, 16, 14], "texture": "#side"},
				"east": {"uv": [14, 0, 16, 14], "texture": "#side"},
				"south": {"uv": [0, 0, 2, 14], "texture": "#side"},
				"west": {"uv": [0, 0, 2, 14], "texture": "#side"},
				"up": {"uv": [0, 0, 2, 2], "texture": "#top"}
			}
		},
		{
			"from": [2, 13, 0],
			"to": [14, 16, 2],
			"rotation": {"angle": 0, "axis": "y", "origin": [21, 23, 8]},
			"faces": {
				"north": {"uv": [2, 0, 14, 3], "texture": "#side"},
				"south": {"uv": [2, 0, 14, 3], "texture": "#side"},
				"up": {"uv": [2, 0, 14, 2], "texture": "#top"},
				"down": {"uv": [2, 14, 14, 16], "texture": "#top"}
			}
		},
		{
			"from": [2, 13, 14],
			"to": [14, 16, 16],
			"rotation": {"angle": 0, "axis": "y", "origin": [21, 23, 22]},
			"faces": {
				"north": {"uv": [2, 0, 14, 3], "texture": "#side"},
				"south": {"uv": [2, 0, 14, 3], "texture": "#side"},
				"up": {"uv": [2, 14, 14, 16], "texture": "#top"},
				"down": {"uv": [2, 0, 14, 2], "texture": "#top"}
			}
		},
		{
			"from": [0, 13, 2],
			"to": [2, 16, 14],
			"rotation": {"angle": 0, "axis": "y", "origin": [8, 23, 10]},
			"faces": {
				"east": {"uv": [2, 0, 14, 3], "texture": "#side"},
				"west": {"uv": [2, 0, 14, 3], "texture": "#side"},
				"up": {"uv": [0, 2, 2, 14], "texture": "#top"},
				"down": {"uv": [0, 2, 2, 14], "texture": "#top"}
			}
		},
		{
			"from": [14, 13, 2],
			"to": [16, 16, 14],
			"rotation": {"angle": 0, "axis": "y", "origin": [22, 23, 10]},
			"faces": {
				"east": {"uv": [2, 0, 14, 3], "texture": "#side"},
				"west": {"uv": [2, 0, 14, 3], "texture": "#side"},
				"up": {"uv": [14, 2, 16, 14], "texture": "#top"},
				"down": {"uv": [14, 2, 16, 14], "texture": "#top"}
			}
		},
		{
			"from": [2, 9, 0],
			"to": [14, 11, 2],
			"rotation": {"angle": 0, "axis": "y", "origin": [21, 18, 8]},
			"faces": {
				"north": {"uv": [2, 5, 14, 7], "texture": "#side"},
				"south": {"uv": [2, 5, 14, 7], "texture": "#side"},
				"up": {"uv": [2, 0, 14, 2], "texture": "#top"},
				"down": {"uv": [2, 14, 14, 16], "texture": "#top"}
			}
		},
		{
			"from": [2, 9, 14],
			"to": [14, 11, 16],
			"rotation": {"angle": 0, "axis": "y", "origin": [21, 18, 22]},
			"faces": {
				"north": {"uv": [2, 5, 14, 7], "texture": "#side"},
				"south": {"uv": [2, 5, 14, 7], "texture": "#side"},
				"up": {"uv": [2, 14, 14, 16], "texture": "#top"},
				"down": {"uv": [2, 0, 14, 2], "texture": "#top"}
			}
		},
		{
			"from": [0, 9, 2],
			"to": [2, 11, 14],
			"rotation": {"angle": 0, "axis": "y", "origin": [8, 18, 10]},
			"faces": {
				"east": {"uv": [2, 5, 14, 7], "texture": "#side"},
				"west": {"uv": [2, 5, 14, 7], "texture": "#side"},
				"up": {"uv": [0, 2, 2, 14], "texture": "#top"},
				"down": {"uv": [0, 2, 2, 14], "texture": "#top"}
			}
		},
		{
			"from": [14, 9, 2],
			"to": [16, 11, 14],
			"rotation": {"angle": 0, "axis": "y", "origin": [22, 18, 10]},
			"faces": {
				"east": {"uv": [2, 5, 14, 7], "texture": "#side"},
				"west": {"uv": [2, 5, 14, 7], "texture": "#side"},
				"up": {"uv": [14, 2, 16, 14], "texture": "#top"},
				"down": {"uv": [14, 2, 16, 14], "texture": "#top"}
			}
		},
		{
			"from": [2, 5, 0],
			"to": [14, 7, 2],
			"rotation": {"angle": 0, "axis": "y", "origin": [21, 14, 8]},
			"faces": {
				"north": {"uv": [2, 9, 14, 11], "texture": "#side"},
				"south": {"uv": [2, 9, 14, 11], "texture": "#side"},
				"up": {"uv": [2, 0, 14, 2], "texture": "#top"},
				"down": {"uv": [2, 14, 14, 16], "texture": "#top"}
			}
		},
		{
			"from": [2, 5, 14],
			"to": [14, 7, 16],
			"rotation": {"angle": 0, "axis": "y", "origin": [21, 14, 22]},
			"faces": {
				"north": {"uv": [2, 9, 14, 11], "texture": "#side"},
				"south": {"uv": [2, 9, 14, 11], "texture": "#side"},
				"up": {"uv": [2, 14, 14, 16], "texture": "#top"},
				"down": {"uv": [2, 0, 14, 2], "texture": "#top"}
			}
		},
		{
			"from": [0, 5, 2],
			"to": [2, 7, 14],
			"rotation": {"angle": 0, "axis": "y", "origin": [8, 14, 10]},
			"faces": {
				"east": {"uv": [2, 9, 14, 11], "texture": "#side"},
				"west": {"uv": [2, 9, 14, 11], "texture": "#side"},
				"up": {"uv": [0, 2, 2, 14], "texture": "#top"},
				"down": {"uv": [0, 2, 2, 14], "texture": "#top"}
			}
		},
		{
			"from": [14, 5, 2],
			"to": [16, 7, 14],
			"rotation": {"angle": 0, "axis": "y", "origin": [22, 14, 10]},
			"faces": {
				"east": {"uv": [2, 9, 14, 11], "texture": "#side"},
				"west": {"uv": [2, 9, 14, 11], "texture": "#side"},
				"up": {"uv": [14, 2, 16, 14], "texture": "#top"},
				"down": {"uv": [14, 2, 16, 14], "texture": "#top"}
			}
		},
		{
			"from": [2, 2, 0],
			"to": [14, 3, 2],
			"rotation": {"angle": 0, "axis": "y", "origin": [21, 10, 8]},
			"faces": {
				"north": {"uv": [2, 13, 14, 14], "texture": "#side"},
				"south": {"uv": [2, 13, 14, 14], "texture": "#side"},
				"up": {"uv": [2, 0, 14, 2], "texture": "#top"}
			}
		},
		{
			"from": [2, 2, 14],
			"to": [14, 3, 16],
			"rotation": {"angle": 0, "axis": "y", "origin": [21, 10, 22]},
			"faces": {
				"north": {"uv": [2, 13, 14, 14], "texture": "#side"},
				"south": {"uv": [2, 13, 14, 14], "texture": "#side"},
				"up": {"uv": [2, 14, 14, 16], "texture": "#top"}
			}
		},
		{
			"from": [0, 2, 2],
			"to": [2, 3, 14],
			"rotation": {"angle": 0, "axis": "y", "origin": [8, 10, 10]},
			"faces": {
				"east": {"uv": [2, 13, 14, 14], "texture": "#side"},
				"west": {"uv": [2, 13, 14, 14], "texture": "#side"},
				"up": {"uv": [0, 2, 2, 14], "texture": "#top"}
			}
		},
		{
			"from": [14, 2, 2],
			"to": [16, 3, 14],
			"rotation": {"angle": 0, "axis": "y", "origin": [22, 10, 10]},
			"faces": {
				"east": {"uv": [2, 13, 14, 14], "texture": "#side"},
				"west": {"uv": [2, 13, 14, 14], "texture": "#side"},
				"up": {"uv": [14, 2, 16, 14], "texture": "#top"}
			}
		}
	],
	"groups": [0,
		{
			"name": "posts",
			"origin": [8, 8, 8],
			"children": [1, 2, 3, 4]
		},
		{
			"name": "slats 1",
			"origin": [8, 8, 8],
			"children": [5, 6, 7, 8]
		},
		{
			"name": "slats 2",
			"origin": [8, 8, 8],
			"children": [9, 10, 11, 12]
		},
		{
			"name": "slats 3",
			"origin": [8, 8, 8],
			"children": [13, 14, 15, 16]
		},
		{
			"name": "slats 4",
			"origin": [8, 8, 8],
			"children": [17, 18, 19, 20]
		}
	]
}