{
	"textures": {
		"1": "block/composter_side",
		"particle": "block/composter_compost",
		"inside": "block/composter_compost"
	},
	"elements": [
		{
			"from": [1, 0, 1],
			"to": [15, 7, 15],
			"faces": {
				"north": {"uv": [1, 9, 15, 16], "texture": "#1"},
				"east": {"uv": [1, 9, 15, 16], "texture": "#1"},
				"south": {"uv": [1, 9, 15, 16], "texture": "#1"},
				"west": {"uv": [1, 9, 15, 16], "texture": "#1"}
			}
		},
		{
			"from": [2, 7, 2],
			"to": [14, 7, 14],
			"faces": {
				"up": {"uv": [2, 2, 14, 14], "texture": "#inside", "cullface": "up"}
			}
		}
	]
}