{
	"parent": "furnace",
	"textures": {
		"0": "block/dispenser_front_vertical",
		"3": "block/furnace_top",
		"4": "block/furnace_inside_side",
		"5": "block/furnace_inside_top",
		"7": "block/furnace_side",
		"particle": "block/dispenser_front_vertical"
	},
	"elements": [
		{
			"from": [0, 0, 14],
			"to": [16, 16, 16],
			"faces": {
				"north": {"uv": [0, 0, 16, 16], "texture": "#5"},
				"east": {"uv": [0, 0, 2, 16], "texture": "#7"},
				"south": {"uv": [0, 0, 16, 16], "texture": "#7"},
				"west": {"uv": [14, 0, 16, 16], "texture": "#7"},
				"up": {"uv": [0, 14, 16, 16], "texture": "#0"},
				"down": {"uv": [0, 0, 16, 2], "texture": "#3"}
			}
		},
		{
			"from": [0, 0, 2],
			"to": [2, 16, 14],
			"faces": {
				"east": {"uv": [2, 0, 14, 16], "texture": "#4"},
				"west": {"uv": [2, 0, 14, 16], "texture": "#7"},
				"up": {"uv": [0, 2, 2, 14], "texture": "#0"},
				"down": {"uv": [0, 2, 2, 14], "texture": "#3"}
			}
		},
		{
			"from": [14, 0, 2],
			"to": [16, 16, 14],
			"faces": {
				"east": {"uv": [2, 0, 14, 16], "texture": "#7"},
				"west": {"uv": [2, 0, 14, 16], "texture": "#4"},
				"up": {"uv": [14, 2, 16, 14], "texture": "#0"},
				"down": {"uv": [14, 2, 16, 14], "texture": "#3"}
			}
		},
		{
			"from": [2, 0, 2],
			"to": [14, 2, 14],
			"faces": {
				"up": {"uv": [2, 2, 14, 14], "texture": "#4"},
				"down": {"uv": [2, 2, 14, 14], "texture": "#3"}
			}
		},
		{
			"from": [2, 14, 2],
			"to": [6, 16, 14],
			"faces": {
				"east": {"uv": [5, 2, 7, 14], "rotation": 90, "texture": "#0"},
				"up": {"uv": [2, 2, 6, 14], "texture": "#0"},
				"down": {"uv": [10, 2, 14, 14], "texture": "#4"}
			}
		},
		{
			"from": [10, 14, 2],
			"to": [14, 16, 14],
			"faces": {
				"west": {"uv": [9, 2, 11, 14], "rotation": 90, "texture": "#0"},
				"up": {"uv": [10, 2, 14, 14], "texture": "#0"},
				"down": {"uv": [10, 2, 14, 14], "texture": "#4"}
			}
		},
		{
			"from": [6, 14, 10],
			"to": [10, 16, 14],
			"faces": {
				"north": {"uv": [6, 11, 10, 9], "texture": "#0"},
				"up": {"uv": [6, 10, 10, 14], "texture": "#0"},
				"down": {"uv": [6, 10, 10, 14], "texture": "#4"}
			}
		},
		{
			"from": [6, 14, 2],
			"to": [10, 16, 6],
			"faces": {
				"south": {"uv": [6, 5, 10, 7], "texture": "#0"},
				"up": {"uv": [6, 2, 10, 6], "texture": "#0"},
				"down": {"uv": [6, 10, 10, 14], "texture": "#4"}
			}
		},
		{
			"from": [0, 0, 0],
			"to": [16, 16, 2],
			"faces": {
				"north": {"uv": [0, 0, 16, 16], "rotation": 180, "texture": "#7"},
				"east": {"uv": [14, 0, 16, 16], "texture": "#7"},
				"south": {"uv": [0, 0, 16, 16], "texture": "#5"},
				"west": {"uv": [0, 0, 2, 16], "texture": "#7"},
				"up": {"uv": [0, 0, 16, 2], "texture": "#0"},
				"down": {"uv": [0, 14, 16, 16], "texture": "#3"}
			}
		},
		{
			"from": [6, 14, 6],
			"to": [9, 15, 7],
			"faces": {
				"south": {"uv": [7, 9, 10, 10], "rotation": 180, "texture": "#0"},
				"up": {"uv": [6, 6, 9, 7], "texture": "#0"},
				"down": {"uv": [7, 9, 10, 10], "rotation": 180, "texture": "#0"}
			}
		},
		{
			"from": [6, 14, 7],
			"to": [7, 15, 10],
			"faces": {
				"east": {"uv": [6, 6, 7, 9], "rotation": 270, "texture": "#0"},
				"up": {"uv": [6, 7, 7, 10], "texture": "#0"},
				"down": {"uv": [9, 6, 10, 9], "texture": "#0"}
			}
		},
		{
			"from": [9, 14, 6],
			"to": [10, 15, 9],
			"faces": {
				"west": {"uv": [9, 7, 10, 10], "rotation": 90, "texture": "#0"},
				"up": {"uv": [9, 6, 10, 9], "texture": "#0"},
				"down": {"uv": [6, 7, 7, 10], "texture": "#0"}
			}
		},
		{
			"from": [7, 14, 9],
			"to": [10, 15, 10],
			"faces": {
				"north": {"uv": [6, 6, 9, 7], "texture": "#0"},
				"up": {"uv": [7, 9, 10, 10], "texture": "#0"},
				"down": {"uv": [6, 6, 9, 7], "rotation": 180, "texture": "#0"}
			}
		}
	],
	"display": {
		"thirdperson_righthand": {
			"rotation": [75, 45, 0],
			"translation": [0, 2.5, 0],
			"scale": [0.375, 0.375, 0.375]
		},
		"thirdperson_lefthand": {
			"rotation": [75, 45, 0],
			"translation": [0, 2.5, 0],
			"scale": [0.375, 0.375, 0.375]
		},
		"firstperson_righthand": {
			"rotation": [0, 45, 0],
			"scale": [0.4, 0.4, 0.4]
		},
		"firstperson_lefthand": {
			"rotation": [0, 225, 0],
			"scale": [0.4, 0.4, 0.4]
		},
		"ground": {
			"translation": [0, 3, 0],
			"scale": [0.25, 0.25, 0.25]
		},
		"gui": {
			"rotation": [30, 225, 0],
			"scale": [0.625, 0.625, 0.625]
		},
		"fixed": {
			"scale": [0.5, 0.5, 0.5]
		}
	},
	"groups": [
		{
			"name": "furnace",
			"origin": [8, 8, 8],
			"children": [
				{
					"name": "furnace",
					"origin": [8, 8, 8],
					"children": [0, 1, 2, 3, 4, 5, 6, 7, 8]
				}
			]
		}, 9, 10, 11, 12]
}