{
	"textures": {
		"particle": "#top"
	},
	"elements": [
		{
			"from": [0, 0, 0],
			"to": [3, 2, 16],
			"rotation": {"angle": 0, "axis": "y", "origin": [-5, 8, 8]},
			"faces": {
				"north": {"uv": [4, 14, 7, 16], "texture": "#top_side"},
				"east": {"uv": [0, 14, 16, 16], "texture": "#top"},
				"south": {"uv": [0, 14, 3, 16], "texture": "#top_side"},
				"west": {"uv": [16, 14, 0, 16], "texture": "#top"},
				"up": {"uv": [0, 0, 16, 3], "rotation": 90, "texture": "#top"},
				"down": {"uv": [12, 0, 15, 16], "texture": "#top_side"}
			}
		},
		{
			"from": [0, 13, 0],
			"to": [3, 16, 16],
			"rotation": {"angle": 0, "axis": "y", "origin": [-5, 8, 8]},
			"faces": {
				"north": {"uv": [4, 0, 7, 3], "texture": "#top_side"},
				"east": {"uv": [0, 0, 16, 3], "texture": "#top"},
				"south": {"uv": [0, 0, 3, 3], "texture": "#top_side"},
				"west": {"uv": [16, 0, 0, 3], "texture": "#top"},
				"up": {"uv": [8, 0, 11, 16], "rotation": 180, "texture": "#top_side"},
				"down": {"uv": [0, 0, 16, 3], "rotation": 270, "texture": "#top"}
			}
		},
		{
			"from": [0, 2, 0],
			"to": [3, 13, 3],
			"rotation": {"angle": 0, "axis": "y", "origin": [-5, 8, 8]},
			"faces": {
				"north": {"uv": [4, 3, 7, 14], "texture": "#top_side"},
				"east": {"uv": [13, 3, 16, 14], "texture": "#top"},
				"south": {"uv": [2, 0, 13, 3], "rotation": 270, "texture": "#top"},
				"west": {"uv": [16, 3, 13, 14], "texture": "#top"},
				"up": {"uv": [0, 0, 3, 3], "rotation": 90, "texture": "#missing"},
				"down": {"uv": [0, 0, 3, 3], "rotation": 270, "texture": "#missing"}
			}
		},
		{
			"from": [0, 2, 13],
			"to": [3, 13, 16],
			"rotation": {"angle": 0, "axis": "y", "origin": [-5, 8, 8]},
			"faces": {
				"north": {"uv": [3, 0, 14, 3], "rotation": 90, "texture": "#top"},
				"east": {"uv": [0, 3, 3, 14], "texture": "#top"},
				"south": {"uv": [0, 3, 3, 14], "texture": "#top_side"},
				"west": {"uv": [3, 3, 0, 14], "texture": "#top"},
				"up": {"uv": [0, 0, 3, 3], "rotation": 90, "texture": "#missing"},
				"down": {"uv": [0, 0, 3, 3], "rotation": 270, "texture": "#missing"}
			}
		}
	],
	"groups": [
		{
			"name": "group",
			"origin": [8, 8, 8],
			"children": [0, 1, 2, 3]
		}
	]
}
