{
	"ambientocclusion": "false",
	"textures": {
		"top": "block/iron_door_top",
		"top_side": "block/iron_door_top_side",
		"particle": "block/iron_door_top"
	},
	"elements": [
		{
			"from": [0, 0, 0],
			"to": [3, 8, 16],
			"rotation": {"angle": 0, "axis": "y", "origin": [-5, 8, 8]},
			"faces": {
				"north": {"uv": [4, 8, 7, 16], "texture": "#top_side"},
				"east": {"uv": [0, 8, 16, 16], "texture": "#top"},
				"south": {"uv": [0, 8, 3, 16], "texture": "#top_side"},
				"west": {"uv": [16, 8, 0, 16], "texture": "#top"},
				"up": {"uv": [12, 0, 15, 16], "rotation": 180, "texture": "#top_side"},
				"down": {"uv": [12, 0, 15, 16], "texture": "#top_side"}
			}
		},
		{
			"from": [0, 11, 0],
			"to": [3, 16, 16],
			"rotation": {"angle": 0, "axis": "y", "origin": [-5, 8, 8]},
			"faces": {
				"north": {"uv": [4, 0, 7, 5], "texture": "#top_side"},
				"east": {"uv": [0, 0, 16, 5], "texture": "#top"},
				"south": {"uv": [0, 0, 3, 5], "texture": "#top_side"},
				"west": {"uv": [16, 0, 0, 5], "texture": "#top"},
				"up": {"uv": [8, 0, 11, 16], "rotation": 180, "texture": "#top_side"},
				"down": {"uv": [12, 0, 15, 16], "rotation": 180, "texture": "#top_side"}
			}
		},
		{
			"from": [0, 8, 0],
			"to": [3, 11, 4],
			"rotation": {"angle": 0, "axis": "y", "origin": [-5, 8, 8]},
			"faces": {
				"north": {"uv": [4, 5, 7, 8], "texture": "#top_side"},
				"east": {"uv": [12, 5, 16, 8], "texture": "#top"},
				"south": {"uv": [8, 5, 11, 8], "rotation": 270, "texture": "#top_side"},
				"west": {"uv": [16, 5, 12, 8], "texture": "#top"},
				"up": {"uv": [0, 0, 3, 3], "rotation": 90, "texture": "#missing"},
				"down": {"uv": [0, 0, 3, 3], "rotation": 270, "texture": "#missing"}
			}
		},
		{
			"from": [0, 8, 11],
			"to": [3, 11, 16],
			"rotation": {"angle": 0, "axis": "y", "origin": [-5, 8, 8]},
			"faces": {
				"north": {"uv": [8, 5, 11, 8], "rotation": 90, "texture": "#top_side"},
				"east": {"uv": [0, 5, 5, 8], "texture": "#top"},
				"south": {"uv": [0, 5, 3, 8], "texture": "#top_side"},
				"west": {"uv": [5, 5, 0, 8], "texture": "#top"},
				"up": {"uv": [0, 0, 3, 3], "rotation": 90, "texture": "#missing"},
				"down": {"uv": [0, 0, 3, 3], "rotation": 270, "texture": "#missing"}
			}
		}
	],
	"groups": [
		{
			"name": "group",
			"origin": [8, 8, 8],
			"children": [0, 1, 2, 3]
		}
	]
}
