{
	"parent": "furnace",
	"textures": {
		"0": "block/dropper_front",
		"3": "block/furnace_top",
		"4": "block/furnace_inside_side",
		"5": "block/furnace_inside_top",
		"7": "block/furnace_side",
		"particle": "block/dropper_front"
	},
	"elements": [
		{
			"from": [0, 14, 0],
			"to": [16, 16, 16],
			"faces": {
				"north": {"uv": [0, 0, 16, 2], "texture": "#0"},
				"east": {"uv": [0, 0, 16, 2], "texture": "#7"},
				"south": {"uv": [0, 0, 16, 2], "texture": "#7"},
				"west": {"uv": [0, 0, 16, 2], "texture": "#7"},
				"up": {"uv": [0, 0, 16, 16], "texture": "#3"},
				"down": {"uv": [0, 0, 16, 16], "texture": "#5"}
			}
		},
		{
			"from": [0, 2, 0],
			"to": [2, 14, 16],
			"faces": {
				"north": {"uv": [14, 2, 16, 14], "texture": "#0"},
				"east": {"uv": [0, 2, 16, 14], "texture": "#4"},
				"south": {"uv": [0, 2, 2, 14], "texture": "#7"},
				"west": {"uv": [0, 2, 16, 14], "texture": "#7"}
			}
		},
		{
			"from": [14, 2, 0],
			"to": [16, 14, 16],
			"faces": {
				"north": {"uv": [0, 2, 2, 14], "texture": "#0"},
				"east": {"uv": [0, 2, 16, 14], "texture": "#7"},
				"south": {"uv": [12, 2, 14, 14], "texture": "#7"},
				"west": {"uv": [0, 2, 16, 14], "texture": "#4"}
			}
		},
		{
			"from": [2, 2, 14],
			"to": [14, 14, 16],
			"faces": {
				"north": {"uv": [2, 2, 14, 14], "texture": "#4"},
				"south": {"uv": [2, 2, 14, 14], "texture": "#7"}
			}
		},
		{
			"from": [2, 2, 0],
			"to": [4, 14, 2],
			"faces": {
				"north": {"uv": [12, 2, 14, 14], "texture": "#0"},
				"east": {"uv": [11, 2, 13, 14], "texture": "#0"},
				"south": {"uv": [2, 2, 4, 14], "texture": "#4"}
			}
		},
		{
			"from": [12, 2, 0],
			"to": [14, 14, 2],
			"faces": {
				"north": {"uv": [2, 2, 4, 14], "texture": "#0"},
				"south": {"uv": [12, 2, 14, 14], "texture": "#4"},
				"west": {"uv": [3, 2, 5, 14], "texture": "#0"}
			}
		},
		{
			"from": [4, 10, 0],
			"to": [12, 14, 2],
			"faces": {
				"north": {"uv": [4, 2, 12, 6], "texture": "#0"},
				"south": {"uv": [4, 2, 12, 6], "texture": "#4"},
				"down": {"uv": [4, 7, 12, 5], "texture": "#0"}
			}
		},
		{
			"from": [4, 2, 0],
			"to": [12, 6, 2],
			"rotation": {"angle": 0, "axis": "y", "origin": [8, 0, 8]},
			"faces": {
				"north": {"uv": [4, 10, 12, 14], "texture": "#0"},
				"south": {"uv": [4, 2, 12, 6], "texture": "#4"},
				"up": {"uv": [4, 9, 12, 11], "rotation": 180, "texture": "#0"}
			}
		},
		{
			"from": [0, 0, 0],
			"to": [16, 2, 16],
			"faces": {
				"north": {"uv": [0, 14, 16, 16], "texture": "#0"},
				"east": {"uv": [0, 14, 16, 16], "texture": "#7"},
				"south": {"uv": [0, 14, 16, 16], "texture": "#7"},
				"west": {"uv": [0, 14, 16, 16], "texture": "#7"},
				"up": {"uv": [0, 0, 16, 16], "texture": "#5"},
				"down": {"uv": [0, 0, 16, 16], "texture": "#3"}
			}
		},
		{
			"from": [4, 6, 1],
			"to": [11, 7, 2],
			"rotation": {"angle": 0, "axis": "y", "origin": [13, 14, 9]},
			"faces": {
				"north": {"uv": [5, 9, 12, 10], "texture": "#0"},
				"south": {"uv": [5, 9, 12, 10], "rotation": 180, "texture": "#0"},
				"up": {"uv": [5, 9, 12, 10], "rotation": 180, "texture": "#0"}
			}
		},
		{
			"from": [4, 7, 1],
			"to": [5, 10, 2],
			"rotation": {"angle": 0, "axis": "y", "origin": [12, 17, 9]},
			"faces": {
				"north": {"uv": [11, 6, 12, 9], "texture": "#0"},
				"east": {"uv": [11, 6, 12, 9], "texture": "#0"},
				"south": {"uv": [11, 6, 12, 9], "texture": "#0"}
			}
		},
		{
			"from": [11, 6, 1],
			"to": [12, 9, 2],
			"rotation": {"angle": 0, "axis": "y", "origin": [19, 14, 9]},
			"faces": {
				"north": {"uv": [4, 7, 5, 10], "texture": "#0"},
				"south": {"uv": [4, 7, 5, 10], "texture": "#0"},
				"west": {"uv": [4, 7, 5, 10], "texture": "#0"}
			}
		},
		{
			"from": [5, 9, 1],
			"to": [12, 10, 2],
			"rotation": {"angle": 0, "axis": "y", "origin": [18, 17, 9]},
			"faces": {
				"north": {"uv": [4, 6, 11, 7], "texture": "#0"},
				"south": {"uv": [4, 6, 11, 7], "rotation": 180, "texture": "#0"},
				"down": {"uv": [4, 6, 11, 7], "rotation": 180, "texture": "#0"}
			}
		}
	],
	"display": {
		"thirdperson_righthand": {
			"rotation": [75, 45, 0],
			"translation": [0, 2.5, 0],
			"scale": [0.375, 0.375, 0.375]
		},
		"thirdperson_lefthand": {
			"rotation": [75, 45, 0],
			"translation": [0, 2.5, 0],
			"scale": [0.375, 0.375, 0.375]
		},
		"firstperson_righthand": {
			"rotation": [0, 45, 0],
			"scale": [0.4, 0.4, 0.4]
		},
		"firstperson_lefthand": {
			"rotation": [0, 225, 0],
			"scale": [0.4, 0.4, 0.4]
		},
		"ground": {
			"translation": [0, 3, 0],
			"scale": [0.25, 0.25, 0.25]
		},
		"gui": {
			"rotation": [30, 225, 0],
			"scale": [0.625, 0.625, 0.625]
		},
		"fixed": {
			"scale": [0.5, 0.5, 0.5]
		}
	},
	"groups": [
		{
			"name": "furnace",
			"origin": [8, 8, 8],
			"children": [
				{
					"name": "furnace",
					"origin": [8, 8, 8],
					"children": [0, 1, 2, 3, 4, 5, 6, 7, 8]
				}
			]
		}, 9, 10, 11, 12]
}