{
	"parent": "block/block",
	"ambientocclusion": false,
	"textures": {
		"rail": "#rail",
		"top": "#top",
		"texture": "#texture"
	},
	"elements": [
		{
			"name": "Left post",
			"from": [6, 0, 0],
			"to": [10, 16, 4],
			"faces": {
				"north": {"uv": [6, 0, 10, 16], "texture": "#texture"},
				"east": {"uv": [6, 0, 10, 16], "texture": "#texture"},
				"south": {"uv": [6, 0, 10, 16], "texture": "#texture"},
				"west": {"uv": [6, 0, 10, 16], "texture": "#texture"},
				"up": {"uv": [6, 6, 10, 10], "texture": "#top"},
				"down": {"uv": [6, 6, 10, 10], "texture": "#top", "cullface": "down"}
			}
		},
		{
			"name": "Right post",
			"from": [6, 0, 12],
			"to": [10, 16, 16],
			"faces": {
				"north": {"uv": [6, 0, 10, 16], "texture": "#texture"},
				"east": {"uv": [6, 0, 10, 16], "texture": "#texture"},
				"south": {"uv": [6, 0, 10, 16], "texture": "#texture"},
				"west": {"uv": [6, 0, 10, 16], "texture": "#texture"},
				"up": {"uv": [6, 6, 10, 10], "texture": "#top"},
				"down": {"uv": [6, 6, 10, 10], "texture": "#top", "cullface": "down"}
			}
		},
		{
			"name": "Lower bar",
			"from": [7, 6, -2],
			"to": [9, 9, 0],
			"rotation": {"angle": 0, "axis": "y", "origin": [8, 9, 8]},
			"faces": {
				"north": {"uv": [2, 7, 4, 10], "texture": "#texture"},
				"east": {"uv": [10, 7, 12, 10], "texture": "#texture"},
				"west": {"uv": [4, 7, 6, 10], "texture": "#texture"},
				"up": {"uv": [7, 10, 9, 12], "texture": "#rail"},
				"down": {"uv": [7, 0, 9, 2], "texture": "#rail"}
			}
		},
		{
			"name": "Lower bar",
			"from": [7, 6, 16],
			"to": [9, 9, 18],
			"rotation": {"angle": 0, "axis": "y", "origin": [8, 9, 26]},
			"faces": {
				"east": {"uv": [10, 7, 12, 10], "texture": "#texture"},
				"south": {"uv": [2, 1, 4, 4], "texture": "#texture"},
				"west": {"uv": [4, 7, 6, 10], "texture": "#texture"},
				"up": {"uv": [7, 10, 9, 12], "texture": "#rail"},
				"down": {"uv": [7, 0, 9, 2], "texture": "#rail"}
			}
		},
		{
			"name": "Lower bar",
			"from": [7, 6, 8],
			"to": [9, 9, 12],
			"rotation": {"angle": 0, "axis": "y", "origin": [8, 9, 20]},
			"faces": {
				"east": {"uv": [10, 7, 14, 10], "texture": "#texture"},
				"west": {"uv": [2, 7, 6, 10], "texture": "#texture"},
				"up": {"uv": [7, 11, 9, 15], "texture": "#rail"},
				"down": {"uv": [7, 10, 9, 14], "texture": "#rail"}
			}
		},
		{
			"name": "Lower bar",
			"from": [7, 6, 4],
			"to": [9, 9, 8],
			"rotation": {"angle": 0, "axis": "y", "origin": [8, 9, 16]},
			"faces": {
				"east": {"uv": [2, 7, 6, 10], "texture": "#texture"},
				"west": {"uv": [10, 7, 14, 10], "texture": "#texture"},
				"up": {"uv": [7, 10, 9, 14], "texture": "#rail"},
				"down": {"uv": [7, 12, 9, 16], "texture": "#rail"}
			}
		},
		{
			"name": "Upper bar",
			"from": [7, 12, -2],
			"to": [9, 15, 0],
			"rotation": {"angle": 0, "axis": "y", "origin": [8, 15, 8]},
			"faces": {
				"north": {"uv": [2, 1, 4, 4], "texture": "#texture"},
				"east": {"uv": [10, 1, 12, 4], "texture": "#texture"},
				"west": {"uv": [4, 1, 6, 4], "texture": "#texture"},
				"up": {"uv": [7, 10, 9, 12], "texture": "#rail"},
				"down": {"uv": [7, 0, 9, 2], "texture": "#rail"}
			}
		},
		{
			"name": "Upper bar",
			"from": [7, 12, 16],
			"to": [9, 15, 18],
			"rotation": {"angle": 0, "axis": "y", "origin": [8, 15, 26]},
			"faces": {
				"east": {"uv": [10, 1, 12, 4], "texture": "#texture"},
				"south": {"uv": [2, 1, 4, 4], "texture": "#texture"},
				"west": {"uv": [4, 1, 6, 4], "texture": "#texture"},
				"up": {"uv": [7, 10, 9, 12], "texture": "#rail"},
				"down": {"uv": [7, 0, 9, 2], "texture": "#rail"}
			}
		},
		{
			"name": "Upper bar",
			"from": [7, 12, 8],
			"to": [9, 15, 12],
			"rotation": {"angle": 0, "axis": "y", "origin": [8, 15, 20]},
			"faces": {
				"east": {"uv": [10, 1, 14, 4], "texture": "#texture"},
				"west": {"uv": [2, 1, 6, 4], "texture": "#texture"},
				"up": {"uv": [7, 12, 9, 16], "texture": "#rail"},
				"down": {"uv": [7, 10, 9, 14], "texture": "#rail"}
			}
		},
		{
			"name": "Upper bar",
			"from": [7, 12, 4],
			"to": [9, 15, 8],
			"rotation": {"angle": 0, "axis": "y", "origin": [8, 15, 16]},
			"faces": {
				"east": {"uv": [2, 1, 6, 4], "texture": "#texture"},
				"west": {"uv": [10, 1, 14, 4], "texture": "#texture"},
				"up": {"uv": [7, 10, 9, 14], "texture": "#rail"},
				"down": {"uv": [7, 12, 9, 16], "texture": "#rail"}
			}
		}
	],
	"display": {
		"gui": {
			"rotation": [30, 135, 0],
			"scale": [0.625, 0.625, 0.625]
		},
		"fixed": {
			"rotation": [0, 90, 0],
			"scale": [0.5, 0.5, 0.5]
		}
	}
}
