{
	"parent": "furnace",
	"ambientocclusion": false,
	"textures": {
		"0": "block/furnace_front_on",
		"3": "block/furnace_top",
		"4": "block/furnace_inside_side",
		"5": "block/furnace_inside_top",
		"6": "block/lit_coal_block",
		"7": "block/furnace_side",
		"particle": "block/furnace_front_on",
		"fire": "block/fire_0"
	},
	"elements": [
		{
			"from": [0, 14, 0],
			"to": [16, 16, 16],
			"faces": {
				"north": {"uv": [0, 0, 16, 2], "texture": "#0"},
				"east": {"uv": [0, 0, 16, 2], "texture": "#7"},
				"south": {"uv": [0, 0, 16, 2], "texture": "#7"},
				"west": {"uv": [0, 0, 16, 2], "texture": "#7"},
				"up": {"uv": [0, 0, 16, 16], "texture": "#3"},
				"down": {"uv": [0, 0, 16, 16], "texture": "#5"}
			}
		},
		{
			"from": [0, 2, 0],
			"to": [2, 14, 16],
			"faces": {
				"north": {"uv": [14, 2, 16, 14], "texture": "#0"},
				"east": {"uv": [0, 2, 16, 14], "texture": "#4"},
				"south": {"uv": [0, 2, 2, 14], "texture": "#7"},
				"west": {"uv": [0, 2, 16, 14], "texture": "#7"}
			}
		},
		{
			"from": [14, 2, 0],
			"to": [16, 14, 16],
			"faces": {
				"north": {"uv": [0, 2, 2, 14], "texture": "#0"},
				"east": {"uv": [0, 2, 16, 14], "texture": "#7"},
				"south": {"uv": [12, 2, 14, 14], "texture": "#7"},
				"west": {"uv": [0, 2, 16, 14], "texture": "#4"}
			}
		},
		{
			"from": [2, 2, 14],
			"to": [14, 14, 16],
			"faces": {
				"north": {"uv": [2, 2, 14, 14], "texture": "#4"},
				"south": {"uv": [2, 2, 14, 14], "texture": "#7"}
			}
		},
		{
			"from": [2, 2, 0],
			"to": [4, 14, 2],
			"faces": {
				"north": {"uv": [12, 2, 14, 14], "texture": "#0"},
				"east": {"uv": [11, 2, 13, 14], "texture": "#0"},
				"south": {"uv": [2, 2, 4, 14], "texture": "#4"}
			}
		},
		{
			"from": [12, 2, 0],
			"to": [14, 14, 2],
			"faces": {
				"north": {"uv": [2, 2, 4, 14], "texture": "#0"},
				"south": {"uv": [12, 2, 14, 14], "texture": "#4"},
				"west": {"uv": [3, 2, 5, 14], "texture": "#0"}
			}
		},
		{
			"from": [4, 10, 0],
			"to": [12, 14, 2],
			"faces": {
				"north": {"uv": [4, 2, 12, 6], "texture": "#0"},
				"south": {"uv": [4, 2, 12, 6], "texture": "#4"},
				"down": {"uv": [4, 7, 12, 5], "texture": "#0"}
			}
		},
		{
			"from": [4, 9, 0],
			"to": [6, 10, 2],
			"faces": {
				"north": {"uv": [10, 6, 12, 7], "texture": "#0"},
				"east": {"uv": [8, 6, 10, 7], "texture": "#0"},
				"south": {"uv": [4, 6, 6, 7], "texture": "#4"},
				"down": {"uv": [9, 6, 11, 7], "texture": "#0"}
			}
		},
		{
			"from": [10, 9, 0],
			"to": [12, 10, 2],
			"faces": {
				"north": {"uv": [4, 6, 6, 7], "texture": "#0"},
				"south": {"uv": [10, 6, 12, 7], "texture": "#4"},
				"west": {"uv": [5, 6, 7, 7], "texture": "#0"},
				"down": {"uv": [5, 6, 7, 7], "texture": "#0"}
			}
		},
		{
			"from": [11, 8, 0],
			"to": [12, 9, 2],
			"faces": {
				"north": {"uv": [4, 7, 5, 8], "texture": "#0"},
				"south": {"uv": [11, 7, 12, 8], "texture": "#4"},
				"west": {"uv": [4, 7, 6, 8], "texture": "#0"},
				"down": {"uv": [4, 7, 6, 8], "rotation": 270, "texture": "#0"}
			}
		},
		{
			"from": [4, 8, 0],
			"to": [5, 9, 2],
			"faces": {
				"north": {"uv": [11, 7, 12, 8], "texture": "#0"},
				"east": {"uv": [10, 7, 12, 8], "texture": "#0"},
				"south": {"uv": [4, 7, 5, 8], "texture": "#4"},
				"down": {"uv": [9, 7, 11, 8], "rotation": 270, "texture": "#0"}
			}
		},
		{
			"from": [0, 0, 0],
			"to": [16, 2, 16],
			"faces": {
				"north": {"uv": [0, 14, 16, 16], "texture": "#0"},
				"east": {"uv": [0, 14, 16, 16], "texture": "#7"},
				"south": {"uv": [0, 14, 16, 16], "texture": "#7"},
				"west": {"uv": [0, 14, 16, 16], "texture": "#7"},
				"up": {"uv": [0, 0, 16, 16], "texture": "#5"},
				"down": {"uv": [0, 0, 16, 16], "texture": "#3"}
			}
		},
		{
			"from": [4, 2, 6],
			"to": [6, 4, 8],
			"faces": {
				"north": {"uv": [4, 10, 6, 12], "texture": "#6"},
				"east": {"uv": [11, 10, 13, 12], "texture": "#6"},
				"south": {"uv": [8, 9, 10, 11], "texture": "#6"},
				"up": {"uv": [7, 7, 9, 9], "texture": "#6"}
			}
		},
		{
			"from": [2, 2, 6],
			"to": [4, 4, 8],
			"faces": {
				"north": {"uv": [4, 10, 6, 12], "texture": "#6"},
				"up": {"uv": [7, 7, 9, 9], "texture": "#6"}
			}
		},
		{
			"from": [2, 4, 8],
			"to": [4, 6, 10],
			"faces": {
				"north": {"uv": [4, 10, 6, 12], "texture": "#6"},
				"east": {"uv": [11, 10, 13, 12], "texture": "#6"},
				"south": {"uv": [8, 9, 10, 11], "texture": "#6"},
				"up": {"uv": [7, 7, 9, 9], "texture": "#6"}
			}
		},
		{
			"from": [3, 3, 6],
			"to": [5, 5, 8],
			"faces": {
				"north": {"uv": [4, 10, 6, 12], "texture": "#6"},
				"east": {"uv": [11, 10, 13, 12], "texture": "#6"},
				"south": {"uv": [8, 9, 10, 11], "texture": "#6"},
				"west": {"uv": [9, 6, 11, 8], "texture": "#6"},
				"up": {"uv": [7, 7, 9, 9], "texture": "#6"}
			}
		},
		{
			"from": [1, 3, 7],
			"to": [3, 5, 9],
			"faces": {
				"north": {"uv": [4, 10, 6, 12], "texture": "#6"},
				"up": {"uv": [7, 7, 9, 9], "texture": "#6"}
			}
		},
		{
			"from": [2, 2, 10],
			"to": [4, 4, 12],
			"faces": {
				"east": {"uv": [11, 10, 13, 12], "texture": "#6"},
				"south": {"uv": [8, 9, 10, 11], "texture": "#6"},
				"up": {"uv": [7, 7, 9, 9], "texture": "#6"}
			}
		},
		{
			"from": [8, 2, 12],
			"to": [10, 4, 14],
			"faces": {
				"north": {"uv": [4, 10, 6, 12], "texture": "#6"},
				"east": {"uv": [11, 10, 13, 12], "texture": "#6"},
				"west": {"uv": [9, 6, 11, 8], "texture": "#6"},
				"up": {"uv": [7, 7, 9, 9], "texture": "#6"}
			}
		},
		{
			"from": [5, 2, 12],
			"to": [7, 4, 14],
			"faces": {
				"north": {"uv": [4, 10, 6, 12], "texture": "#6"},
				"east": {"uv": [11, 10, 13, 12], "texture": "#6"},
				"west": {"uv": [9, 6, 11, 8], "texture": "#6"},
				"up": {"uv": [7, 7, 9, 9], "texture": "#6"}
			}
		},
		{
			"from": [6, 3, 12],
			"to": [8, 5, 14],
			"faces": {
				"north": {"uv": [4, 10, 6, 12], "texture": "#6"},
				"east": {"uv": [11, 10, 13, 12], "texture": "#6"},
				"west": {"uv": [9, 6, 11, 8], "texture": "#6"},
				"up": {"uv": [7, 7, 9, 9], "texture": "#6"},
				"down": {"uv": [7, 11, 9, 13], "texture": "#6"}
			}
		},
		{
			"from": [7, 2, 11],
			"to": [9, 4, 13],
			"faces": {
				"north": {"uv": [4, 10, 6, 12], "texture": "#6"},
				"east": {"uv": [11, 10, 13, 12], "texture": "#6"},
				"south": {"uv": [8, 9, 10, 11], "texture": "#6"},
				"west": {"uv": [9, 6, 11, 8], "texture": "#6"},
				"up": {"uv": [7, 7, 9, 9], "texture": "#6"}
			}
		},
		{
			"from": [3, 2, 8],
			"to": [5, 4, 10],
			"faces": {
				"east": {"uv": [11, 10, 13, 12], "texture": "#6"},
				"south": {"uv": [8, 9, 10, 11], "texture": "#6"},
				"up": {"uv": [7, 7, 9, 9], "texture": "#6"}
			}
		},
		{
			"from": [3, 2, 4],
			"to": [5, 4, 6],
			"faces": {
				"north": {"uv": [4, 10, 6, 12], "texture": "#6"},
				"east": {"uv": [11, 10, 13, 12], "texture": "#6"},
				"west": {"uv": [9, 6, 11, 8], "texture": "#6"},
				"up": {"uv": [7, 7, 9, 9], "texture": "#6"}
			}
		},
		{
			"from": [12, 2, 9],
			"to": [14, 4, 11],
			"faces": {
				"south": {"uv": [8, 9, 10, 11], "texture": "#6"}
			}
		},
		{
			"from": [12, 2, 7],
			"to": [14, 4, 9],
			"faces": {
				"up": {"uv": [7, 7, 9, 9], "texture": "#6"}
			}
		},
		{
			"from": [11, 2, 10],
			"to": [13, 4, 12],
			"faces": {
				"east": {"uv": [11, 10, 13, 12], "texture": "#6"},
				"south": {"uv": [8, 9, 10, 11], "texture": "#6"},
				"west": {"uv": [9, 6, 11, 8], "texture": "#6"},
				"up": {"uv": [7, 7, 9, 9], "texture": "#6"}
			}
		},
		{
			"from": [12, 2, 5],
			"to": [14, 4, 7],
			"faces": {
				"north": {"uv": [4, 10, 6, 12], "texture": "#6"},
				"west": {"uv": [9, 6, 11, 8], "texture": "#6"},
				"up": {"uv": [7, 7, 9, 9], "texture": "#6"}
			}
		},
		{
			"from": [10, 2, 8],
			"to": [12, 4, 10],
			"faces": {
				"south": {"uv": [8, 9, 10, 11], "texture": "#6"},
				"west": {"uv": [9, 6, 11, 8], "texture": "#6"},
				"up": {"uv": [7, 7, 9, 9], "texture": "#6"}
			}
		},
		{
			"from": [10, 2, 6],
			"to": [12, 4, 8],
			"faces": {
				"north": {"uv": [4, 10, 6, 12], "texture": "#6"},
				"west": {"uv": [9, 6, 11, 8], "texture": "#6"},
				"up": {"uv": [7, 7, 9, 9], "texture": "#6"}
			}
		},
		{
			"from": [9, 1, 5],
			"to": [11, 3, 7],
			"faces": {
				"north": {"uv": [4, 10, 6, 12], "texture": "#6"},
				"west": {"uv": [9, 6, 11, 8], "texture": "#6"},
				"up": {"uv": [7, 7, 9, 9], "texture": "#6"}
			}
		},
		{
			"from": [9, 1, 9],
			"to": [11, 3, 11],
			"faces": {
				"west": {"uv": [9, 6, 11, 8], "texture": "#6"},
				"up": {"uv": [7, 7, 9, 9], "texture": "#6"}
			}
		},
		{
			"from": [8, 1, 7],
			"to": [10, 3, 9],
			"faces": {
				"north": {"uv": [4, 10, 6, 12], "texture": "#6"},
				"south": {"uv": [8, 9, 10, 11], "texture": "#6"},
				"west": {"uv": [9, 6, 11, 8], "texture": "#6"},
				"up": {"uv": [7, 7, 9, 9], "texture": "#6"}
			}
		},
		{
			"from": [4, 1, 8],
			"to": [6, 3, 10],
			"faces": {
				"east": {"uv": [11, 10, 13, 12], "texture": "#6"},
				"south": {"uv": [8, 9, 10, 11], "texture": "#6"},
				"up": {"uv": [7, 7, 9, 9], "texture": "#6"}
			}
		},
		{
			"from": [3, 1, 11],
			"to": [5, 3, 13],
			"faces": {
				"north": {"uv": [4, 10, 6, 12], "texture": "#6"},
				"east": {"uv": [11, 10, 13, 12], "texture": "#6"},
				"south": {"uv": [8, 9, 10, 11], "texture": "#6"},
				"west": {"uv": [9, 6, 11, 8], "texture": "#6"},
				"up": {"uv": [7, 7, 9, 9], "texture": "#6"}
			}
		},
		{
			"from": [6, 1, 10],
			"to": [8, 3, 12],
			"faces": {
				"north": {"uv": [4, 10, 6, 12], "texture": "#6"},
				"east": {"uv": [11, 10, 13, 12], "texture": "#6"},
				"west": {"uv": [9, 6, 11, 8], "texture": "#6"},
				"up": {"uv": [7, 7, 9, 9], "texture": "#6"}
			}
		},
		{
			"from": [9, 1, 11],
			"to": [11, 3, 13],
			"faces": {
				"east": {"uv": [11, 10, 13, 12], "texture": "#6"},
				"up": {"uv": [7, 7, 9, 9], "texture": "#6"}
			}
		},
		{
			"from": [12, 1, 11],
			"to": [14, 3, 13],
			"faces": {
				"south": {"uv": [8, 9, 10, 11], "texture": "#6"},
				"west": {"uv": [9, 6, 11, 8], "texture": "#6"},
				"up": {"uv": [7, 7, 9, 9], "texture": "#6"}
			}
		},
		{
			"from": [11, 1, 4],
			"to": [13, 3, 6],
			"faces": {
				"north": {"uv": [4, 10, 6, 12], "texture": "#6"},
				"west": {"uv": [9, 6, 11, 8], "texture": "#6"},
				"up": {"uv": [7, 7, 9, 9], "texture": "#6"}
			}
		},
		{
			"from": [13, 1, 3],
			"to": [15, 3, 5],
			"faces": {
				"north": {"uv": [4, 10, 6, 12], "texture": "#6"},
				"west": {"uv": [9, 6, 11, 8], "texture": "#6"},
				"up": {"uv": [7, 7, 9, 9], "texture": "#6"}
			}
		},
		{
			"from": [10, 1, 13],
			"to": [12, 3, 15],
			"faces": {
				"north": {"uv": [4, 10, 6, 12], "texture": "#6"},
				"east": {"uv": [11, 10, 13, 12], "texture": "#6"},
				"up": {"uv": [7, 7, 9, 9], "texture": "#6"}
			}
		},
		{
			"from": [2, 1, 3],
			"to": [4, 3, 5],
			"faces": {
				"north": {"uv": [4, 10, 6, 12], "texture": "#6"},
				"east": {"uv": [11, 10, 13, 12], "texture": "#6"},
				"south": {"uv": [8, 9, 10, 11], "texture": "#6"},
				"up": {"uv": [7, 7, 9, 9], "texture": "#6"}
			}
		},
		{
			"from": [4, 1, 5],
			"to": [6, 3, 7],
			"faces": {
				"north": {"uv": [4, 10, 6, 12], "texture": "#6"},
				"east": {"uv": [11, 10, 13, 12], "texture": "#6"},
				"up": {"uv": [7, 7, 9, 9], "texture": "#6"}
			}
		},
		{
			"from": [5, 1, 6],
			"to": [7, 3, 8],
			"faces": {
				"north": {"uv": [4, 10, 6, 12], "texture": "#6"},
				"east": {"uv": [11, 10, 13, 12], "texture": "#6"},
				"south": {"uv": [8, 9, 10, 11], "texture": "#6"},
				"up": {"uv": [7, 7, 9, 9], "texture": "#6"}
			}
		},
		{
			"from": [13, 4, 7],
			"to": [15, 6, 9],
			"faces": {
				"north": {"uv": [4, 10, 6, 12], "texture": "#6"},
				"west": {"uv": [9, 6, 11, 8], "texture": "#6"},
				"up": {"uv": [7, 7, 9, 9], "texture": "#6"}
			}
		},
		{
			"from": [13, 3, 6],
			"to": [15, 5, 8],
			"faces": {
				"north": {"uv": [4, 10, 6, 12], "texture": "#6"},
				"west": {"uv": [9, 6, 11, 8], "texture": "#6"},
				"up": {"uv": [7, 7, 9, 9], "texture": "#6"}
			}
		},
		{
			"from": [11, 3, 8],
			"to": [13, 5, 10],
			"faces": {
				"north": {"uv": [4, 10, 6, 12], "texture": "#6"},
				"south": {"uv": [8, 9, 10, 11], "texture": "#6"},
				"west": {"uv": [9, 6, 11, 8], "texture": "#6"},
				"up": {"uv": [7, 7, 9, 9], "texture": "#6"}
			}
		},
		{
			"from": [12, 4, 9],
			"to": [14, 6, 11],
			"faces": {
				"north": {"uv": [4, 10, 6, 12], "texture": "#6"},
				"south": {"uv": [8, 9, 10, 11], "texture": "#6"},
				"west": {"uv": [9, 6, 11, 8], "texture": "#6"},
				"up": {"uv": [7, 7, 9, 9], "texture": "#6"}
			}
		},
		{
			"from": [0, 0, 10],
			"to": [16, 16, 10],
			"rotation": {"angle": 45, "axis": "y", "origin": [8, 8, 10]},
			"faces": {
				"north": {"uv": [0, 0, 16, 16], "texture": "#fire"},
				"east": {"uv": [0, 0, 0, 16], "texture": "#missing"},
				"south": {"uv": [16, 0, 0, 16], "texture": "#fire"},
				"west": {"uv": [0, 0, 0, 16], "texture": "#missing"},
				"up": {"uv": [0, 0, 16, 0], "texture": "#missing"},
				"down": {"uv": [0, 0, 16, 0], "texture": "#missing"}
			}
		},
		{
			"from": [8, 0, 2],
			"to": [8, 16, 18],
			"rotation": {"angle": 45, "axis": "y", "origin": [8, 8, 10]},
			"faces": {
				"north": {"uv": [0, 0, 0, 16], "texture": "#missing"},
				"east": {"uv": [0, 0, 16, 16], "texture": "#fire"},
				"south": {"uv": [0, 0, 0, 16], "texture": "#missing"},
				"west": {"uv": [16, 0, 0, 16], "texture": "#fire"},
				"up": {"uv": [0, 0, 16, 0], "rotation": 90, "texture": "#missing"},
				"down": {"uv": [0, 0, 16, 0], "rotation": 270, "texture": "#missing"}
			}
		}
	],
	"display": {
		"thirdperson_righthand": {
			"rotation": [75, 45, 0],
			"translation": [0, 2.5, 0],
			"scale": [0.375, 0.375, 0.375]
		},
		"thirdperson_lefthand": {
			"rotation": [75, 45, 0],
			"translation": [0, 2.5, 0],
			"scale": [0.375, 0.375, 0.375]
		},
		"firstperson_righthand": {
			"rotation": [0, 45, 0],
			"scale": [0.4, 0.4, 0.4]
		},
		"firstperson_lefthand": {
			"rotation": [0, 225, 0],
			"scale": [0.4, 0.4, 0.4]
		},
		"ground": {
			"translation": [0, 3, 0],
			"scale": [0.25, 0.25, 0.25]
		},
		"gui": {
			"rotation": [30, 225, 0],
			"scale": [0.625, 0.625, 0.625]
		},
		"fixed": {
			"scale": [0.5, 0.5, 0.5]
		}
	},
	"groups": [
		{
			"name": "furnace",
			"origin": [8, 8, 8],
			"children": [
				{
					"name": "furnace",
					"origin": [8, 8, 8],
					"children": [0, 1, 2, 3, 4, 5, 6, 7, 8, 9, 10, 11]
				},
				{
					"name": "coals",
					"origin": [8, 8, 8],
					"children": [12, 13, 14, 15, 16, 17, 18, 19, 20, 21, 22, 23, 24, 25, 26, 27, 28, 29, 30, 31, 32, 33, 34, 35, 36, 37, 38, 39, 40, 41, 42, 43, 44, 45, 46, 47]
				}
			]
		},
		{
			"name": "fire",
			"origin": [8, 8, 8],
			"children": [48, 49]
		}
	]
}
