{
"ambientocclusion": "false",
"textures": {
    "particle": "block/oak_leaves",
    "block": "block/oak_leaves",
    "leaves_extra": "block/oak_leaves_extra"
},
"elements": [
{
    "from": [ 0, 0, 0 ],
    "to": [ 16, 16, 16 ],
    "faces": {
        "down":  { "uv": [ 0, 0, 16, 16 ], "texture": "#block", "tintindex": 0, "cullface": "down" },
        "up":    { "uv": [ 0, 0, 16, 16 ], "texture": "#block", "tintindex": 0, "cullface": "up" },
        "north": { "uv": [ 0, 0, 16, 16 ], "texture": "#block", "tintindex": 0, "cullface": "north" },
        "south": { "uv": [ 0, 0, 16, 16 ], "texture": "#block", "tintindex": 0, "cullface": "south" },
        "west":  { "uv": [ 0, 0, 16, 16 ], "texture": "#block", "tintindex": 0, "cullface": "west" },
        "east":  { "uv": [ 0, 0, 16, 16 ], "texture": "#block", "tintindex": 0, "cullface": "east" }
    }
},
{
    "__comment": "bl1_1",
    "from": [ -7, -8, 9 ],
    "to": [ 9, 8, 9 ],
    "rotation": { "origin": [ 9.0, 8.0, 9.0 ], "axis": "y", "angle": 45, "rescale": false },
    "faces": {
        "north": { "uv": [ 8, 8, 16, 16 ], "texture": "#leaves_extra", "tintindex": 0, "cullface": "north" },
        "south": { "uv": [ 0, 8, 8, 16 ], "texture": "#leaves_extra", "tintindex": 0, "cullface": "south" }
    }
},
{
    "__comment": "bl1_2",
    "from": [ -7, 8, 9.002 ],
    "to": [ 9, 24, 9.002 ],
    "rotation": { "origin": [ 9.0, 8.0, 9.0 ], "axis": "y", "angle": 45, "rescale": false },
    "faces": {
        "north": { "uv": [ 8, 0, 16, 8 ], "texture": "#leaves_extra", "tintindex": 0, "cullface": "north" },
        "south": { "uv": [ 0, 0, 8, 8 ], "texture": "#leaves_extra", "tintindex": 0, "cullface": "south" }
    }
},
{
    "__comment": "bl1_3",
    "from": [ 9, -8, 8.998 ],
    "to": [ 25, 8, 8.998 ],
    "rotation": { "origin": [ 9.0, 10.0, 9.0 ], "axis": "y", "angle": 45, "rescale": false },
    "faces": {
        "north": { "uv": [ 0, 8, 8, 16 ], "texture": "#leaves_extra", "tintindex": 0, "cullface": "north" },
        "south": { "uv": [ 8, 8, 16, 16 ], "texture": "#leaves_extra", "tintindex": 0, "cullface": "south" }
    }
},
{
    "__comment": "bl1_4",
    "from": [ 9, 8, 9.004 ],
    "to": [ 25, 24, 9.004 ],
    "rotation": { "origin": [ 9.0, 8.0, 9.0 ], "axis": "y", "angle": 45, "rescale": false },
    "faces": {
        "north": { "uv": [ 0, 0, 8, 8 ], "texture": "#leaves_extra", "tintindex": 0, "cullface": "north" },
        "south": { "uv": [ 8, 0, 16, 8 ], "texture": "#leaves_extra", "tintindex": 0, "cullface": "south" }
    }
},
{
    "__comment": "bl2_1",
    "from": [ -7, -8, 9.001 ],
    "to": [ 9, 8, 9.001 ],
    "rotation": { "origin": [ 9.0, 8.0, 9.0 ], "axis": "y", "angle": -45, "rescale": false },
    "faces": {
        "north": { "uv": [ 8, 8, 16, 16 ], "texture": "#leaves_extra", "tintindex": 0, "cullface": "north" },
        "south": { "uv": [ 0, 8, 8, 16 ], "texture": "#leaves_extra", "tintindex": 0, "cullface": "south" }
    }
},
{
    "__comment": "bl2_2",
    "from": [ -7, 8, 9.003 ],
    "to": [ 9, 24, 9.003 ],
    "rotation": { "origin": [ 9.0, 8.0, 9.0 ], "axis": "y", "angle": -45, "rescale": false },
    "faces": {
        "north": { "uv": [ 8, 0, 16, 8 ], "texture": "#leaves_extra", "tintindex": 0, "cullface": "north" },
        "south": { "uv": [ 0, 0, 8, 8 ], "texture": "#leaves_extra", "tintindex": 0, "cullface": "south" }
    }
},
{
    "__comment": "bl2_3",
    "from": [ 9, -8, 8.999 ],
    "to": [ 25, 8, 8.999 ],
    "rotation": { "origin": [ 9.0, 8.0, 9.0 ], "axis": "y", "angle": -45, "rescale": false },
    "faces": {
        "north": { "uv": [ 0, 8, 8, 16 ], "texture": "#leaves_extra", "tintindex": 0, "cullface": "north" },
        "south": { "uv": [ 8, 8, 16, 16 ], "texture": "#leaves_extra", "tintindex": 0, "cullface": "south" }
    }
},
{
    "__comment": "bl2_4",
    "from": [ 9, 8, 8.997 ],
    "to": [ 25, 24, 8.997 ],
    "rotation": { "origin": [ 9.0, 8.0, 9.0 ], "axis": "y", "angle": -45, "rescale": false },
    "faces": {
        "north": { "uv": [ 0, 0, 8, 8 ], "texture": "#leaves_extra", "tintindex": 0, "cullface": "north" },
        "south": { "uv": [ 8, 0, 16, 8 ], "texture": "#leaves_extra", "tintindex": 0, "cullface": "south" }
    }
}
],
"display": {
    "thirdperson_righthand": {
        "rotation": [ 75, 45, 0 ],
        "translation": [ 0, 2.5, 0 ],
        "scale": [ 0.375, 0.375, 0.375 ]
    },
    "thirdperson_lefthand": {
        "rotation": [ 75, 45, 0 ],
        "translation": [ 0, 2.5, 0 ],
        "scale": [ 0.375, 0.375, 0.375 ]
    },
    "ground": {
        "rotation": [ 0, 0, 0 ],
        "translation": [ 0, 3, 0 ],
        "scale": [ 0.25, 0.25, 0.25 ]
    },
    "fixed": {
        "rotation": [ 0, 0, 0 ],
        "translation": [ 0, 0, 0 ],
        "scale": [ 0.5, 0.5, 0.5 ]
    },
    "firstperson_righthand": {
        "rotation": [ 0, 45, 0 ],
        "translation": [ 0, 0, 0 ],
        "scale": [ 0.4, 0.4, 0.4 ]
    },
    "firstperson_lefthand": {
        "rotation": [ 0, 225, 0 ],
        "translation": [ 0, 0, 0 ],
        "scale": [ 0.4, 0.4, 0.4 ]
    },
    "gui": {
        "rotation": [ 30, 225, 0 ],
        "translation": [ 0, 0, 0 ],
        "scale": [ 0.625, 0.625, 0.625 ]
    }
}
}
