{
	"parent": "furnace",
	"textures": {
		"0": "block/observer_front",
		"3": "block/observer_top",
		"4": "block/observer_back",
		"7": "block/observer_side",
		"particle": "block/observer_front"
	},
	"elements": [
		{
			"from": [0, 0, 1],
			"to": [16, 16, 15],
			"rotation": {"angle": 0, "axis": "y", "origin": [8, 8, 9]},
			"faces": {
				"north": {"uv": [0, 0, 16, 16], "texture": "#0"},
				"east": {"uv": [1, 0, 15, 16], "texture": "#7"},
				"south": {"uv": [0, 0, 16, 16], "texture": "#4"},
				"west": {"uv": [1, 0, 15, 16], "texture": "#7"},
				"up": {"uv": [0, 1, 16, 15], "texture": "#3"},
				"down": {"uv": [0, 1, 16, 15], "texture": "#3"}
			}
		},
		{
			"from": [0, 0, 0],
			"to": [3, 16, 1],
			"faces": {
				"north": {"uv": [13, 0, 16, 16], "texture": "#0"},
				"east": {"uv": [12, 0, 13, 16], "texture": "#0"},
				"south": {"uv": [0, 0, 4, 16], "texture": "#missing"},
				"west": {"uv": [0, 0, 1, 16], "texture": "#7"},
				"up": {"uv": [0, 0, 3, 1], "texture": "#3"},
				"down": {"uv": [0, 15, 3, 16], "texture": "#3"}
			}
		},
		{
			"from": [13, 0, 0],
			"to": [16, 16, 1],
			"rotation": {"angle": 0, "axis": "y", "origin": [20, 8, 8]},
			"faces": {
				"north": {"uv": [0, 0, 3, 16], "texture": "#0"},
				"east": {"uv": [15, 0, 16, 16], "texture": "#7"},
				"south": {"uv": [0, 0, 4, 16], "texture": "#missing"},
				"west": {"uv": [15, 0, 16, 16], "texture": "#7"},
				"up": {"uv": [13, 0, 16, 1], "texture": "#3"},
				"down": {"uv": [13, 15, 16, 16], "texture": "#3"}
			}
		},
		{
			"from": [3, 0, 0],
			"to": [13, 3, 1],
			"rotation": {"angle": 0, "axis": "y", "origin": [12, 8, 8]},
			"faces": {
				"north": {"uv": [3, 13, 13, 16], "texture": "#0"},
				"east": {"uv": [0, 0, 1, 4], "texture": "#missing"},
				"south": {"uv": [0, 0, 8, 4], "texture": "#missing"},
				"west": {"uv": [0, 0, 1, 4], "texture": "#missing"},
				"up": {"uv": [3, 13, 13, 14], "texture": "#0"},
				"down": {"uv": [3, 15, 13, 16], "texture": "#3"}
			}
		},
		{
			"from": [3, 13, 0],
			"to": [13, 16, 1],
			"rotation": {"angle": 0, "axis": "y", "origin": [12, 20, 8]},
			"faces": {
				"north": {"uv": [3, 0, 13, 3], "texture": "#0"},
				"east": {"uv": [0, 0, 1, 4], "texture": "#missing"},
				"south": {"uv": [0, 0, 8, 4], "texture": "#missing"},
				"west": {"uv": [0, 0, 1, 4], "texture": "#missing"},
				"up": {"uv": [3, 0, 13, 1], "texture": "#3"},
				"down": {"uv": [3, 2, 13, 3], "texture": "#0"}
			}
		},
		{
			"from": [3, 3, 0],
			"to": [5, 5, 1],
			"rotation": {"angle": 0, "axis": "y", "origin": [11, 11, 8]},
			"faces": {
				"north": {"uv": [11, 11, 13, 13], "texture": "#0"},
				"east": {"uv": [11, 11, 12, 13], "texture": "#0"},
				"south": {"uv": [0, 0, 2, 2], "texture": "#missing"},
				"west": {"uv": [0, 0, 1, 2], "texture": "#missing"},
				"up": {"uv": [11, 11, 13, 12], "texture": "#0"},
				"down": {"uv": [0, 0, 2, 1], "texture": "#missing"}
			}
		},
		{
			"from": [3, 11, 0],
			"to": [5, 13, 1],
			"rotation": {"angle": 0, "axis": "y", "origin": [11, 19, 8]},
			"faces": {
				"north": {"uv": [11, 11, 13, 13], "texture": "#0"},
				"east": {"uv": [11, 3, 12, 5], "texture": "#0"},
				"south": {"uv": [0, 0, 2, 2], "texture": "#missing"},
				"west": {"uv": [0, 0, 1, 2], "texture": "#missing"},
				"down": {"uv": [11, 4, 13, 5], "texture": "#0"}
			}
		},
		{
			"from": [0, 0, 15],
			"to": [6, 16, 16],
			"rotation": {"angle": 0, "axis": "y", "origin": [8, 8, 23]},
			"faces": {
				"north": {"uv": [0, 0, 6, 16], "texture": "#missing"},
				"east": {"uv": [5, 0, 6, 16], "texture": "#4"},
				"south": {"uv": [0, 0, 6, 16], "texture": "#4"},
				"west": {"uv": [15, 0, 16, 16], "texture": "#7"},
				"up": {"uv": [0, 15, 6, 16], "texture": "#3"},
				"down": {"uv": [0, 0, 6, 1], "texture": "#3"}
			}
		},
		{
			"from": [10, 0, 15],
			"to": [16, 16, 16],
			"rotation": {"angle": 0, "axis": "y", "origin": [18, 8, 23]},
			"faces": {
				"north": {"uv": [0, 0, 6, 16], "texture": "#missing"},
				"east": {"uv": [0, 0, 1, 16], "texture": "#7"},
				"south": {"uv": [10, 0, 16, 16], "texture": "#4"},
				"west": {"uv": [10, 0, 11, 16], "texture": "#4"},
				"up": {"uv": [10, 15, 16, 16], "texture": "#3"},
				"down": {"uv": [10, 0, 16, 1], "texture": "#3"}
			}
		},
		{
			"from": [6, 0, 15],
			"to": [10, 6, 16],
			"rotation": {"angle": 0, "axis": "y", "origin": [14, 8, 23]},
			"faces": {
				"north": {"uv": [0, 0, 4, 6], "texture": "#missing"},
				"east": {"uv": [0, 0, 1, 6], "texture": "#missing"},
				"south": {"uv": [6, 10, 10, 16], "texture": "#4"},
				"west": {"uv": [0, 0, 1, 6], "texture": "#missing"},
				"up": {"uv": [6, 10, 10, 11], "texture": "#4"},
				"down": {"uv": [6, 0, 10, 1], "texture": "#3"}
			}
		},
		{
			"from": [6, 10, 15],
			"to": [10, 16, 16],
			"rotation": {"angle": 0, "axis": "y", "origin": [14, 18, 23]},
			"faces": {
				"north": {"uv": [0, 0, 4, 6], "texture": "#missing"},
				"east": {"uv": [0, 0, 1, 6], "texture": "#missing"},
				"south": {"uv": [6, 0, 10, 6], "texture": "#4"},
				"west": {"uv": [0, 0, 1, 6], "texture": "#missing"},
				"up": {"uv": [6, 15, 10, 16], "texture": "#3"},
				"down": {"uv": [6, 5, 10, 6], "texture": "#4"}
			}
		},
		{
			"from": [6, 10, 15],
			"to": [10, 16, 16],
			"rotation": {"angle": 0, "axis": "y", "origin": [14, 18, 23]},
			"faces": {
				"north": {"uv": [0, 0, 4, 6], "texture": "#missing"},
				"east": {"uv": [0, 0, 1, 6], "texture": "#missing"},
				"south": {"uv": [6, 0, 10, 6], "texture": "#4"},
				"west": {"uv": [0, 0, 1, 6], "texture": "#missing"},
				"up": {"uv": [6, 15, 10, 16], "texture": "#3"},
				"down": {"uv": [6, 5, 10, 6], "texture": "#4"}
			}
		},
		{
			"from": [11, 3, 0],
			"to": [13, 5, 1],
			"rotation": {"angle": 0, "axis": "y", "origin": [20, 11, 8]},
			"faces": {
				"north": {"uv": [3, 3, 5, 5], "texture": "#0"},
				"east": {"uv": [0, 0, 1, 2], "texture": "#missing"},
				"south": {"uv": [0, 0, 2, 2], "texture": "#missing"},
				"west": {"uv": [4, 11, 5, 13], "texture": "#0"},
				"up": {"uv": [3, 11, 5, 12], "texture": "#0"},
				"down": {"uv": [0, 0, 2, 1], "texture": "#missing"}
			}
		},
		{
			"from": [11, 11, 0],
			"to": [13, 13, 1],
			"rotation": {"angle": 0, "axis": "y", "origin": [20, 19, 8]},
			"faces": {
				"north": {"uv": [3, 3, 5, 5], "texture": "#0"},
				"east": {"uv": [0, 0, 1, 2], "texture": "#missing"},
				"south": {"uv": [0, 0, 2, 2], "texture": "#missing"},
				"west": {"uv": [4, 3, 5, 5], "texture": "#0"},
				"down": {"uv": [3, 4, 5, 5], "texture": "#0"}
			}
		},
		{
			"from": [11, 3, 0],
			"to": [13, 5, 1],
			"rotation": {"angle": 0, "axis": "y", "origin": [20, 11, 8]},
			"faces": {
				"north": {"uv": [3, 3, 5, 5], "texture": "#0"},
				"east": {"uv": [0, 0, 1, 2], "texture": "#missing"},
				"south": {"uv": [0, 0, 2, 2], "texture": "#missing"},
				"west": {"uv": [4, 11, 5, 13], "texture": "#0"},
				"up": {"uv": [3, 11, 5, 12], "texture": "#0"},
				"down": {"uv": [0, 0, 2, 1], "texture": "#missing"}
			}
		},
		{
			"from": [6, 4, 0],
			"to": [10, 12, 1],
			"rotation": {"angle": 0, "axis": "y", "origin": [14, 12, 8]},
			"faces": {
				"north": {"uv": [6, 4, 10, 12], "texture": "#0"},
				"east": {"uv": [6, 4, 7, 12], "texture": "#0"},
				"south": {"uv": [0, 0, 4, 8], "texture": "#missing"},
				"west": {"uv": [9, 4, 10, 12], "texture": "#0"},
				"up": {"uv": [6, 4, 10, 5], "texture": "#0"},
				"down": {"uv": [6, 11, 10, 12], "texture": "#0"}
			}
		},
		{
			"from": [4, 6, 0],
			"to": [6, 10, 1],
			"rotation": {"angle": 0, "axis": "y", "origin": [12, 17, 8]},
			"faces": {
				"north": {"uv": [10, 6, 12, 10], "texture": "#0"},
				"east": {"uv": [0, 0, 1, 4], "texture": "#missing"},
				"south": {"uv": [0, 0, 2, 4], "texture": "#missing"},
				"west": {"uv": [11, 6, 12, 10], "texture": "#0"},
				"up": {"uv": [10, 6, 12, 7], "texture": "#0"},
				"down": {"uv": [10, 9, 12, 10], "texture": "#0"}
			}
		},
		{
			"from": [10, 6, 0],
			"to": [12, 10, 1],
			"rotation": {"angle": 0, "axis": "y", "origin": [18, 17, 8]},
			"faces": {
				"north": {"uv": [4, 6, 6, 10], "texture": "#0"},
				"east": {"uv": [4, 6, 5, 10], "texture": "#0"},
				"south": {"uv": [0, 0, 2, 4], "texture": "#missing"},
				"up": {"uv": [4, 6, 6, 7], "texture": "#0"},
				"down": {"uv": [4, 9, 6, 10], "texture": "#0"}
			}
		}
	],
	"display": {
		"thirdperson_righthand": {
			"rotation": [75, 45, 0],
			"translation": [0, 2.5, 0],
			"scale": [0.375, 0.375, 0.375]
		},
		"thirdperson_lefthand": {
			"rotation": [75, 45, 0],
			"translation": [0, 2.5, 0],
			"scale": [0.375, 0.375, 0.375]
		},
		"firstperson_righthand": {
			"rotation": [0, 45, 0],
			"scale": [0.4, 0.4, 0.4]
		},
		"firstperson_lefthand": {
			"rotation": [0, 225, 0],
			"scale": [0.4, 0.4, 0.4]
		},
		"ground": {
			"translation": [0, 3, 0],
			"scale": [0.25, 0.25, 0.25]
		},
		"gui": {
			"rotation": [30, 225, 0],
			"scale": [0.625, 0.625, 0.625]
		},
		"fixed": {
			"scale": [0.5, 0.5, 0.5]
		}
	}
}