{
	"ambientocclusion": true,
	"parent": "minecraft:block/pointed_dripstone",
	"textures": {
		"particle": "block/dripstone_block",
		"end": "block/dripstone_block",
		"side": "block/dripstone_block"
	},
	"elements": [
		{
			"from": [4, 14, 4],
			"to": [12, 16, 12],
			"faces": {
				"north": {"uv": [4, 0, 12, 2], "texture": "#side"},
				"east": {"uv": [4, 0, 12, 2], "texture": "#side"},
				"south": {"uv": [4, 0, 12, 2], "texture": "#side"},
				"west": {"uv": [4, 0, 12, 2], "texture": "#side"},
				"up": {"uv": [0, 0, 8, 8], "texture": "#end"},
				"down": {"uv": [4, 4, 12, 12], "texture": "#end"}
			}
		},
		{
			"from": [4, 11, 4],
			"to": [11, 14, 11],
			"faces": {
				"north": {"uv": [4, 2, 11, 5], "texture": "#side"},
				"east": {"uv": [4, 2, 11, 5], "texture": "#side"},
				"south": {"uv": [4, 2, 11, 5], "texture": "#side"},
				"west": {"uv": [4, 2, 11, 5], "texture": "#side"},
				"down": {"uv": [4, 5, 11, 12], "texture": "#end"}
			}
		},
		{
			"from": [4, 10, 5],
			"to": [10, 11, 11],
			"faces": {
				"north": {"uv": [4, 5, 10, 6], "texture": "#side"},
				"east": {"uv": [4, 5, 10, 6], "texture": "#side"},
				"south": {"uv": [4, 5, 10, 6], "texture": "#side"},
				"west": {"uv": [4, 5, 10, 6], "texture": "#side"},
				"down": {"uv": [4, 5, 10, 11], "texture": "#end"}
			}
		},
		{
			"from": [5, 4, 5],
			"to": [10, 10, 10],
			"faces": {
				"north": {"uv": [5, 6, 10, 12], "texture": "#side"},
				"east": {"uv": [5, 6, 10, 12], "texture": "#side"},
				"south": {"uv": [5, 6, 10, 12], "texture": "#side"},
				"west": {"uv": [5, 6, 10, 12], "texture": "#side"},
				"down": {"uv": [6, 5, 11, 10], "texture": "#end"}
			}
		},
		{
			"from": [5, 3, 6],
			"to": [9, 4, 10],
			"faces": {
				"north": {"uv": [5, 12, 9, 13], "texture": "#side"},
				"east": {"uv": [5, 12, 9, 13], "texture": "#side"},
				"south": {"uv": [5, 12, 9, 13], "texture": "#side"},
				"west": {"uv": [5, 12, 9, 13], "texture": "#side"},
				"down": {"uv": [7, 6, 11, 10], "texture": "#end"}
			}
		},
		{
			"from": [6, 0, 7],
			"to": [9, 3, 10],
			"faces": {
				"north": {"uv": [6, 13, 9, 16], "texture": "#side"},
				"east": {"uv": [6, 13, 9, 16], "texture": "#side"},
				"south": {"uv": [6, 13, 9, 16], "texture": "#side"},
				"west": {"uv": [6, 13, 9, 16], "texture": "#side"},
				"down": {"uv": [7, 7, 10, 10], "texture": "#end"}
			}
		}
	]
}
