{
	"ambientocclusion": true,
	"parent": "minecraft:block/pointed_dripstone",
	"textures": {
		"particle": "block/dripstone_block",
		"end": "block/dripstone_block",
		"side": "block/dripstone_block"
	},
	"elements": [
		{
			"from": [4, 15, 4],
			"to": [12, 16, 12],
			"rotation": {"angle": 0, "axis": "y", "origin": [12, 23, 12]},
			"faces": {
				"north": {"uv": [4, 0, 12, 1], "texture": "#side"},
				"east": {"uv": [4, 0, 12, 1], "texture": "#side"},
				"south": {"uv": [4, 0, 12, 1], "texture": "#side"},
				"west": {"uv": [4, 0, 12, 1], "texture": "#side"},
				"up": {"uv": [4, 4, 12, 12], "texture": "#end"},
				"down": {"uv": [4, 4, 12, 12], "texture": "#end"}
			}
		},
		{
			"from": [5, 14, 5],
			"to": [12, 15, 12],
			"rotation": {"angle": 0, "axis": "y", "origin": [13, 22, 13]},
			"faces": {
				"north": {"uv": [5, 1, 12, 2], "texture": "#side"},
				"east": {"uv": [5, 1, 12, 2], "texture": "#side"},
				"south": {"uv": [5, 1, 12, 2], "texture": "#side"},
				"west": {"uv": [5, 1, 12, 2], "texture": "#side"},
				"down": {"uv": [5, 4, 12, 11], "texture": "#end"}
			}
		},
		{
			"from": [5, 11, 5],
			"to": [11, 14, 11],
			"rotation": {"angle": 0, "axis": "y", "origin": [13, 19, 13]},
			"faces": {
				"north": {"uv": [5, 2, 11, 5], "texture": "#side"},
				"east": {"uv": [5, 2, 11, 5], "texture": "#side"},
				"south": {"uv": [5, 2, 11, 5], "texture": "#side"},
				"west": {"uv": [5, 2, 11, 5], "texture": "#side"},
				"down": {"uv": [5, 5, 11, 11], "texture": "#end"}
			}
		},
		{
			"from": [6, 8, 6],
			"to": [10, 11, 10],
			"rotation": {"angle": 0, "axis": "y", "origin": [14, 16, 14]},
			"faces": {
				"north": {"uv": [6, 5, 10, 8], "texture": "#side"},
				"east": {"uv": [6, 5, 10, 8], "texture": "#side"},
				"south": {"uv": [6, 5, 10, 8], "texture": "#side"},
				"west": {"uv": [6, 5, 10, 8], "texture": "#side"},
				"down": {"uv": [6, 6, 10, 10], "texture": "#end"}
			}
		},
		{
			"from": [6, 6, 7],
			"to": [9, 8, 10],
			"rotation": {"angle": 0, "axis": "y", "origin": [14, 14, 15]},
			"faces": {
				"north": {"uv": [6, 8, 9, 10], "texture": "#side"},
				"east": {"uv": [6, 8, 9, 10], "texture": "#side"},
				"south": {"uv": [6, 8, 9, 10], "texture": "#side"},
				"west": {"uv": [6, 8, 9, 10], "texture": "#side"},
				"down": {"uv": [5, 5, 8, 8], "texture": "#end"}
			}
		},
		{
			"from": [7, 5, 8],
			"to": [9, 6, 10],
			"rotation": {"angle": 0, "axis": "y", "origin": [15, 13, 16]},
			"faces": {
				"north": {"uv": [7, 10, 9, 11], "texture": "#side"},
				"east": {"uv": [7, 10, 9, 11], "texture": "#side"},
				"south": {"uv": [7, 10, 9, 11], "texture": "#side"},
				"west": {"uv": [7, 10, 9, 11], "texture": "#side"},
				"down": {"uv": [6, 7, 8, 9], "texture": "#end"}
			}
		}
	]
}
