{
	"ambientocclusion": false,
	"textures": {
		"1": "block/rail_corner",
		"particle": "#rail"
	},
	"elements": [
		{
			"name": "rail_corner_0",
			"from": [4, 0, 4],
			"to": [11, 1, 11],
			"faces": {
				"north": {"uv": [11, 4, 4, 5], "texture": "#1"},
				"east": {"uv": [10, 4, 11, 11], "rotation": 90, "texture": "#1"},
				"south": {"uv": [4, 10, 11, 11], "texture": "#1"},
				"west": {"uv": [4, 4, 5, 11], "rotation": 270, "texture": "#1"},
				"up": {"uv": [4, 4, 11, 11], "texture": "#1"},
				"down": {"uv": [4, 11, 11, 4], "texture": "#1"}
			}
		},
		{
			"name": "rail_corner_1",
			"from": [12, 0, 4],
			"to": [15, 1, 12],
			"faces": {
				"north": {"uv": [15, 4, 12, 5], "texture": "#1"},
				"east": {"uv": [14, 4, 15, 12], "rotation": 90, "texture": "#1"},
				"south": {"uv": [12, 11, 15, 12], "texture": "#1"},
				"west": {"uv": [12, 4, 13, 12], "rotation": 270, "texture": "#1"},
				"up": {"uv": [12, 4, 15, 12], "texture": "#1"},
				"down": {"uv": [12, 12, 15, 4], "texture": "#1"}
			}
		},
		{
			"name": "rail_corner_3",
			"from": [2, 0, 2],
			"to": [16, 2, 4],
			"faces": {
				"north": {"uv": [16, 2, 2, 4], "texture": "#1"},
				"east": {"uv": [14, 2, 16, 4], "rotation": 90, "texture": "#1"},
				"south": {"uv": [2, 2, 16, 4], "texture": "#1"},
				"west": {"uv": [2, 2, 4, 4], "rotation": 270, "texture": "#1"},
				"up": {"uv": [2, 2, 16, 4], "texture": "#1"},
				"down": {"uv": [2, 4, 16, 2], "texture": "#1"}
			}
		},
		{
			"name": "rail_corner_4",
			"from": [2, 0, 4],
			"to": [4, 2, 16],
			"faces": {
				"north": {"uv": [4, 4, 2, 6], "texture": "#1"},
				"east": {"uv": [2, 4, 4, 16], "rotation": 90, "texture": "#1"},
				"south": {"uv": [2, 14, 4, 16], "texture": "#1"},
				"west": {"uv": [2, 4, 4, 16], "rotation": 270, "texture": "#1"},
				"up": {"uv": [2, 4, 4, 16], "texture": "#1"},
				"down": {"uv": [2, 16, 4, 4], "texture": "#1"}
			}
		},
		{
			"name": "rail_corner_5",
			"from": [1, 0, 12],
			"to": [2, 1, 15],
			"faces": {
				"north": {"uv": [2, 12, 1, 13], "texture": "#1"},
				"east": {"uv": [1, 12, 2, 15], "rotation": 90, "texture": "#1"},
				"south": {"uv": [1, 14, 2, 15], "texture": "#1"},
				"west": {"uv": [1, 12, 2, 15], "rotation": 270, "texture": "#1"},
				"up": {"uv": [1, 12, 2, 15], "texture": "#1"},
				"down": {"uv": [1, 15, 2, 12], "texture": "#1"}
			}
		},
		{
			"name": "rail_corner_6",
			"from": [4, 0, 12],
			"to": [12, 1, 15],
			"faces": {
				"north": {"uv": [12, 12, 4, 13], "texture": "#1"},
				"east": {"uv": [11, 12, 12, 15], "rotation": 90, "texture": "#1"},
				"south": {"uv": [4, 14, 12, 15], "texture": "#1"},
				"west": {"uv": [4, 12, 5, 15], "rotation": 270, "texture": "#1"},
				"up": {"uv": [4, 12, 12, 15], "texture": "#1"},
				"down": {"uv": [4, 15, 12, 12], "texture": "#1"}
			}
		},
		{
			"name": "rail_corner_7",
			"from": [12, 0, 12],
			"to": [16, 2, 14],
			"faces": {
				"north": {"uv": [16, 12, 12, 14], "texture": "#1"},
				"east": {"uv": [14, 12, 16, 14], "rotation": 90, "texture": "#1"},
				"south": {"uv": [12, 12, 16, 14], "texture": "#1"},
				"west": {"uv": [12, 12, 14, 14], "rotation": 270, "texture": "#1"},
				"up": {"uv": [12, 12, 16, 14], "texture": "#1"},
				"down": {"uv": [12, 14, 16, 12], "texture": "#1"}
			}
		},
		{
			"name": "rail_corner_8",
			"from": [12, 0, 14],
			"to": [14, 2, 16],
			"faces": {
				"north": {"uv": [14, 14, 12, 16], "texture": "#1"},
				"east": {"uv": [12, 14, 14, 16], "rotation": 90, "texture": "#1"},
				"south": {"uv": [12, 14, 14, 16], "texture": "#1"},
				"west": {"uv": [12, 14, 14, 16], "rotation": 270, "texture": "#1"},
				"up": {"uv": [12, 14, 14, 16], "texture": "#1"},
				"down": {"uv": [12, 16, 14, 14], "texture": "#1"}
			}
		},
		{
			"from": [14, 0, 14],
			"to": [15, 1, 15],
			"faces": {
				"north": {"uv": [14, 14, 15, 15], "texture": "#1"},
				"east": {"uv": [14, 14, 15, 15], "texture": "#1"},
				"south": {"uv": [14, 14, 15, 15], "texture": "#1"},
				"west": {"uv": [14, 14, 15, 15], "texture": "#1"},
				"up": {"uv": [14, 14, 15, 15], "texture": "#1"},
				"down": {"uv": [14, 14, 15, 15], "texture": "#1"}
			}
		},
		{
			"from": [12, 0, 1],
			"to": [15, 1, 2],
			"faces": {
				"north": {"uv": [12, 1, 15, 2], "texture": "#1"},
				"east": {"uv": [14, 1, 15, 2], "texture": "#1"},
				"south": {"uv": [12, 1, 15, 2], "texture": "#1"},
				"west": {"uv": [12, 1, 13, 2], "texture": "#1"},
				"up": {"uv": [12, 1, 15, 2], "texture": "#1"},
				"down": {"uv": [12, 1, 15, 2], "texture": "#1"}
			}
		},
		{
			"from": [1, 0, 1],
			"to": [11, 1, 2],
			"faces": {
				"north": {"uv": [1, 1, 11, 2], "texture": "#1"},
				"east": {"uv": [10, 1, 11, 2], "texture": "#1"},
				"south": {"uv": [1, 1, 11, 2], "texture": "#1"},
				"west": {"uv": [1, 1, 2, 2], "texture": "#1"},
				"up": {"uv": [1, 1, 11, 2], "texture": "#1"},
				"down": {"uv": [1, 1, 11, 2], "texture": "#1"}
			}
		},
		{
			"from": [1, 0, 2],
			"to": [2, 1, 11],
			"faces": {
				"north": {"uv": [1, 1, 2, 2], "texture": "#1"},
				"east": {"uv": [1, 1, 2, 11], "rotation": 90, "texture": "#1"},
				"south": {"uv": [1, 10, 2, 11], "texture": "#1"},
				"west": {"uv": [1, 1, 2, 11], "rotation": 90, "texture": "#1"},
				"up": {"uv": [1, 2, 2, 11], "texture": "#1"},
				"down": {"uv": [1, 2, 2, 11], "texture": "#1"}
			}
		}
	],
	"groups": [
		{
			"name": "rail_corner",
			"origin": [8, 8, 8],
			"children": [0, 1, 2, 3, 4, 5, 6, 7, 8, 9, 10, 11]
		}
	]
}
