{
	"credit": "Made with Blockbench",
	"ambientocclusion": false,
	"textures": {
		"particle": "block/rail",
		"rail": "block/rail"
	},
	"elements": [
		{
			"name": "rail_0",
			"from": [2, 0, 0],
			"to": [4, 2, 16],
			"faces": {
				"north": {"uv": [4, 0, 2, 1], "texture": "#rail"},
				"east": {"uv": [3, 0, 4, 16], "rotation": 90, "texture": "#rail"},
				"south": {"uv": [2, 15, 4, 16], "texture": "#rail"},
				"west": {"uv": [2, 0, 3, 16], "rotation": 270, "texture": "#rail"},
				"up": {"uv": [2, 0, 4, 16], "texture": "#rail"},
				"down": {"uv": [2, 16, 4, 0], "texture": "#rail"}
			}
		},
		{
			"name": "rail_1",
			"from": [12, 0, 0],
			"to": [14, 2, 16],
			"faces": {
				"north": {"uv": [14, 0, 12, 1], "texture": "#rail"},
				"east": {"uv": [13, 0, 14, 16], "rotation": 90, "texture": "#rail"},
				"south": {"uv": [12, 15, 14, 16], "texture": "#rail"},
				"west": {"uv": [12, 0, 13, 16], "rotation": 270, "texture": "#rail"},
				"up": {"uv": [12, 0, 14, 16], "texture": "#rail"},
				"down": {"uv": [12, 16, 14, 0], "texture": "#rail"}
			}
		},
		{
			"name": "rail_2",
			"from": [1, 0, 1],
			"to": [2, 1, 4],
			"faces": {
				"north": {"uv": [2, 1, 1, 2], "texture": "#rail"},
				"east": {"uv": [1, 1, 2, 4], "rotation": 90, "texture": "#rail"},
				"south": {"uv": [1, 3, 2, 4], "texture": "#rail"},
				"west": {"uv": [1, 1, 2, 4], "rotation": 270, "texture": "#rail"},
				"up": {"uv": [1, 1, 2, 4], "texture": "#rail"},
				"down": {"uv": [1, 4, 2, 1], "texture": "#rail"}
			}
		},
		{
			"name": "rail_3",
			"from": [4, 0, 1],
			"to": [12, 1, 4],
			"faces": {
				"north": {"uv": [12, 1, 4, 2], "texture": "#rail"},
				"east": {"uv": [11, 1, 12, 4], "rotation": 90, "texture": "#rail"},
				"south": {"uv": [4, 3, 12, 4], "texture": "#rail"},
				"west": {"uv": [4, 1, 5, 4], "rotation": 270, "texture": "#rail"},
				"up": {"uv": [4, 1, 12, 4], "texture": "#rail"},
				"down": {"uv": [4, 4, 12, 1], "texture": "#rail"}
			}
		},
		{
			"name": "rail_4",
			"from": [14, 0, 1],
			"to": [15, 1, 4],
			"faces": {
				"north": {"uv": [15, 1, 14, 2], "texture": "#rail"},
				"east": {"uv": [14, 1, 15, 4], "rotation": 90, "texture": "#rail"},
				"south": {"uv": [14, 3, 15, 4], "texture": "#rail"},
				"west": {"uv": [14, 1, 15, 4], "rotation": 270, "texture": "#rail"},
				"up": {"uv": [14, 1, 15, 4], "texture": "#rail"},
				"down": {"uv": [14, 4, 15, 1], "texture": "#rail"}
			}
		},
		{
			"name": "rail_5",
			"from": [1, 0, 5],
			"to": [2, 1, 8],
			"faces": {
				"north": {"uv": [2, 5, 1, 6], "texture": "#rail"},
				"east": {"uv": [1, 5, 2, 8], "rotation": 90, "texture": "#rail"},
				"south": {"uv": [1, 7, 2, 8], "texture": "#rail"},
				"west": {"uv": [1, 5, 2, 8], "rotation": 270, "texture": "#rail"},
				"up": {"uv": [1, 5, 2, 8], "texture": "#rail"},
				"down": {"uv": [1, 8, 2, 5], "texture": "#rail"}
			}
		},
		{
			"name": "rail_6",
			"from": [4, 0, 5],
			"to": [12, 1, 8],
			"faces": {
				"north": {"uv": [12, 5, 4, 6], "texture": "#rail"},
				"east": {"uv": [11, 5, 12, 8], "rotation": 90, "texture": "#rail"},
				"south": {"uv": [4, 7, 12, 8], "texture": "#rail"},
				"west": {"uv": [4, 5, 5, 8], "rotation": 270, "texture": "#rail"},
				"up": {"uv": [4, 5, 12, 8], "texture": "#rail"},
				"down": {"uv": [4, 8, 12, 5], "texture": "#rail"}
			}
		},
		{
			"name": "rail_7",
			"from": [14, 0, 5],
			"to": [15, 1, 8],
			"faces": {
				"north": {"uv": [15, 5, 14, 6], "texture": "#rail"},
				"east": {"uv": [14, 5, 15, 8], "rotation": 90, "texture": "#rail"},
				"south": {"uv": [14, 7, 15, 8], "texture": "#rail"},
				"west": {"uv": [14, 5, 15, 8], "rotation": 270, "texture": "#rail"},
				"up": {"uv": [14, 5, 15, 8], "texture": "#rail"},
				"down": {"uv": [14, 8, 15, 5], "texture": "#rail"}
			}
		},
		{
			"name": "rail_8",
			"from": [1, 0, 9],
			"to": [2, 1, 12],
			"faces": {
				"north": {"uv": [2, 9, 1, 10], "texture": "#rail"},
				"east": {"uv": [1, 9, 2, 12], "rotation": 90, "texture": "#rail"},
				"south": {"uv": [1, 11, 2, 12], "texture": "#rail"},
				"west": {"uv": [1, 9, 2, 12], "rotation": 270, "texture": "#rail"},
				"up": {"uv": [1, 9, 2, 12], "texture": "#rail"},
				"down": {"uv": [1, 12, 2, 9], "texture": "#rail"}
			}
		},
		{
			"name": "rail_9",
			"from": [4, 0, 9],
			"to": [12, 1, 12],
			"faces": {
				"north": {"uv": [12, 9, 4, 10], "texture": "#rail"},
				"east": {"uv": [11, 9, 12, 12], "rotation": 90, "texture": "#rail"},
				"south": {"uv": [4, 11, 12, 12], "texture": "#rail"},
				"west": {"uv": [4, 9, 5, 12], "rotation": 270, "texture": "#rail"},
				"up": {"uv": [4, 9, 12, 12], "texture": "#rail"},
				"down": {"uv": [4, 12, 12, 9], "texture": "#rail"}
			}
		},
		{
			"name": "rail_10",
			"from": [14, 0, 9],
			"to": [15, 1, 12],
			"faces": {
				"north": {"uv": [15, 9, 14, 10], "texture": "#rail"},
				"east": {"uv": [14, 9, 15, 12], "rotation": 90, "texture": "#rail"},
				"south": {"uv": [14, 11, 15, 12], "texture": "#rail"},
				"west": {"uv": [14, 9, 15, 12], "rotation": 270, "texture": "#rail"},
				"up": {"uv": [14, 9, 15, 12], "texture": "#rail"},
				"down": {"uv": [14, 12, 15, 9], "texture": "#rail"}
			}
		},
		{
			"name": "rail_11",
			"from": [1, 0, 13],
			"to": [2, 1, 16],
			"faces": {
				"north": {"uv": [2, 13, 1, 14], "texture": "#rail"},
				"east": {"uv": [1, 13, 2, 16], "rotation": 90, "texture": "#rail"},
				"south": {"uv": [1, 15, 2, 16], "texture": "#rail"},
				"west": {"uv": [1, 13, 2, 16], "rotation": 270, "texture": "#rail"},
				"up": {"uv": [1, 13, 2, 16], "texture": "#rail"},
				"down": {"uv": [1, 16, 2, 13], "texture": "#rail"}
			}
		},
		{
			"name": "rail_12",
			"from": [4, 0, 13],
			"to": [12, 1, 16],
			"faces": {
				"north": {"uv": [12, 13, 4, 14], "texture": "#rail"},
				"east": {"uv": [11, 13, 12, 16], "rotation": 90, "texture": "#rail"},
				"south": {"uv": [4, 15, 12, 16], "texture": "#rail"},
				"west": {"uv": [4, 13, 5, 16], "rotation": 270, "texture": "#rail"},
				"up": {"uv": [4, 13, 12, 16], "texture": "#rail"},
				"down": {"uv": [4, 16, 12, 13], "texture": "#rail"}
			}
		},
		{
			"name": "rail_13",
			"from": [14, 0, 13],
			"to": [15, 1, 16],
			"faces": {
				"north": {"uv": [15, 13, 14, 14], "texture": "#rail"},
				"east": {"uv": [14, 13, 15, 16], "rotation": 90, "texture": "#rail"},
				"south": {"uv": [14, 15, 15, 16], "texture": "#rail"},
				"west": {"uv": [14, 13, 15, 16], "rotation": 270, "texture": "#rail"},
				"up": {"uv": [14, 13, 15, 16], "texture": "#rail"},
				"down": {"uv": [14, 16, 15, 13], "texture": "#rail"}
			}
		}
	],
	"groups": [
		{
			"name": "rail",
			"origin": [8, 8, 8],
			"children": [0, 1, 2, 3, 4, 5, 6, 7, 8, 9, 10, 11, 12, 13]
		}
	]
}