{
	"textures": {
		"0": "block/red_mushroom",
		"1": "block/mushroom_block_inside",
		"2": "block/red_mushroom_base",
		"particle": "block/red_mushroom"
	},
	"elements": [
		{
			"from": [10, 0, 6],
			"to": [11, 1, 7],
			"rotation": {"angle": 0, "axis": "y", "origin": [8, 2, 8]},
			"faces": {
				"north": {"uv": [8, 15, 9, 16], "texture": "#0"},
				"east": {"uv": [7, 15, 8, 16], "texture": "#0"},
				"south": {"uv": [8, 15, 9, 16], "texture": "#0"},
				"west": {"uv": [7, 15, 8, 16], "texture": "#0"},
				"down": {"uv": [8, 14, 9, 15], "texture": "#0"}
			}
		},
		{
			"from": [9, 1, 5],
			"to": [12, 3, 8],
			"rotation": {"angle": 0, "axis": "y", "origin": [8, 2, 8]},
			"faces": {
				"north": {"uv": [6, 12, 9, 14], "texture": "#0"},
				"east": {"uv": [5, 12, 8, 14], "texture": "#0"},
				"south": {"uv": [6, 12, 9, 14], "texture": "#0"},
				"west": {"uv": [8, 12, 11, 14], "texture": "#0"},
				"up": {"uv": [2, 6, 5, 9], "texture": "#2"},
				"down": {"uv": [7, 7, 10, 10], "texture": "#1"}
			}
		},
		{
			"from": [8, 0, 11],
			"to": [9, 1, 12],
			"rotation": {"angle": 0, "axis": "y", "origin": [8, 2, 8]},
			"faces": {
				"north": {"uv": [8, 15, 9, 16], "texture": "#0"},
				"east": {"uv": [7, 15, 8, 16], "texture": "#0"},
				"south": {"uv": [8, 15, 9, 16], "texture": "#0"},
				"west": {"uv": [7, 15, 8, 16], "texture": "#0"},
				"down": {"uv": [8, 14, 9, 15], "texture": "#0"}
			}
		},
		{
			"from": [8, 1, 11],
			"to": [9, 2, 12],
			"rotation": {"angle": 0, "axis": "y", "origin": [8, 2, 8]},
			"faces": {
				"north": {"uv": [10, 13, 11, 14], "texture": "#0"},
				"east": {"uv": [6, 13, 7, 14], "texture": "#0"},
				"south": {"uv": [7, 13, 8, 14], "texture": "#0"},
				"west": {"uv": [8, 13, 9, 14], "texture": "#0"},
				"up": {"uv": [10, 7, 11, 8], "texture": "#2"},
				"down": {"uv": [8, 8, 9, 9], "texture": "#1"}
			}
		},
		{
			"from": [4, 0, 9],
			"to": [5, 1, 10],
			"rotation": {"angle": 0, "axis": "y", "origin": [8, 2, 8]},
			"faces": {
				"north": {"uv": [8, 15, 9, 16], "texture": "#0"},
				"east": {"uv": [7, 15, 8, 16], "texture": "#0"},
				"south": {"uv": [8, 15, 9, 16], "texture": "#0"},
				"west": {"uv": [7, 15, 8, 16], "texture": "#0"},
				"down": {"uv": [8, 14, 9, 15], "texture": "#0"}
			}
		},
		{
			"from": [3.5, 1, 8.5],
			"to": [5.5, 3, 10.5],
			"rotation": {"angle": 0, "axis": "y", "origin": [8, 2, 8]},
			"faces": {
				"north": {"uv": [6, 12, 8, 14], "texture": "#0"},
				"east": {"uv": [4, 12, 6, 14], "texture": "#0"},
				"south": {"uv": [6, 12, 8, 14], "texture": "#0"},
				"west": {"uv": [8, 12, 10, 14], "texture": "#0"},
				"up": {"uv": [12, 12, 14, 14], "texture": "#2"},
				"down": {"uv": [5, 6, 7, 8], "texture": "#1"}
			}
		}
	],
	"groups": [
		{
			"name": "group",
			"origin": [8, 8, 8],
			"children": [
				{
					"name": "group",
					"origin": [8, 8, 8],
					"children": [0, 1]
				},
				{
					"name": "group",
					"origin": [8, 8, 8],
					"children": [2, 3]
				},
				{
					"name": "group",
					"origin": [8, 8, 8],
					"children": [4, 5]
				}
			]
		}
	]
}