{
	"parent": "furnace",
	"textures": {
		"0": "block/smoker_front",
		"3": "block/smoker_top",
		"4": "block/furnace_inside_side",
		"5": "block/furnace_inside_top",
		"6": "block/lit_coal_block",
		"7": "block/smoker_bottom",
		"8": "block/furnace_front",
		"9": "block/smoker_front_on",
		"10": "block/smoker_side",
		"particle": "block/smoker_front"
	},
	"elements": [
		{
			"from": [0, 14, 9],
			"to": [16, 16, 16],
			"faces": {
				"north": {"uv": [0, 6, 16, 8], "texture": "#3"},
				"east": {"uv": [0, 0, 7, 2], "texture": "#10"},
				"south": {"uv": [0, 0, 16, 2], "texture": "#10"},
				"west": {"uv": [9, 0, 16, 2], "texture": "#10"},
				"up": {"uv": [0, 9, 16, 16], "texture": "#3"},
				"down": {"uv": [0, 0, 16, 7], "texture": "#5", "cullface": "down"}
			}
		},
		{
			"from": [0, 14, 0],
			"to": [16, 16, 7],
			"faces": {
				"north": {"uv": [0, 0, 16, 2], "texture": "#0"},
				"east": {"uv": [9, 0, 16, 2], "texture": "#10"},
				"south": {"uv": [0, 8, 16, 10], "rotation": 180, "texture": "#3"},
				"west": {"uv": [0, 0, 7, 2], "texture": "#10"},
				"up": {"uv": [0, 0, 16, 7], "texture": "#3"},
				"down": {"uv": [0, 9, 16, 16], "texture": "#5", "cullface": "down"}
			}
		},
		{
			"from": [0, 14, 7],
			"to": [7, 16, 9],
			"faces": {
				"east": {"uv": [6, 7, 8, 9], "rotation": 90, "texture": "#3"},
				"west": {"uv": [7, 0, 9, 2], "texture": "#10"},
				"up": {"uv": [0, 7, 7, 9], "texture": "#3"},
				"down": {"uv": [0, 7, 7, 9], "texture": "#5", "cullface": "down"}
			}
		},
		{
			"from": [9, 14, 7],
			"to": [16, 16, 9],
			"faces": {
				"east": {"uv": [7, 0, 9, 2], "texture": "#10"},
				"west": {"uv": [8, 7, 10, 9], "rotation": 270, "texture": "#3"},
				"up": {"uv": [9, 7, 16, 9], "texture": "#3"},
				"down": {"uv": [9, 7, 16, 9], "texture": "#5", "cullface": "down"}
			}
		},
		{
			"from": [0, 2, 1],
			"to": [2, 14, 16],
			"faces": {
				"east": {"uv": [0, 2, 16, 14], "texture": "#4"},
				"south": {"uv": [0, 2, 2, 14], "texture": "#10"},
				"west": {"uv": [1, 2, 16, 14], "texture": "#10"}
			}
		},
		{
			"from": [14, 2, 1],
			"to": [16, 14, 16],
			"faces": {
				"east": {"uv": [0, 2, 15, 14], "texture": "#10"},
				"south": {"uv": [12, 2, 14, 14], "texture": "#10"},
				"west": {"uv": [0, 2, 16, 14], "texture": "#4"}
			}
		},
		{
			"from": [2, 2, 14],
			"to": [14, 14, 16],
			"faces": {
				"north": {"uv": [2, 2, 14, 14], "texture": "#4"},
				"south": {"uv": [2, 2, 14, 14], "texture": "#10"}
			}
		},
		{
			"from": [0, 0, 0],
			"to": [16, 2, 16],
			"faces": {
				"north": {"uv": [0, 14, 16, 16], "texture": "#8"},
				"east": {"uv": [0, 14, 16, 16], "texture": "#10"},
				"south": {"uv": [0, 14, 16, 16], "texture": "#10"},
				"west": {"uv": [0, 14, 16, 16], "texture": "#10"},
				"up": {"uv": [0, 0, 16, 16], "texture": "#5"},
				"down": {"uv": [0, 0, 16, 16], "texture": "#7", "cullface": "down"}
			}
		},
		{
			"from": [2, 6, 0],
			"to": [14, 7, 2],
			"faces": {
				"north": {"uv": [2, 9, 14, 10], "texture": "#0"},
				"up": {"uv": [2, 0, 14, 2], "rotation": 180, "texture": "#0"},
				"down": {"uv": [2, 0, 14, 2], "texture": "#0"}
			}
		},
		{
			"from": [2, 13, 0],
			"to": [14, 14, 2],
			"faces": {
				"north": {"uv": [2, 2, 14, 3], "texture": "#0"},
				"south": {"uv": [2, 9, 14, 10], "texture": "#4"},
				"down": {"uv": [2, 0, 14, 2], "texture": "#0"}
			}
		},
		{
			"from": [0, 2, 0],
			"to": [2, 14, 1],
			"faces": {
				"north": {"uv": [14, 2, 16, 14], "texture": "#0"},
				"east": {"uv": [14, 2, 15, 14], "texture": "#0"},
				"west": {"uv": [0, 2, 1, 14], "texture": "#10"}
			}
		},
		{
			"from": [14, 2, 0],
			"to": [16, 14, 1],
			"faces": {
				"north": {"uv": [0, 2, 2, 14], "texture": "#0"},
				"east": {"uv": [15, 2, 16, 14], "texture": "#10"},
				"west": {"uv": [1, 2, 2, 14], "texture": "#0"}
			}
		},
		{
			"from": [4, 2, 6],
			"to": [6, 4, 8],
			"faces": {
				"north": {"uv": [4, 10, 6, 12], "texture": "#6"},
				"east": {"uv": [11, 10, 13, 12], "texture": "#6"},
				"south": {"uv": [8, 9, 10, 11], "texture": "#6"},
				"up": {"uv": [7, 7, 9, 9], "texture": "#6"}
			}
		},
		{
			"from": [2, 2, 6],
			"to": [4, 4, 8],
			"faces": {
				"north": {"uv": [4, 10, 6, 12], "texture": "#6"},
				"up": {"uv": [7, 7, 9, 9], "texture": "#6"}
			}
		},
		{
			"from": [2, 4, 8],
			"to": [4, 6, 10],
			"faces": {
				"north": {"uv": [4, 10, 6, 12], "texture": "#6"},
				"east": {"uv": [11, 10, 13, 12], "texture": "#6"},
				"south": {"uv": [8, 9, 10, 11], "texture": "#6"}
			}
		},
		{
			"from": [3, 3, 6],
			"to": [5, 5, 8],
			"faces": {
				"north": {"uv": [4, 10, 6, 12], "texture": "#6"},
				"east": {"uv": [11, 10, 13, 12], "texture": "#6"},
				"south": {"uv": [8, 9, 10, 11], "texture": "#6"},
				"west": {"uv": [9, 6, 11, 8], "texture": "#6"},
				"up": {"uv": [7, 7, 9, 9], "texture": "#6"}
			}
		},
		{
			"from": [1, 3, 7],
			"to": [3, 5, 9],
			"faces": {
				"north": {"uv": [4, 10, 6, 12], "texture": "#6"},
				"up": {"uv": [7, 7, 9, 9], "texture": "#6"}
			}
		},
		{
			"from": [2, 2, 10],
			"to": [4, 4, 12],
			"faces": {
				"east": {"uv": [11, 10, 13, 12], "texture": "#6"},
				"south": {"uv": [8, 9, 10, 11], "texture": "#6"},
				"up": {"uv": [7, 7, 9, 9], "texture": "#6"}
			}
		},
		{
			"from": [8, 2, 12],
			"to": [10, 4, 14],
			"faces": {
				"north": {"uv": [4, 10, 6, 12], "texture": "#6"},
				"east": {"uv": [11, 10, 13, 12], "texture": "#6"},
				"west": {"uv": [9, 6, 11, 8], "texture": "#6"},
				"up": {"uv": [7, 7, 9, 9], "texture": "#6"}
			}
		},
		{
			"from": [5, 2, 12],
			"to": [7, 4, 14],
			"faces": {
				"north": {"uv": [4, 10, 6, 12], "texture": "#6"},
				"east": {"uv": [11, 10, 13, 12], "texture": "#6"},
				"west": {"uv": [9, 6, 11, 8], "texture": "#6"},
				"up": {"uv": [7, 7, 9, 9], "texture": "#6"}
			}
		},
		{
			"from": [6, 3, 12],
			"to": [8, 5, 14],
			"faces": {
				"north": {"uv": [4, 10, 6, 12], "texture": "#6"},
				"east": {"uv": [11, 10, 13, 12], "texture": "#6"},
				"west": {"uv": [9, 6, 11, 8], "texture": "#6"},
				"up": {"uv": [7, 7, 9, 9], "texture": "#6"},
				"down": {"uv": [7, 11, 9, 13], "texture": "#6"}
			}
		},
		{
			"from": [7, 2, 11],
			"to": [9, 4, 13],
			"faces": {
				"north": {"uv": [4, 10, 6, 12], "texture": "#6"},
				"east": {"uv": [11, 10, 13, 12], "texture": "#6"},
				"south": {"uv": [8, 9, 10, 11], "texture": "#6"},
				"west": {"uv": [9, 6, 11, 8], "texture": "#6"},
				"up": {"uv": [7, 7, 9, 9], "texture": "#6"}
			}
		},
		{
			"from": [3, 2, 8],
			"to": [5, 4, 10],
			"faces": {
				"east": {"uv": [11, 10, 13, 12], "texture": "#6"},
				"south": {"uv": [8, 9, 10, 11], "texture": "#6"},
				"up": {"uv": [7, 7, 9, 9], "texture": "#6"}
			}
		},
		{
			"from": [3, 2, 4],
			"to": [5, 4, 6],
			"faces": {
				"north": {"uv": [4, 10, 6, 12], "texture": "#6"},
				"east": {"uv": [11, 10, 13, 12], "texture": "#6"},
				"west": {"uv": [9, 6, 11, 8], "texture": "#6"},
				"up": {"uv": [7, 7, 9, 9], "texture": "#6"}
			}
		},
		{
			"from": [12, 2, 9],
			"to": [14, 4, 11],
			"faces": {
				"south": {"uv": [8, 9, 10, 11], "texture": "#6"}
			}
		},
		{
			"from": [12, 2, 7],
			"to": [14, 4, 9],
			"faces": {
				"up": {"uv": [7, 7, 9, 9], "texture": "#6"}
			}
		},
		{
			"from": [11, 2, 10],
			"to": [13, 4, 12],
			"faces": {
				"east": {"uv": [11, 10, 13, 12], "texture": "#6"},
				"south": {"uv": [8, 9, 10, 11], "texture": "#6"},
				"west": {"uv": [9, 6, 11, 8], "texture": "#6"},
				"up": {"uv": [7, 7, 9, 9], "texture": "#6"}
			}
		},
		{
			"from": [12, 2, 5],
			"to": [14, 4, 7],
			"faces": {
				"north": {"uv": [4, 10, 6, 12], "texture": "#6"},
				"west": {"uv": [9, 6, 11, 8], "texture": "#6"},
				"up": {"uv": [7, 7, 9, 9], "texture": "#6"}
			}
		},
		{
			"from": [10, 2, 8],
			"to": [12, 4, 10],
			"faces": {
				"south": {"uv": [8, 9, 10, 11], "texture": "#6"},
				"west": {"uv": [9, 6, 11, 8], "texture": "#6"},
				"up": {"uv": [7, 7, 9, 9], "texture": "#6"}
			}
		},
		{
			"from": [10, 2, 6],
			"to": [12, 4, 8],
			"faces": {
				"north": {"uv": [4, 10, 6, 12], "texture": "#6"},
				"west": {"uv": [9, 6, 11, 8], "texture": "#6"},
				"up": {"uv": [7, 7, 9, 9], "texture": "#6"}
			}
		},
		{
			"from": [9, 1, 5],
			"to": [11, 3, 7],
			"faces": {
				"north": {"uv": [4, 10, 6, 12], "texture": "#6"},
				"west": {"uv": [9, 6, 11, 8], "texture": "#6"},
				"up": {"uv": [7, 7, 9, 9], "texture": "#6"}
			}
		},
		{
			"from": [9, 1, 9],
			"to": [11, 3, 11],
			"faces": {
				"west": {"uv": [9, 6, 11, 8], "texture": "#6"},
				"up": {"uv": [7, 7, 9, 9], "texture": "#6"}
			}
		},
		{
			"from": [8, 1, 7],
			"to": [10, 3, 9],
			"faces": {
				"north": {"uv": [4, 10, 6, 12], "texture": "#6"},
				"south": {"uv": [8, 9, 10, 11], "texture": "#6"},
				"west": {"uv": [9, 6, 11, 8], "texture": "#6"},
				"up": {"uv": [7, 7, 9, 9], "texture": "#6"}
			}
		},
		{
			"from": [4, 1, 8],
			"to": [6, 3, 10],
			"faces": {
				"east": {"uv": [11, 10, 13, 12], "texture": "#6"},
				"south": {"uv": [8, 9, 10, 11], "texture": "#6"},
				"up": {"uv": [7, 7, 9, 9], "texture": "#6"}
			}
		},
		{
			"from": [3, 1, 11],
			"to": [5, 3, 13],
			"faces": {
				"north": {"uv": [4, 10, 6, 12], "texture": "#6"},
				"east": {"uv": [11, 10, 13, 12], "texture": "#6"},
				"south": {"uv": [8, 9, 10, 11], "texture": "#6"},
				"west": {"uv": [9, 6, 11, 8], "texture": "#6"},
				"up": {"uv": [7, 7, 9, 9], "texture": "#6"}
			}
		},
		{
			"from": [6, 1, 10],
			"to": [8, 3, 12],
			"faces": {
				"north": {"uv": [4, 10, 6, 12], "texture": "#6"},
				"east": {"uv": [11, 10, 13, 12], "texture": "#6"},
				"west": {"uv": [9, 6, 11, 8], "texture": "#6"},
				"up": {"uv": [7, 7, 9, 9], "texture": "#6"}
			}
		},
		{
			"from": [9, 1, 11],
			"to": [11, 3, 13],
			"faces": {
				"east": {"uv": [11, 10, 13, 12], "texture": "#6"},
				"up": {"uv": [7, 7, 9, 9], "texture": "#6"}
			}
		},
		{
			"from": [12, 1, 11],
			"to": [14, 3, 13],
			"faces": {
				"south": {"uv": [8, 9, 10, 11], "texture": "#6"},
				"west": {"uv": [9, 6, 11, 8], "texture": "#6"},
				"up": {"uv": [7, 7, 9, 9], "texture": "#6"}
			}
		},
		{
			"from": [11, 1, 4],
			"to": [13, 3, 6],
			"faces": {
				"north": {"uv": [4, 10, 6, 12], "texture": "#6"},
				"west": {"uv": [9, 6, 11, 8], "texture": "#6"},
				"up": {"uv": [7, 7, 9, 9], "texture": "#6"}
			}
		},
		{
			"from": [13, 1, 3],
			"to": [15, 3, 5],
			"faces": {
				"north": {"uv": [4, 10, 6, 12], "texture": "#6"},
				"west": {"uv": [9, 6, 11, 8], "texture": "#6"},
				"up": {"uv": [7, 7, 9, 9], "texture": "#6"}
			}
		},
		{
			"from": [10, 1, 13],
			"to": [12, 3, 15],
			"faces": {
				"north": {"uv": [4, 10, 6, 12], "texture": "#6"},
				"east": {"uv": [11, 10, 13, 12], "texture": "#6"},
				"up": {"uv": [7, 7, 9, 9], "texture": "#6"}
			}
		},
		{
			"from": [2, 1, 3],
			"to": [4, 3, 5],
			"faces": {
				"north": {"uv": [4, 10, 6, 12], "texture": "#6"},
				"east": {"uv": [11, 10, 13, 12], "texture": "#6"},
				"south": {"uv": [8, 9, 10, 11], "texture": "#6"},
				"up": {"uv": [7, 7, 9, 9], "texture": "#6"}
			}
		},
		{
			"from": [4, 1, 5],
			"to": [6, 3, 7],
			"faces": {
				"north": {"uv": [4, 10, 6, 12], "texture": "#6"},
				"east": {"uv": [11, 10, 13, 12], "texture": "#6"},
				"up": {"uv": [7, 7, 9, 9], "texture": "#6"}
			}
		},
		{
			"from": [5, 1, 6],
			"to": [7, 3, 8],
			"faces": {
				"north": {"uv": [4, 10, 6, 12], "texture": "#6"},
				"east": {"uv": [11, 10, 13, 12], "texture": "#6"},
				"south": {"uv": [8, 9, 10, 11], "texture": "#6"},
				"up": {"uv": [7, 7, 9, 9], "texture": "#6"}
			}
		},
		{
			"from": [13, 4, 7],
			"to": [15, 6, 9],
			"faces": {
				"north": {"uv": [4, 10, 6, 12], "texture": "#6"},
				"west": {"uv": [9, 6, 11, 8], "texture": "#6"}
			}
		},
		{
			"from": [13, 3, 6],
			"to": [15, 5, 8],
			"faces": {
				"north": {"uv": [4, 10, 6, 12], "texture": "#6"},
				"west": {"uv": [9, 6, 11, 8], "texture": "#6"},
				"up": {"uv": [7, 7, 9, 9], "texture": "#6"}
			}
		},
		{
			"from": [11, 3, 8],
			"to": [13, 5, 10],
			"faces": {
				"north": {"uv": [4, 10, 6, 12], "texture": "#6"},
				"south": {"uv": [8, 9, 10, 11], "texture": "#6"},
				"west": {"uv": [9, 6, 11, 8], "texture": "#6"},
				"up": {"uv": [7, 7, 9, 9], "texture": "#6"}
			}
		},
		{
			"from": [12, 4, 9],
			"to": [14, 6, 11],
			"faces": {
				"north": {"uv": [4, 10, 6, 12], "texture": "#6"},
				"south": {"uv": [8, 9, 10, 11], "texture": "#6"},
				"west": {"uv": [9, 6, 11, 8], "texture": "#6"}
			}
		},
		{
			"from": [2, 1, 1],
			"to": [14, 3, 2],
			"faces": {
				"north": {"uv": [2, 13, 14, 15], "texture": "#0"},
				"south": {"uv": [14, 13, 2, 14], "texture": "#0"},
				"up": {"uv": [14, 13, 2, 14], "texture": "#0"}
			}
		},
		{
			"from": [2, 5, 1],
			"to": [14, 6, 2],
			"faces": {
				"north": {"uv": [2, 10, 14, 11], "texture": "#0"},
				"south": {"uv": [14, 10, 2, 11], "texture": "#0"},
				"down": {"uv": [2, 10, 14, 11], "texture": "#0"}
			}
		},
		{
			"from": [12, 3, 1],
			"to": [14, 5, 2],
			"faces": {
				"north": {"uv": [2, 11, 4, 13], "texture": "#0"},
				"south": {"uv": [4, 11, 2, 13], "texture": "#0"},
				"west": {"uv": [3, 11, 4, 13], "texture": "#0"}
			}
		},
		{
			"from": [10, 3, 1],
			"to": [11, 5, 2],
			"faces": {
				"north": {"uv": [5, 11, 6, 13], "texture": "#0"},
				"east": {"uv": [5, 11, 6, 13], "texture": "#0"},
				"south": {"uv": [6, 11, 5, 13], "texture": "#0"},
				"west": {"uv": [5, 11, 6, 13], "texture": "#0"}
			}
		},
		{
			"from": [8, 3, 1],
			"to": [9, 5, 2],
			"faces": {
				"north": {"uv": [7, 11, 8, 13], "texture": "#0"},
				"east": {"uv": [7, 11, 8, 13], "texture": "#0"},
				"south": {"uv": [8, 11, 7, 13], "texture": "#0"},
				"west": {"uv": [7, 11, 8, 13], "texture": "#0"}
			}
		},
		{
			"from": [6, 3, 1],
			"to": [7, 5, 2],
			"faces": {
				"north": {"uv": [9, 11, 10, 13], "texture": "#0"},
				"east": {"uv": [9, 11, 10, 13], "texture": "#0"},
				"south": {"uv": [10, 11, 9, 13], "texture": "#0"},
				"west": {"uv": [9, 11, 10, 13], "texture": "#0"}
			}
		},
		{
			"from": [4, 3, 1],
			"to": [5, 5, 2],
			"faces": {
				"north": {"uv": [11, 11, 12, 13], "texture": "#0"},
				"east": {"uv": [11, 11, 12, 13], "texture": "#0"},
				"south": {"uv": [12, 11, 11, 13], "texture": "#0"},
				"west": {"uv": [11, 11, 12, 13], "texture": "#0"}
			}
		},
		{
			"from": [2, 3, 1],
			"to": [3, 5, 2],
			"faces": {
				"north": {"uv": [13, 11, 14, 13], "texture": "#0"},
				"east": {"uv": [13, 11, 14, 13], "texture": "#0"},
				"south": {"uv": [14, 11, 13, 13], "texture": "#0"}
			}
		},
		{
			"from": [2, 7, 1],
			"to": [14, 13, 2],
			"faces": {
				"north": {"uv": [2, 3, 14, 9], "texture": "#9"},
				"south": {"uv": [14, 3, 2, 9], "texture": "#9"}
			}
		},
		{
			"from": [2, 6, 9],
			"to": [14, 7, 14],
			"faces": {
				"north": {"uv": [2, 7, 14, 8], "texture": "#4"},
				"up": {"uv": [2, 2, 14, 7], "texture": "#5"},
				"down": {"uv": [2, 2, 14, 7], "texture": "#5"}
			}
		},
		{
			"from": [9, 6, 7],
			"to": [14, 7, 9],
			"faces": {
				"west": {"uv": [7, 7, 9, 8], "texture": "#4"},
				"up": {"uv": [2, 7, 7, 9], "texture": "#5"},
				"down": {"uv": [2, 7, 7, 9], "texture": "#5"}
			}
		},
		{
			"from": [2, 6, 7],
			"to": [7, 7, 9],
			"faces": {
				"east": {"uv": [7, 7, 9, 8], "texture": "#4"},
				"up": {"uv": [9, 7, 14, 9], "texture": "#5"},
				"down": {"uv": [9, 7, 14, 9], "texture": "#5"}
			}
		},
		{
			"from": [2, 6, 2],
			"to": [14, 7, 7],
			"faces": {
				"south": {"uv": [2, 7, 14, 8], "texture": "#4"},
				"up": {"uv": [2, 9, 14, 14], "texture": "#5"},
				"down": {"uv": [2, 9, 14, 14], "texture": "#5"}
			}
		}
	],
	"display": {
		"thirdperson_righthand": {
			"rotation": [75, 45, 0],
			"translation": [0, 2.5, 0],
			"scale": [0.375, 0.375, 0.375]
		},
		"thirdperson_lefthand": {
			"rotation": [75, 45, 0],
			"translation": [0, 2.5, 0],
			"scale": [0.375, 0.375, 0.375]
		},
		"firstperson_righthand": {
			"rotation": [0, 45, 0],
			"scale": [0.4, 0.4, 0.4]
		},
		"firstperson_lefthand": {
			"rotation": [0, 225, 0],
			"scale": [0.4, 0.4, 0.4]
		},
		"ground": {
			"translation": [0, 3, 0],
			"scale": [0.25, 0.25, 0.25]
		},
		"gui": {
			"rotation": [30, 225, 0],
			"scale": [0.625, 0.625, 0.625]
		},
		"fixed": {
			"scale": [0.5, 0.5, 0.5]
		}
	},
	"groups": [
		{
			"name": "furnace",
			"origin": [8, 8, 8],
			"children": [
				{
					"name": "furnace",
					"origin": [8, 8, 8],
					"children": [0, 1, 2, 3, 4, 5, 6, 7, 8, 9, 10, 11]
				},
				{
					"name": "coals",
					"origin": [8, 8, 8],
					"children": [12, 13, 14, 15, 16, 17, 18, 19, 20, 21, 22, 23, 24, 25, 26, 27, 28, 29, 30, 31, 32, 33, 34, 35, 36, 37, 38, 39, 40, 41, 42, 43, 44, 45, 46, 47]
				}
			]
		},
		{
			"name": "door",
			"origin": [8, 8, 8],
			"children": [48, 49, 50, 51, 52, 53, 54, 55, 56, 57, 58, 59, 60]
		}
	]
}
