{
	"ambientocclusion": false,
	"textures": {
		"particle": "#pane"
	},
	"elements": [
		{
			"from": [8, 1, 7],
			"to": [8, 15, 8],
			"rotation": {"angle": 0, "axis": "y", "origin": [8, 9, 8]},
			"faces": {
				"north": {"uv": [0, 0, 0, 14], "texture": "#missing"},
				"east": {"uv": [8, 1, 9, 15], "texture": "#pane"},
				"south": {"uv": [0, 0, 0, 14], "texture": "#missing"},
				"west": {"uv": [7, 1, 8, 15], "texture": "#pane"},
				"up": {"uv": [0, 0, 2, 0], "rotation": 90, "texture": "#missing"},
				"down": {"uv": [0, 0, 2, 0], "rotation": 270, "texture": "#missing"}
			}
		}
	]
}