{
	"ambientocclusion": false,
	"textures": {
		"particle": "#pane"
	},
	"elements": [
		{
			"from": [7, 0, 7],
			"to": [9, 1, 9],
			"rotation": {"angle": 0, "axis": "y", "origin": [15, 8, 15]},
			"faces": {
				"north": {"uv": [7, 15, 9, 16], "texture": "#pane"},
				"east": {"uv": [7, 15, 9, 16], "texture": "#pane"},
				"south": {"uv": [7, 15, 9, 16], "texture": "#pane"},
				"west": {"uv": [7, 15, 9, 16], "texture": "#pane"},
				"up": {"uv": [7, 7, 9, 9], "texture": "#edge"},
				"down": {"uv": [7, 7, 9, 9], "texture": "#edge"}
			}
		},
		{
			"from": [7, 15, 7],
			"to": [9, 16, 9],
			"rotation": {"angle": 0, "axis": "y", "origin": [15, 23, 15]},
			"faces": {
				"north": {"uv": [7, 0, 9, 1], "texture": "#pane"},
				"east": {"uv": [7, 0, 9, 1], "texture": "#pane"},
				"south": {"uv": [7, 0, 9, 1], "texture": "#pane"},
				"west": {"uv": [7, 0, 9, 1], "texture": "#pane"},
				"up": {"uv": [7, 7, 9, 9], "texture": "#edge"},
				"down": {"uv": [7, 7, 9, 9], "texture": "#edge"}
			}
		}
	]
}
