{
	"textures": {
			"particle": "#glass"
	},
	"elements": [
		{
			"from": [15.999, 1, 1],
			"to": [15.999, 15, 15],
			"rotation": {"angle": 0, "axis": "y", "origin": [23, 9, 9]},
			"faces": {
				"east": {"uv": [1, 1, 15, 15], "texture": "#glass"},
				"west": {"uv": [1, 1, 15, 15], "texture": "#glass"}
			}
		},
		{
			"from": [1, 0.001, 1],
			"to": [15, 0.001, 15],
			"rotation": {"angle": 0, "axis": "y", "origin": [9, 8, 9]},
			"faces": {
				"up": {"uv": [1, 1, 15, 15], "texture": "#glass"},
				"down": {"uv": [1, 1, 15, 15], "texture": "#glass"}
			}
		},
		{
			"from": [1, 15.999, 1],
			"to": [15, 15.999, 15],
			"rotation": {"angle": 0, "axis": "y", "origin": [9, 24, 9]},
			"faces": {
				"up": {"uv": [1, 1, 15, 15], "texture": "#glass"},
				"down": {"uv": [1, 1, 15, 15], "texture": "#glass"}
			}
		},
		{
			"from": [1, 1, 0.001],
			"to": [15, 15, 0.001],
			"rotation": {"angle": 0, "axis": "y", "origin": [9, 9, 7]},
			"faces": {
				"north": {"uv": [1, 1, 15, 15], "texture": "#glass"},
				"south": {"uv": [1, 1, 15, 15], "texture": "#glass"}
			}
		},
		{
			"from": [1, 1, 15.999],
			"to": [15, 15, 15.999],
			"rotation": {"angle": 0, "axis": "y", "origin": [9, 9, 23]},
			"faces": {
				"north": {"uv": [1, 1, 15, 15], "texture": "#glass"},
				"south": {"uv": [1, 1, 15, 15], "texture": "#glass"}
			}
		},
		{
			"from": [0.001, 1, 1],
			"to": [0.001, 15, 15],
			"rotation": {"angle": 0, "axis": "y", "origin": [7, 9, 9]},
			"faces": {
				"east": {"uv": [1, 1, 15, 15], "texture": "#glass"},
				"west": {"uv": [1, 1, 15, 15], "texture": "#glass"}
			}
		},
		{
			"from": [15, 1, 15],
			"to": [16, 15, 16],
			"rotation": {"angle": 0, "axis": "y", "origin": [23, 9, 23]},
			"faces": {
				"north": {"uv": [0, 1, 1, 15], "texture": "#glass"},
				"east": {"uv": [0, 1, 1, 15], "texture": "#glass"},
				"south": {"uv": [15, 1, 16, 15], "texture": "#glass"},
				"west": {"uv": [15, 1, 16, 15], "texture": "#glass"}
			}
		},
		{
			"from": [0, 0, 0],
			"to": [16, 1, 1],
			"faces": {
				"north": {"uv": [0, 15, 16, 16], "texture": "#glass"},
				"east": {"uv": [15, 15, 16, 16], "texture": "#glass"},
				"south": {"uv": [0, 15, 16, 16], "texture": "#glass"},
				"west": {"uv": [0, 15, 1, 16], "texture": "#glass"},
				"up": {"uv": [0, 0, 16, 1], "texture": "#glass"},
				"down": {"uv": [0, 15, 16, 16], "texture": "#glass"}
			}
		},
		{
			"from": [0, 0, 15],
			"to": [16, 1, 16],
			"rotation": {"angle": 0, "axis": "y", "origin": [8, 8, 23]},
			"faces": {
				"north": {"uv": [0, 15, 16, 16], "texture": "#glass"},
				"east": {"uv": [0, 15, 1, 16], "texture": "#glass"},
				"south": {"uv": [0, 15, 16, 16], "texture": "#glass"},
				"west": {"uv": [15, 15, 16, 16], "texture": "#glass"},
				"up": {"uv": [0, 15, 16, 16], "texture": "#glass"},
				"down": {"uv": [0, 0, 16, 1], "texture": "#glass"}
			}
		},
		{
			"from": [0, 15, 0],
			"to": [16, 16, 1],
			"faces": {
				"north": {"uv": [0, 0, 16, 1], "texture": "#glass"},
				"east": {"uv": [15, 0, 16, 1], "texture": "#glass"},
				"south": {"uv": [0, 0, 16, 1], "texture": "#glass"},
				"west": {"uv": [0, 0, 1, 1], "texture": "#glass"},
				"up": {"uv": [0, 0, 16, 1], "texture": "#glass"},
				"down": {"uv": [0, 15, 16, 16], "texture": "#glass"}
			}
		},
		{
			"from": [0, 15, 15],
			"to": [16, 16, 16],
			"rotation": {"angle": 0, "axis": "y", "origin": [8, 8, 23]},
			"faces": {
				"north": {"uv": [0, 0, 16, 1], "texture": "#glass"},
				"east": {"uv": [0, 15, 1, 16], "texture": "#glass"},
				"south": {"uv": [0, 0, 16, 1], "texture": "#glass"},
				"west": {"uv": [15, 0, 16, 1], "texture": "#glass"},
				"up": {"uv": [0, 15, 16, 16], "texture": "#glass"},
				"down": {"uv": [0, 0, 16, 1], "texture": "#glass"}
			}
		},
		{
			"from": [0, 0, 1],
			"to": [1, 1, 15],
			"rotation": {"angle": 0, "axis": "y", "origin": [8, 8, 9]},
			"faces": {
				"east": {"uv": [1, 15, 15, 16], "texture": "#glass"},
				"west": {"uv": [1, 15, 15, 16], "texture": "#glass"},
				"up": {"uv": [0, 1, 1, 15], "texture": "#glass"},
				"down": {"uv": [0, 1, 1, 15], "texture": "#glass"}
			}
		},
		{
			"from": [15, 0, 1],
			"to": [16, 1, 15],
			"rotation": {"angle": 0, "axis": "y", "origin": [23, 8, 9]},
			"faces": {
				"east": {"uv": [1, 15, 15, 16], "texture": "#glass"},
				"west": {"uv": [1, 15, 15, 16], "texture": "#glass"},
				"up": {"uv": [15, 1, 16, 15], "texture": "#glass"},
				"down": {"uv": [15, 1, 16, 15], "texture": "#glass"}
			}
		},
		{
			"from": [0, 15, 1],
			"to": [1, 16, 15],
			"rotation": {"angle": 0, "axis": "y", "origin": [8, 23, 9]},
			"faces": {
				"east": {"uv": [1, 0, 15, 1], "texture": "#glass"},
				"west": {"uv": [1, 0, 15, 1], "texture": "#glass"},
				"up": {"uv": [0, 1, 1, 15], "texture": "#glass"},
				"down": {"uv": [0, 1, 1, 15], "texture": "#glass"}
			}
		},
		{
			"from": [15, 15, 1],
			"to": [16, 16, 15],
			"rotation": {"angle": 0, "axis": "y", "origin": [23, 23, 9]},
			"faces": {
				"east": {"uv": [1, 0, 15, 1], "texture": "#glass"},
				"west": {"uv": [1, 0, 15, 1], "texture": "#glass"},
				"up": {"uv": [15, 1, 16, 15], "texture": "#glass"},
				"down": {"uv": [15, 1, 16, 15], "texture": "#glass"}
			}
		},
		{
			"from": [0, 1, 0],
			"to": [1, 15, 1],
			"rotation": {"angle": 0, "axis": "y", "origin": [8, 9, 8]},
			"faces": {
				"north": {"uv": [15, 1, 16, 15], "texture": "#glass"},
				"east": {"uv": [15, 1, 16, 15], "texture": "#glass"},
				"south": {"uv": [0, 1, 1, 15], "texture": "#glass"},
				"west": {"uv": [0, 1, 1, 15], "texture": "#glass"}
			}
		},
		{
			"from": [0, 1, 15],
			"to": [1, 15, 16],
			"rotation": {"angle": 0, "axis": "y", "origin": [8, 9, 23]},
			"faces": {
				"north": {"uv": [15, 1, 16, 15], "texture": "#glass"},
				"east": {"uv": [0, 1, 1, 15], "texture": "#glass"},
				"south": {"uv": [0, 1, 1, 15], "texture": "#glass"},
				"west": {"uv": [15, 1, 16, 15], "texture": "#glass"}
			}
		},
		{
			"from": [15, 1, 0],
			"to": [16, 15, 1],
			"rotation": {"angle": 0, "axis": "y", "origin": [23, 9, 8]},
			"faces": {
				"north": {"uv": [0, 1, 1, 15], "texture": "#glass"},
				"east": {"uv": [15, 1, 16, 15], "texture": "#glass"},
				"south": {"uv": [15, 1, 16, 15], "texture": "#glass"},
				"west": {"uv": [0, 1, 1, 15], "texture": "#glass"}
			}
		}
	],
	"display": {
		"thirdperson_righthand": {
			"rotation": [75, 45, 0],
			"translation": [0, 2.5, 0],
			"scale": [0.375, 0.375, 0.375]
		},
		"firstperson_righthand": {
			"rotation": [0, 45, 0],
			"scale": [0.4, 0.4, 0.4]
		},
		"firstperson_lefthand": {
			"rotation": [0, 225, 0],
			"scale": [0.4, 0.4, 0.4]
		},
		"ground": {
			"translation": [0, 3, 0],
			"scale": [0.25, 0.25, 0.25]
		},
		"gui": {
			"rotation": [30, 225, 0],
			"scale": [0.625, 0.625, 0.625]
		},
		"fixed": {
			"scale": [0.5, 0.5, 0.5]
		}
	},
	"groups": [
		{
			"name": "glass",
			"origin": [8, 9, 9],
			"children": [0, 1, 2, 3, 4, 5]
		},
		{
			"name": "frame",
			"origin": [23, 9, 8],
			"children": [6, 7, 8, 9, 10, 11, 12, 13, 14, 15, 16, 17]
		}
	]
}
