{
	"textures": {
		"0": "block/lily_pad_tinted"
	},
	"elements": [
		{
			"name": "lily_pad_0",
			"from": [4, 7, 7],
			"to": [13, 15, 8],
			"faces": {
				"north": {"uv": [4, 9, 13, 1], "rotation": 180, "texture": "#0"},
				"east": {"uv": [12, 1, 13, 9], "texture": "#0"},
				"south": {"uv": [4, 1, 13, 9], "texture": "#0"},
				"west": {"uv": [4, 1, 5, 9], "texture": "#0"},
				"up": {"uv": [13, 1, 4, 2], "rotation": 180, "texture": "#0"},
				"down": {"uv": [4, 8, 13, 9], "texture": "#0"}
			}
		},
		{
			"name": "lily_pad_1",
			"from": [2, 6, 7],
			"to": [4, 14, 8],
			"faces": {
				"north": {"uv": [2, 10, 4, 2], "rotation": 180, "texture": "#0"},
				"east": {"uv": [3, 2, 4, 10], "texture": "#0"},
				"south": {"uv": [2, 2, 4, 10], "texture": "#0"},
				"west": {"uv": [2, 2, 3, 10], "texture": "#0"},
				"up": {"uv": [4, 2, 2, 3], "rotation": 180, "texture": "#0"},
				"down": {"uv": [2, 9, 4, 10], "texture": "#0"}
			}
		},
		{
			"name": "lily_pad_2",
			"from": [13, 2, 7],
			"to": [14, 14, 8],
			"faces": {
				"north": {"uv": [13, 14, 14, 2], "rotation": 180, "texture": "#0"},
				"east": {"uv": [13, 2, 14, 14], "texture": "#0"},
				"south": {"uv": [13, 2, 14, 14], "texture": "#0"},
				"west": {"uv": [13, 2, 14, 14], "texture": "#0"},
				"up": {"uv": [14, 2, 13, 3], "rotation": 180, "texture": "#0"},
				"down": {"uv": [13, 13, 14, 14], "texture": "#0"}
			}
		},
		{
			"name": "lily_pad_3",
			"from": [14, 4, 7],
			"to": [15, 13, 8],
			"faces": {
				"north": {"uv": [14, 12, 15, 3], "rotation": 180, "texture": "#0"},
				"east": {"uv": [14, 3, 15, 12], "texture": "#0"},
				"south": {"uv": [14, 3, 15, 12], "texture": "#0"},
				"west": {"uv": [14, 3, 15, 12], "texture": "#0"},
				"up": {"uv": [15, 3, 14, 4], "rotation": 180, "texture": "#0"},
				"down": {"uv": [14, 11, 15, 12], "texture": "#0"}
			}
		},
		{
			"name": "lily_pad_4",
			"from": [1, 7, 7],
			"to": [2, 12, 8],
			"faces": {
				"north": {"uv": [1, 9, 2, 4], "rotation": 180, "texture": "#0"},
				"east": {"uv": [1, 4, 2, 9], "texture": "#0"},
				"south": {"uv": [1, 4, 2, 9], "texture": "#0"},
				"west": {"uv": [1, 4, 2, 9], "texture": "#0"},
				"up": {"uv": [2, 4, 1, 5], "rotation": 180, "texture": "#0"},
				"down": {"uv": [1, 8, 2, 9], "texture": "#0"}
			}
		},
		{
			"name": "lily_pad_5",
			"from": [4, 6, 7],
			"to": [5, 7, 8],
			"faces": {
				"north": {"uv": [4, 10, 5, 9], "rotation": 180, "texture": "#0"},
				"east": {"uv": [4, 9, 5, 10], "texture": "#0"},
				"south": {"uv": [4, 9, 5, 10], "texture": "#0"},
				"west": {"uv": [4, 9, 5, 10], "texture": "#0"},
				"up": {"uv": [5, 9, 4, 10], "rotation": 180, "texture": "#0"},
				"down": {"uv": [4, 9, 5, 10], "texture": "#0"}
			}
		},
		{
			"name": "lily_pad_6",
			"from": [7, 2, 7],
			"to": [13, 7, 8],
			"faces": {
				"north": {"uv": [7, 14, 13, 9], "rotation": 180, "texture": "#0"},
				"east": {"uv": [12, 9, 13, 14], "texture": "#0"},
				"south": {"uv": [7, 9, 13, 14], "texture": "#0"},
				"west": {"uv": [7, 9, 8, 14], "texture": "#0"},
				"up": {"uv": [13, 9, 7, 10], "rotation": 180, "texture": "#0"},
				"down": {"uv": [7, 13, 13, 14], "texture": "#0"}
			}
		},
		{
			"name": "lily_pad_7",
			"from": [6, 2, 7],
			"to": [7, 5, 8],
			"faces": {
				"north": {"uv": [6, 14, 7, 11], "rotation": 180, "texture": "#0"},
				"east": {"uv": [6, 11, 7, 14], "texture": "#0"},
				"south": {"uv": [6, 11, 7, 14], "texture": "#0"},
				"west": {"uv": [6, 11, 7, 14], "texture": "#0"},
				"up": {"uv": [7, 11, 6, 12], "rotation": 180, "texture": "#0"},
				"down": {"uv": [6, 13, 7, 14], "texture": "#0"}
			}
		},
		{
			"name": "lily_pad_8",
			"from": [7, 1, 7],
			"to": [12, 2, 8],
			"faces": {
				"north": {"uv": [7, 15, 12, 14], "rotation": 180, "texture": "#0"},
				"east": {"uv": [11, 14, 12, 15], "texture": "#0"},
				"south": {"uv": [7, 14, 12, 15], "texture": "#0"},
				"west": {"uv": [7, 14, 8, 15], "texture": "#0"},
				"up": {"uv": [12, 14, 7, 15], "rotation": 180, "texture": "#0"},
				"down": {"uv": [7, 14, 12, 15], "texture": "#0"}
			}
		}
	],
	"gui_light": "front",
	"display": {
		"thirdperson_righthand": {
			"translation": [0, 3, 1],
			"scale": [0.55, 0.55, 0.55]
		},
		"firstperson_righthand": {
			"rotation": [0, -90, 25],
			"translation": [1.13, 3.2, 1.13],
			"scale": [0.68, 0.68, 0.68]
		},
		"ground": {
			"translation": [0, 2, 0],
			"scale": [0.5, 0.5, 0.5]
		},
		"head": {
			"rotation": [0, 180, 0],
			"translation": [0, 13, 7]
		},
		"fixed": {
			"rotation": [0, 180, 0]
		}
	},
	"groups": [
		{
			"name": "lily_pad",
			"origin": [8, 8, 8],
			"children": [0, 1, 2, 3, 4, 5, 6, 7, 8]
		}
	]
}
