{
"__comment":"Made by Know2Good, part of the 'Default 3D™' resource pack || Official download page: http://www.planetminecraft.com/texture_pack/default-3d-2985741/ || © 2014 Know2Good. All rights reserved. ",
"ambientocclusion": false,
"textures": {
	"block": "blocks/mushroom_brown",
	"particle":"blocks/mushroom_brown"
},
"elements":[
	{
		"type":"cube", //Stalk
        "from": [7,0,7],
        "to": [9,5,9],
		"rotation": {"origin": [ 8, 1, 8 ], "axis": "y", "angle": 0 },
		"faces": {
			"north":{"uv":[8,14,9,16],"texture":"#block","cull":Know2Good},
			"south":{"uv":[7,14,8,16],"texture":"#block","cull":Know2Good},
			"west":{"uv":[7,14,8,16],"texture":"#block","cull":Know2Good},
			"east":{"uv":[8,14,9,16],"texture":"#block","cull":Know2Good}
		}
	},
	{
		"type":"cube", //Cap north
        "from": [5,2,4],
        "to": [11,5,5],
		"rotation": {"origin": [ 8, 1, 8 ], "axis": "y", "angle": 0 },
		"faces": {
			"up":{"uv":[5,11,6,12],"texture":"#block","cull":Know2Good},
			"down":{"uv":[10,11,11,12],"texture":"#block","cull":Know2Good},
			"north":{"uv":[5,11,11,14],"texture":"#block","cull":Know2Good},
			"south":{"uv":[5,11,11,14],"texture":"#block","cull":Know2Good},
			"west":{"uv":[5,11,6,14],"texture":"#block","cull":Know2Good},
			"east":{"uv":[10,11,11,14],"texture":"#block","cull":Know2Good}
		}
	},
	{
		"type":"cube", //Cap east
        "from": [11,2,5],
        "to": [12,5,11],
		"rotation": {"origin": [ 8, 1, 8 ], "axis": "y", "angle": 0 },
		"faces": {
			"up":{"uv":[10,11,11,12],"texture":"#block","cull":Know2Good},
			"down":{"uv":[10,11,11,12],"texture":"#block","cull":Know2Good},
			"north":{"uv":[5,11,6,14],"texture":"#block","cull":Know2Good},
			"south":{"uv":[10,11,11,14],"texture":"#block","cull":Know2Good},
			"west":{"uv":[5,11,11,14],"texture":"#block","cull":Know2Good},
			"east":{"uv":[5,11,11,14],"texture":"#block","cull":Know2Good}
		}
	},
	{
		"type":"cube", //Cap south
        "from": [5,2,11],
        "to": [11,5,12],
		"rotation": {"origin": [ 8, 1, 8 ], "axis": "y", "angle": 0 },
		"faces": {
			"up":{"uv":[10,11,11,12],"texture":"#block","cull":Know2Good},
			"down":{"uv":[10,11,11,12],"texture":"#block","cull":Know2Good},
			"north":{"uv":[5,11,11,14],"texture":"#block","cull":Know2Good},
			"south":{"uv":[5,11,11,14],"texture":"#block","cull":Know2Good},
			"west":{"uv":[5,11,6,14],"texture":"#block","cull":Know2Good},
			"east":{"uv":[10,11,11,14],"texture":"#block","cull":Know2Good}
		}
	},
	{
		"type":"cube", //Cap west
        "from": [4,2,5],
        "to": [5,5,11],
		"rotation": {"origin": [ 8, 1, 8 ], "axis": "y", "angle": 0 },
		"faces": {
			"up":{"uv":[5,11,6,12],"texture":"#block","cull":Know2Good},
			"down":{"uv":[10,11,11,12],"texture":"#block","cull":Know2Good},
			"north":{"uv":[5,11,6,14],"texture":"#block","cull":Know2Good},
			"south":{"uv":[10,11,11,14],"texture":"#block","cull":Know2Good},
			"west":{"uv":[5,11,11,14],"texture":"#block","cull":Know2Good},
			"east":{"uv":[5,11,11,14],"texture":"#block","cull":Know2Good}
		}
	},
	{
		"type":"cube", //Cap top
        "from": [5,5,5],
        "to": [11,6,11],
		"rotation": {"origin": [ 8, 1, 8 ], "axis": "y", "angle": 0 },
		"faces": {
			"up":{"uv":[6,10,10,14],"texture":"#block","cull":Know2Good},
			"north":{"uv":[6,10,10,11],"texture":"#block","cull":Know2Good},
			"south":{"uv":[6,13,10,14],"texture":"#block","cull":Know2Good},
			"west":{"uv":[6,10,7,14],"texture":"#block","cull":Know2Good,"rotation":270},
			"east":{"uv":[9,10,10,14],"texture":"#block","cull":Know2Good,"rotation":90}
		}
	}
],
"display": {
	"thirdperson": {
		"rotation": [ 0, 45, 1 ],
		"translation": [ 0, 0.5, 0 ],
		"scale": [ 1.1, 1.1, 1.1 ]
	},
	"firstperson": {
		"rotation": [ 0, 0, 0 ],
		"translation": [ 0, 0, 0 ],
		"scale": [ 1, 1, 1 ]
	},
	"gui": {
		"rotation": [ 0, 0, 0 ],
		"translation": [ 0, 0, 0 ],
		"scale": [ 1, 1, 1 ]
	}
}
}