{
	"textures": {
		"edge": "blocks/iron_bars",
		"particle": "blocks/iron_bars"
	},
	"elements": [
		{
			"name": "cube",
			"from": [7, 1, 0],
			"to": [9, 15, 1],
			"shade": true,
			"faces": {
				"north": {"uv": [7, 1, 9, 15], "texture": "#edge"},
				"east": {"uv": [15, 1, 16, 15], "texture": "#edge"},
				"south": {"uv": [7, 1, 9, 15], "texture": "#edge"},
				"west": {"uv": [0, 1, 1, 15], "texture": "#edge"},
				"up": {"uv": [0, 0, 7, 1], "texture": "#edge"},
				"down": {"uv": [0, 0, 7, 1], "texture": "#edge"}
			}
		},
		{
			"name": "cube",
			"from": [7, 0, 0],
			"to": [9, 1, 7],
			"shade": true,
			"faces": {
				"north": {"uv": [7, 15, 9, 16], "texture": "#edge"},
				"east": {"uv": [9, 15, 16, 16], "texture": "#edge"},
				"south": {"uv": [0, 0, 7, 1], "texture": "#edge"},
				"west": {"uv": [0, 15, 7, 16], "texture": "#edge"},
				"up": {"uv": [11, 5, 13, 12], "texture": "#edge"},
				"down": {"uv": [11, 5, 13, 12], "texture": "#edge"}
			}
		},
		{
			"name": "cube",
			"from": [7, 15, 0],
			"to": [9, 16, 7],
			"shade": true,
			"faces": {
				"north": {"uv": [7, 0, 9, 1], "texture": "#edge"},
				"east": {"uv": [9, 0, 16, 1], "texture": "#edge"},
				"south": {"uv": [0, 0, 7, 1], "texture": "#edge"},
				"west": {"uv": [0, 0, 7, 1], "texture": "#edge"},
				"up": {"uv": [11, 5, 13, 12], "texture": "#edge"},
				"down": {"uv": [11, 5, 13, 12], "texture": "#edge"}
			}
		},
		{
			"name": "cube",
			"from": [7, 1, 3],
			"to": [9, 15, 5],
			"shade": true,
			"faces": {
				"north": {"uv": [7, 1, 9, 15], "texture": "#edge"},
				"east": {"uv": [11, 1, 13, 15], "texture": "#edge"},
				"south": {"uv": [7, 1, 9, 15], "texture": "#edge"},
				"west": {"uv": [3, 1, 5, 15], "texture": "#edge"},
				"up": {"uv": [0, 0, 7, 1], "texture": "#edge"},
				"down": {"uv": [0, 0, 7, 1], "texture": "#edge"}
			}
		}
	],
	"ambientocclusion": false
}
