{
	"parent": "block/thin_block",
	"textures": {
			"1": "block/acacia_trapdoor",
			"particle": "block/acacia_trapdoor"
	},	
	"elements": [
		{
			"name": "cube",
			"from": [0, 0, 0],
			"to": [16, 3, 4],
			"shade": true,
			"faces": {
				"north": {"uv": [0, 13, 16, 16], "texture": "#1"},
				"east": {"uv": [12, 13, 16, 16], "texture": "#1"},
				"south": {"uv": [0, 13, 16, 16], "texture": "#1"},
				"west": {"uv": [0, 13, 4, 16], "texture": "#1"},
				"up": {"uv": [0, 0, 16, 4], "texture": "#1"},
				"down": {"uv": [0, 12, 16, 16], "texture": "#1"}
			}
		},
		{
			"name": "cube",
			"from": [0, 0, 12],
			"to": [16, 3, 16],
			"shade": true,
			"faces": {
				"north": {"uv": [0, 13, 16, 16], "texture": "#1"},
				"east": {"uv": [0, 13, 4, 16], "texture": "#1"},
				"south": {"uv": [0, 13, 16, 16], "texture": "#1"},
				"west": {"uv": [12, 13, 16, 16], "texture": "#1"},
				"up": {"uv": [0, 12, 16, 16], "texture": "#1"},
				"down": {"uv": [0, 0, 16, 4], "texture": "#1"}
			}
		},
		{
			"name": "cube",
			"from": [0, 0, 3],
			"to": [4, 3, 13],
			"shade": true,
			"faces": {
				"north": {"uv": [0, 12, 4, 15], "texture": "#1"},
				"east": {"uv": [3, 13, 13, 16], "texture": "#1"},
				"south": {"uv": [0, 1, 4, 4], "texture": "#1"},
				"west": {"uv": [3, 13, 13, 16], "texture": "#1"},
				"up": {"uv": [0, 3, 4, 13], "texture": "#1"},
				"down": {"uv": [0, 3, 4, 13], "texture": "#1"}
			}
		},
		{
			"name": "cube",
			"from": [12, 0, 3],
			"to": [16, 3, 13],
			"shade": true,
			"faces": {
				"north": {"uv": [0, 12, 4, 15], "texture": "#1"},
				"east": {"uv": [3, 13, 13, 16], "texture": "#1"},
				"south": {"uv": [0, 1, 4, 4], "texture": "#1"},
				"west": {"uv": [3, 13, 13, 16], "texture": "#1"},
				"up": {"uv": [12, 3, 16, 13], "texture": "#1"},
				"down": {"uv": [12, 3, 16, 13], "texture": "#1"}
			}
		},
		{
			"name": "cube",
			"from": [3, 1, 5],
			"to": [13, 2, 6],
			"shade": true,
			"faces": {
				"north": {"uv": [3, 5, 13, 6], "texture": "#1"},
				"east": {"uv": [3, 5, 13, 6], "texture": "#1"},
				"south": {"uv": [3, 5, 13, 6], "texture": "#1"},
				"west": {"uv": [3, 5, 13, 6], "texture": "#1"},
				"up": {"uv": [3, 5, 13, 6], "texture": "#1"},
				"down": {"uv": [3, 5, 13, 6], "texture": "#1"}
			}
		},
		{
			"name": "cube",
			"from": [3, 1, 7],
			"to": [13, 2, 8],
			"shade": true,
			"faces": {
				"north": {"uv": [3, 7, 13, 8], "texture": "#1"},
				"east": {"uv": [3, 7, 13, 8], "texture": "#1"},
				"south": {"uv": [3, 7, 13, 8], "texture": "#1"},
				"west": {"uv": [3, 7, 13, 8], "texture": "#1"},
				"up": {"uv": [3, 7, 13, 8], "texture": "#1"},
				"down": {"uv": [3, 7, 13, 8], "texture": "#1"}
			}
		},
		{
			"name": "cube",
			"from": [3, 1, 9],
			"to": [13, 2, 10],
			"shade": true,
			"faces": {
				"north": {"uv": [3, 9, 13, 10], "texture": "#1"},
				"east": {"uv": [3, 9, 13, 10], "texture": "#1"},
				"south": {"uv": [3, 9, 13, 10], "texture": "#1"},
				"west": {"uv": [3, 9, 13, 10], "texture": "#1"},
				"up": {"uv": [3, 9, 13, 10], "texture": "#1"},
				"down": {"uv": [3, 9, 13, 10], "texture": "#1"}
			}
		},
		{
			"name": "cube",
			"from": [3, 1, 11],
			"to": [13, 2, 12],
			"shade": true,
			"faces": {
				"north": {"uv": [3, 11, 13, 12], "texture": "#1"},
				"east": {"uv": [3, 11, 13, 12], "texture": "#1"},
				"south": {"uv": [3, 11, 13, 12], "texture": "#1"},
				"west": {"uv": [3, 11, 13, 12], "texture": "#1"},
				"up": {"uv": [3, 11, 13, 12], "texture": "#1"},
				"down": {"uv": [3, 11, 13, 12], "texture": "#1"}
			}
		}
	],
	"display": {
		"gui": {
			"rotation": [30, 135, 0],
			"translation": [0, 0, 0],
			"scale": [0.625, 0.625, 0.625]
		},
		"head": {
			"rotation": [0, -90, 0],
			"translation": [0, 0, 0],
			"scale": [1, 1, 1]
		},
		"thirdperson_lefthand": {
			"rotation": [75, -135, 0],
			"translation": [0, 2.5, 0],
			"scale": [0.375, 0.375, 0.375]
		}
	}
}