{
	"textures": {
		"leaves_extra": "block/oak_leaves_extra",
		"particle": "block/oak_leaves"
	},
	"elements": [
		{
			"from": [-8, 8, -4],
			"to": [24, 8, 28],
			"rotation": {"angle": -45, "axis": "z", "origin": [8, 3, 12]},
			"faces": {
				"up": {"uv": [0, 0, 16, 16], "rotation": 270, "texture": "#leaves_extra", "tintindex": 0},
				"down": {"uv": [16, 0, 0, 16], "rotation": 270, "texture": "#leaves_extra", "tintindex": 0}
			}
		},
		{
			"from": [-8, 8, -4],
			"to": [24, 8, 28],
			"rotation": {"angle": 45, "axis": "z", "origin": [8, 3, 12]},
			"faces": {
				"up": {"uv": [0, 0, 16, 16], "rotation": 90, "texture": "#leaves_extra", "tintindex": 0},
				"down": {"uv": [16, 0, 0, 16], "rotation": 90, "texture": "#leaves_extra", "tintindex": 0}
			}
		},
		{
			"from": [-8, 8, -4],
			"to": [24, 8, 28],
			"rotation": {"angle": 45, "axis": "x", "origin": [8, 3, 12]},
			"faces": {
				"up": {"uv": [0, 0, 16, 16], "texture": "#leaves_extra", "tintindex": 0},
				"down": {"uv": [16, 0, 0, 16], "rotation": 180, "texture": "#leaves_extra", "tintindex": 0}
			}
		},
		{
			"from": [-8, 8, -4],
			"to": [24, 8, 28],
			"rotation": {"angle": -45, "axis": "x", "origin": [8, 3, 12]},
			"faces": {
				"up": {"uv": [0, 0, 16, 16], "rotation": 180, "texture": "#leaves_extra", "tintindex": 0},
				"down": {"uv": [16, 0, 0, 16], "texture": "#leaves_extra", "tintindex": 0}
			}
		}
	],
	"display": {
		"thirdperson_righthand": {
			"rotation": [75, 45, 0],
			"translation": [0, 2.5, 0],
			"scale": [0.375, 0.375, 0.375]
		},
		"thirdperson_lefthand": {
			"rotation": [75, 45, 0],
			"translation": [0, 2.5, 0],
			"scale": [0.375, 0.375, 0.375]
		},
		"firstperson_righthand": {
			"rotation": [0, 45, 0],
			"scale": [0.4, 0.4, 0.4]
		},
		"firstperson_lefthand": {
			"rotation": [0, 225, 0],
			"scale": [0.4, 0.4, 0.4]
		},
		"ground": {
			"translation": [0, 3, 0],
			"scale": [0.25, 0.25, 0.25]
		},
		"gui": {
			"rotation": [30, 225, 0],
			"scale": [0.625, 0.625, 0.625]
		},
		"fixed": {
			"scale": [0.5, 0.5, 0.5]
		}
	},
	"groups": [
		{
			"name": "group",
			"origin": [8, 3, 8],
			"children": [0, 1, 2, 3]
		}
	]
}