{
	"textures": {
		"3": "block/torch",
		"bottom": "simplefarming:block/birthday_cake_bottom",
		"top": "simplefarming:block/birthday_cake_top",
		"particle": "simplefarming:block/birthday_cake_side",
		"side": "simplefarming:block/birthday_cake_side"
	},
	"elements": [
		{
			"from": [1, 0, 1],
			"to": [15, 8, 15],
			"faces": {
				"north": {"uv": [1, 8, 15, 16], "texture": "#side"},
				"east": {"uv": [1, 8, 15, 16], "texture": "#side"},
				"south": {"uv": [1, 8, 15, 16], "texture": "#side"},
				"west": {"uv": [1, 8, 15, 16], "texture": "#side"},
				"up": {"uv": [1, 1, 15, 15], "texture": "#top"},
				"down": {"uv": [1, 1, 15, 15], "texture": "#bottom", "cullface": "down"}
			}
		},
		{
			"name": "candle",
			"from": [7, 8, 7],
			"to": [9, 11, 9],
			"faces": {
				"north": {"uv": [7, 6, 9, 9], "texture": "#3"},
				"east": {"uv": [7, 6, 9, 9], "texture": "#3"},
				"south": {"uv": [7, 6, 9, 9], "texture": "#3"},
				"west": {"uv": [7, 6, 9, 9], "texture": "#3"},
				"up": {"uv": [7, 6, 9, 8], "texture": "#3"},
				"down": {"uv": [7, 14, 9, 16], "texture": "#3"}
			}
		}
	]
}
