{
	"textures": {
		"particle": "simplefarming:block/bush_leaves",
		"bush_leaves": "simplefarming:block/blackberry_leaves"
	},
	"elements": [
		{
			"from": [12.58579, 1.41421, 0],
			"to": [12.58579, 17.41421, 16],
			"rotation": {"angle": -45, "axis": "z", "origin": [8, 8, 8]},
			"faces": {
				"east": {"uv": [0, 0, 16, 16], "texture": "#bush_leaves"},
				"west": {"uv": [16, 0, 0, 16], "texture": "#bush_leaves"}
			}
		},
		{
			"from": [0, 1.41421, 12.58579],
			"to": [16, 17.41421, 12.58579],
			"rotation": {"angle": 45, "axis": "x", "origin": [8, 8, 8]},
			"faces": {
				"north": {"uv": [16, 0, 0, 16], "texture": "#bush_leaves"},
				"south": {"uv": [0, 0, 16, 16], "texture": "#bush_leaves"}
			}
		},
		{
			"from": [3.41421, 1.41421, 0],
			"to": [3.41421, 17.41421, 16],
			"rotation": {"angle": 45, "axis": "z", "origin": [8, 8, 8]},
			"faces": {
				"east": {"uv": [16, 0, 0, 16], "texture": "#bush_leaves"},
				"west": {"uv": [0, 0, 16, 16], "texture": "#bush_leaves"}
			}
		},
		{
			"from": [0, 1.41421, 3.41421],
			"to": [16, 17.41421, 3.41421],
			"rotation": {"angle": -45, "axis": "x", "origin": [8, 8, 8]},
			"faces": {
				"north": {"uv": [0, 0, 16, 16], "texture": "#bush_leaves"},
				"south": {"uv": [16, 0, 0, 16], "texture": "#bush_leaves"}
			}
		}
	],
	"display": {
		"thirdperson_righthand": {
			"rotation": [75, 315, 0],
			"translation": [0, 2.5, 0],
			"scale": [0.375, 0.375, 0.375]
		},
		"firstperson_righthand": {
			"rotation": [0, 315, 0],
			"translation": [0, 2.5, 0],
			"scale": [0.4, 0.4, 0.4]
		},
		"ground": {
			"translation": [0, 3, 0],
			"scale": [0.25, 0.25, 0.25]
		},
		"gui": {
			"rotation": [30, 45, 0],
			"scale": [0.625, 0.625, 0.625]
		},
		"head": {
			"rotation": [0, 180, 0]
		},
		"fixed": {
			"rotation": [0, 180, 0]
		}
	},
	"groups": [
		{
			"name": "group",
			"origin": [8, 8, 8],
			"children": [0, 1, 2, 3]
		}
	]
}
