{
  "variants": {
    "shape=ascending_east": {
      "model": "normal_rail_raised_ne",
      "y": 90
    },
    "shape=ascending_north": {
      "model": "normal_rail_raised_ne"
    },
    "shape=ascending_south": {
      "model": "normal_rail_raised_sw",
      "y": 180
    },
    "shape=ascending_west": {
      "model": "normal_rail_raised_sw",
      "y": 270
    },
    "shape=east_west": {
      "model": "rail_flat",
      "y": 90
    },
    "shape=north_east": {
      "model": "rail_curved",
      "y": 270
    },
    "shape=north_south": {
      "model": "rail_flat"
    },
    "shape=north_west": {
      "model": "rail_curved",
      "y": 180
    },
    "shape=south_east": {
      "model": "rail_curved"
    },
    "shape=south_west": {
      "model": "rail_curved",
      "y": 90
    }
  }
}
