{
	"parent": "block/block",
	"textures": {
		"particle": "#texture"
	},
	"elements": [
		{
			"name": "Left-hand post",
			"from": [0, 2, 7],
			"to": [2, 13, 9],
			"rotation": {"angle": 0, "axis": "y", "origin": [8, 5, 8]},
			"faces": {
				"north": {"uv": [14, 0, 16, 11], "texture": "#texture"},
				"east": {"uv": [0, 0, 2, 11], "texture": "#texture"},
				"south": {"uv": [0, 0, 2, 11], "texture": "#texture"},
				"west": {"uv": [14, 0, 16, 11], "texture": "#texture", "cullface": "west"},
				"up": {"uv": [0, 7, 2, 9], "texture": "#texture"},
				"down": {"uv": [0, 7, 2, 9], "texture": "#texture"}
			}
		},
		{
			"name": "Right-hand post",
			"from": [14, 2, 7],
			"to": [16, 13, 9],
			"rotation": {"angle": 0, "axis": "y", "origin": [8, 5, 8]},
			"faces": {
				"north": {"uv": [0, 0, 2, 11], "texture": "#texture"},
				"east": {"uv": [14, 0, 16, 11], "texture": "#texture", "cullface": "east"},
				"south": {"uv": [14, 0, 16, 11], "texture": "#texture"},
				"west": {"uv": [0, 0, 2, 11], "texture": "#texture"},
				"up": {"uv": [14, 7, 16, 9], "texture": "#texture"},
				"down": {"uv": [14, 7, 16, 9], "texture": "#texture"}
			}
		},
		{
			"name": "Inner vertical post of left-hand gate door",
			"from": [0, 3, 13],
			"to": [2, 12, 15],
			"rotation": {"angle": 0, "axis": "y", "origin": [1, 5, 15]},
			"faces": {
				"north": {"uv": [7, 1, 9, 10], "texture": "#texture"},
				"east": {"uv": [8, 1, 10, 10], "texture": "#texture"},
				"south": {"uv": [7, 1, 9, 10], "texture": "#texture"},
				"west": {"uv": [6, 1, 8, 10], "texture": "#texture", "cullface": "west"},
				"up": {"uv": [0, 14, 2, 16], "rotation": 90, "texture": "#texture"},
				"down": {"uv": [14, 14, 16, 16], "rotation": 270, "texture": "#texture"}
			}
		},
		{
			"name": "Inner vertical post of right-hand gate door",
			"from": [14, 3, 13],
			"to": [16, 12, 15],
			"rotation": {"angle": 0, "axis": "y", "origin": [15, 5, 15]},
			"faces": {
				"north": {"uv": [7, 1, 9, 10], "texture": "#texture"},
				"east": {"uv": [8, 1, 10, 10], "texture": "#texture", "cullface": "east"},
				"south": {"uv": [7, 1, 9, 10], "texture": "#texture"},
				"west": {"uv": [6, 1, 8, 10], "texture": "#texture"},
				"up": {"uv": [0, 14, 2, 16], "rotation": 270, "texture": "#texture"},
				"down": {"uv": [14, 14, 16, 16], "rotation": 90, "texture": "#texture"}
			}
		},
		{
			"name": "Lower horizontal bar of left-hand gate door",
			"from": [0, 3, 9],
			"to": [2, 6, 13],
			"rotation": {"angle": 0, "axis": "y", "origin": [1, 5, 15]},
			"faces": {
				"east": {"uv": [10, 7, 14, 10], "texture": "#texture"},
				"west": {"uv": [2, 7, 6, 10], "texture": "#texture", "cullface": "west"},
				"up": {"uv": [6, 11, 10, 13], "rotation": 90, "texture": "#texture"},
				"down": {"uv": [6, 14, 10, 16], "rotation": 270, "texture": "#texture"}
			}
		},
		{
			"name": "Upper horizontal bar of left-hand gate door",
			"from": [0, 9, 9],
			"to": [2, 12, 13],
			"rotation": {"angle": 0, "axis": "y", "origin": [1, 5, 15]},
			"faces": {
				"east": {"uv": [10, 1, 14, 4], "texture": "#texture"},
				"west": {"uv": [2, 1, 6, 4], "texture": "#texture", "cullface": "west"},
				"up": {"uv": [6, 11, 10, 13], "rotation": 90, "texture": "#texture"},
				"down": {"uv": [6, 14, 10, 16], "rotation": 270, "texture": "#texture"}
			}
		},
		{
			"name": "Lower horizontal bar of right-hand gate door",
			"from": [14, 3, 9],
			"to": [16, 6, 13],
			"rotation": {"angle": 0, "axis": "y", "origin": [15, 5, 15]},
			"faces": {
				"east": {"uv": [10, 7, 14, 10], "texture": "#texture", "cullface": "east"},
				"west": {"uv": [2, 7, 6, 10], "texture": "#texture"},
				"up": {"uv": [6, 11, 10, 13], "rotation": 270, "texture": "#texture"},
				"down": {"uv": [6, 14, 10, 16], "rotation": 90, "texture": "#texture"}
			}
		},
		{
			"name": "Upper horizontal bar of right-hand gate door",
			"from": [14, 9, 9],
			"to": [16, 12, 13],
			"rotation": {"angle": 0, "axis": "y", "origin": [15, 5, 15]},
			"faces": {
				"east": {"uv": [10, 1, 14, 4], "texture": "#texture", "cullface": "east"},
				"west": {"uv": [2, 1, 6, 4], "texture": "#texture"},
				"up": {"uv": [6, 11, 10, 13], "rotation": 270, "texture": "#texture"},
				"down": {"uv": [6, 14, 10, 16], "rotation": 90, "texture": "#texture"}
			}
		}
	],
	"display": {
		"gui": {
			"rotation": [30, 45, 0],
			"translation": [0, -1, 0],
			"scale": [0.8, 0.8, 0.8]
		},
		"head": {
			"translation": [0, -3, -6]
		}
	}
}