{
  "variants": {
    "": [
      {
        "model": "minecraft:block/nether_quartz_ore"
      },
      {
        "model": "minecraft:block/nether_quartz_ore1"
      },
      {
        "model": "minecraft:block/nether_quartz_ore2"
      },
      {
        "model": "minecraft:block/nether_quartz_ore3"
      },
      {
        "model": "minecraft:block/nether_quartz_ore4"
      },
      {
        "model": "minecraft:block/nether_quartz_ore5"
      },
      {
        "model": "minecraft:block/nether_quartz_ore6"
      },
      {
        "model": "minecraft:block/nether_quartz_ore7"
      }
    ]
  }
}
