{
	"parent": "block/template_trapdoor_bottom",
	"textures": {
		"side": "blocks/door_oak_top_side",
		"particle": "blocks/trapdoor",
		"texture": "blocks/trapdoor"
	},
	"elements": [
		{
			"from": [0, 0, 0],
			"to": [16, 3, 4],
			"faces": {
				"north": {"uv": [8, 0, 11, 16], "rotation": 90, "texture": "#side"},
				"east": {"uv": [8, 0, 11, 4], "rotation": 90, "texture": "#side"},
				"south": {"uv": [12, 0, 15, 16], "rotation": 90, "texture": "#side"},
				"west": {"uv": [8, 12, 11, 16], "rotation": 90, "texture": "#side"},
				"up": {"uv": [0, 0, 16, 4], "texture": "#texture"},
				"down": {"uv": [0, 12, 16, 16], "texture": "#texture"}
			}
		},
		{
			"from": [0, 0, 12],
			"to": [16, 3, 16],
			"faces": {
				"north": {"uv": [12, 0, 15, 16], "rotation": 90, "texture": "#side"},
				"east": {"uv": [8, 12, 11, 16], "rotation": 90, "texture": "#side"},
				"south": {"uv": [8, 0, 11, 16], "rotation": 90, "texture": "#side"},
				"west": {"uv": [8, 0, 11, 4], "rotation": 90, "texture": "#side"},
				"up": {"uv": [0, 12, 16, 16], "texture": "#texture"},
				"down": {"uv": [0, 0, 16, 4], "texture": "#texture"}
			}
		},
		{
			"from": [0, 0, 4],
			"to": [4, 3, 12],
			"faces": {
				"north": {"uv": [0, 12, 4, 15], "texture": "#texture"},
				"east": {"uv": [12, 5, 15, 11], "rotation": 90, "texture": "#side"},
				"south": {"uv": [0, 1, 4, 4], "texture": "#texture"},
				"west": {"uv": [8, 4, 11, 12], "rotation": 90, "texture": "#side"},
				"up": {"uv": [0, 4, 4, 12], "texture": "#texture"},
				"down": {"uv": [0, 4, 4, 12], "texture": "#texture"}
			}
		},
		{
			"from": [12, 0, 4],
			"to": [16, 3, 12],
			"faces": {
				"north": {"uv": [0, 12, 4, 15], "texture": "#texture"},
				"east": {"uv": [8, 4, 11, 12], "rotation": 90, "texture": "#side"},
				"south": {"uv": [0, 1, 4, 4], "texture": "#texture"},
				"west": {"uv": [12, 4, 15, 12], "rotation": 90, "texture": "#side"},
				"up": {"uv": [12, 4, 16, 12], "texture": "#texture"},
				"down": {"uv": [12, 4, 16, 12], "texture": "#texture"}
			}
		},
		{
			"from": [3, 1, 5],
			"to": [13, 2, 6],
			"faces": {
				"north": {"uv": [3, 5, 13, 6], "texture": "#texture"},
				"east": {"uv": [3, 5, 13, 6], "texture": "#texture"},
				"south": {"uv": [3, 5, 13, 6], "texture": "#texture"},
				"west": {"uv": [3, 5, 13, 6], "texture": "#texture"},
				"up": {"uv": [3, 5, 13, 6], "texture": "#texture"},
				"down": {"uv": [3, 5, 13, 6], "texture": "#texture"}
			}
		},
		{
			"from": [3, 1, 7],
			"to": [13, 2, 8],
			"faces": {
				"north": {"uv": [3, 7, 13, 8], "texture": "#texture"},
				"east": {"uv": [3, 7, 13, 8], "texture": "#texture"},
				"south": {"uv": [3, 7, 13, 8], "texture": "#texture"},
				"west": {"uv": [3, 7, 13, 8], "texture": "#texture"},
				"up": {"uv": [3, 7, 13, 8], "texture": "#texture"},
				"down": {"uv": [3, 7, 13, 8], "texture": "#texture"}
			}
		},
		{
			"from": [3, 1, 9],
			"to": [13, 2, 10],
			"faces": {
				"north": {"uv": [3, 9, 13, 10], "texture": "#texture"},
				"east": {"uv": [3, 9, 13, 10], "texture": "#texture"},
				"south": {"uv": [3, 9, 13, 10], "texture": "#texture"},
				"west": {"uv": [3, 9, 13, 10], "texture": "#texture"},
				"up": {"uv": [3, 9, 13, 10], "texture": "#texture"},
				"down": {"uv": [3, 9, 13, 10], "texture": "#texture"}
			}
		},
		{
			"from": [3, 1, 11],
			"to": [13, 2, 12],
			"faces": {
				"north": {"uv": [3, 11, 13, 12], "texture": "#texture"},
				"east": {"uv": [3, 11, 13, 12], "texture": "#texture"},
				"south": {"uv": [3, 11, 13, 12], "texture": "#texture"},
				"west": {"uv": [3, 11, 13, 12], "texture": "#texture"},
				"up": {"uv": [3, 11, 13, 12], "texture": "#texture"},
				"down": {"uv": [3, 11, 13, 12], "texture": "#texture"}
			}
		}
	],
	"display": {
		"thirdperson_lefthand": {
			"rotation": [75, -135, 0],
			"translation": [0, 2.5, 0],
			"scale": [0.375, 0.375, 0.375]
		},
		"gui": {
			"rotation": [30, 135, 0],
			"scale": [0.625, 0.625, 0.625]
		},
		"head": {
			"rotation": [0, -90, 0]
		}
	}
}
