{
  "variants": {
    "": [
      {
        "model": "minecraft:block/deepslate_redstone_ore"
      },
      {
        "model": "minecraft:block/deepslate_redstone_ore1"
      },
      {
        "model": "minecraft:block/deepslate_redstone_ore2"
      },
      {
        "model": "minecraft:block/deepslate_redstone_ore3"
      },
      {
        "model": "minecraft:block/deepslate_redstone_ore4"
      },
      {
        "model": "minecraft:block/deepslate_redstone_ore5"
      },
      {
        "model": "minecraft:block/deepslate_redstone_ore6"
      },
      {
        "model": "minecraft:block/deepslate_redstone_ore7"
      }
    ]
  }
}
