{
	"credit": "Made by Snownee",
	"parent": "block/block",
	"ambientocclusion": false,
	"textures": {
		"1": "snowrealmagic:block/snow_overlay",
		"2": "block/snow",
		"0": "block/acacia_planks"
	},
	"elements": [
		{
			"name": "Left post",
			"from": [6, 0, 0],
			"to": [10, 16, 4],
			"faces": {
				"north": {"uv": [6, 0, 10, 16], "texture": "#0", "tintindex": 0},
				"east": {"uv": [0, 0, 4, 16], "texture": "#0", "tintindex": 0},
				"south": {"uv": [6, 0, 10, 16], "texture": "#0", "tintindex": 0},
				"west": {"uv": [0, 0, 4, 16], "texture": "#0", "tintindex": 0},
				"down": {"uv": [6, 0, 10, 4], "texture": "#0", "cullface": "down", "tintindex": 0}
			}
		},
		{
			"name": "Right post",
			"from": [6, 0, 12],
			"to": [10, 16, 16],
			"faces": {
				"north": {"uv": [6, 0, 10, 16], "texture": "#0", "tintindex": 0},
				"east": {"uv": [12, 0, 16, 16], "texture": "#0", "tintindex": 0},
				"south": {"uv": [6, 0, 10, 16], "texture": "#0", "tintindex": 0},
				"west": {"uv": [12, 0, 16, 16], "texture": "#0", "tintindex": 0},
				"down": {"uv": [6, 12, 10, 16], "texture": "#0", "cullface": "down", "tintindex": 0}
			}
		},
		{
			"name": "Top bar",
			"from": [7, 13, -2],
			"to": [9, 15, 18],
			"faces": {
				"north": {"uv": [7, 1, 9, 3], "texture": "#0", "tintindex": 0},
				"east": {"uv": [0, 1, 16, 3], "texture": "#0", "tintindex": 0},
				"south": {"uv": [7, 1, 9, 3], "texture": "#0", "tintindex": 0},
				"west": {"uv": [0, 1, 16, 3], "texture": "#0", "tintindex": 0},
				"down": {"uv": [7, 0, 9, 16], "texture": "#0", "tintindex": 0}
			}
		},
		{
			"name": "Lower bar",
			"from": [7, 5, -2],
			"to": [9, 7, 18],
			"faces": {
				"north": {"uv": [7, 9, 9, 11], "texture": "#0", "tintindex": 0},
				"east": {"uv": [0, 9, 16, 11], "texture": "#0", "tintindex": 0},
				"south": {"uv": [7, 9, 9, 11], "texture": "#0", "tintindex": 0},
				"west": {"uv": [0, 9, 16, 11], "texture": "#0", "tintindex": 0},
				"up": {"uv": [7, 0, 9, 16], "texture": "#0", "tintindex": 0},
				"down": {"uv": [7, 0, 9, 16], "texture": "#0", "tintindex": 0}
			}
		},
		{
			"from": [6.99, 13, -2.01],
			"to": [9.01, 16, 18.01],
			"faces": {
				"north": {"uv": [7, 5, 9.02, 8], "texture": "#1"},
				"east": {"uv": [0, 4, 16, 7], "texture": "#1"},
				"south": {"uv": [7, 5, 9.02, 8], "texture": "#1"},
				"west": {"uv": [0, 4, 16, 7], "texture": "#1"},
				"up": {"uv": [7, 0, 9, 16], "texture": "#2"}
			}
		},
		{
			"from": [5.99, 13, -0.01],
			"to": [10.01, 18, 4.01],
			"faces": {
				"north": {"uv": [7, 2, 11.02, 7], "texture": "#1"},
				"east": {"uv": [12, 2, 16, 7], "texture": "#1"},
				"south": {"uv": [0, 2, 4.02, 7], "texture": "#1"},
				"west": {"uv": [2, 2, 6.02, 7], "texture": "#1"},
				"up": {"uv": [5.99, 0, 10.01, 4.01], "texture": "#2"}
			}
		},
		{
			"from": [5.99, 13, 11.99],
			"to": [10.01, 18, 16.01],
			"faces": {
				"north": {"uv": [7, 2, 11.02, 7], "texture": "#1"},
				"east": {"uv": [2, 2, 6, 7], "texture": "#1"},
				"south": {"uv": [0, 2, 4.02, 7], "texture": "#1"},
				"west": {"uv": [12, 2, 16, 7], "texture": "#1"},
				"up": {"uv": [5.99, 0, 10.01, 4.01], "texture": "#2"}
			}
		}
	],
	"display": {
		"gui": {
			"rotation": [30, 135, 0],
			"scale": [0.625, 0.625, 0.625]
		},
		"fixed": {
			"rotation": [0, 90, 0],
			"scale": [0.5, 0.5, 0.5]
		}
	}
}