{
	"parent": "block/block",
	"ambientocclusion": false,
	"textures": {
		"0": "block/acacia_planks",
		"1": "snowrealmagic:block/snow_overlay",
		"2": "block/snow",
		"particle": "block/snow"
	},
	"elements": [
		{
			"from": [-0.01, 9, 8.99],
			"to": [2.01, 13, 15.01],
			"faces": {
				"east": {"uv": [6, 4, 12.02, 8], "texture": "#1"},
				"south": {"uv": [0, 3, 2.01, 7], "texture": "#1"},
				"west": {"uv": [5, 4, 11, 8], "texture": "#1", "cullface": "west"},
				"up": {"uv": [0, 8.99, 2, 15.01], "texture": "#2"}
			}
		},
		{
			"from": [13.99, 9, 8.99],
			"to": [16.01, 13, 15.01],
			"faces": {
				"east": {"uv": [5, 4, 11.02, 8], "texture": "#1", "cullface": "east"},
				"south": {"uv": [0, 3, 2.01, 7], "texture": "#1"},
				"west": {"uv": [6, 4, 12, 8], "texture": "#1"},
				"up": {"uv": [0, 8.99, 2, 15.01], "texture": "#2"}
			}
		},
		{
			"from": [13.99, 11, 6.99],
			"to": [16.01, 14, 9.01],
			"faces": {
				"north": {"uv": [0, 3, 2.01, 6], "texture": "#1"},
				"east": {"uv": [7, 4, 9.02, 7], "texture": "#1", "cullface": "east"},
				"south": {"uv": [14, 3, 16, 6], "texture": "#1"},
				"west": {"uv": [7, 4, 9.02, 7], "texture": "#1"},
				"up": {"uv": [14, 6.99, 16, 9.01], "texture": "#2"}
			}
		},
		{
			"from": [-0.01, 11, 6.99],
			"to": [2.01, 14, 9.01],
			"faces": {
				"north": {"uv": [12, 3, 14.01, 6], "texture": "#1"},
				"east": {"uv": [7, 4, 9.02, 7], "texture": "#1"},
				"south": {"uv": [8, 3, 10, 6], "texture": "#1"},
				"west": {"uv": [7, 4, 9.02, 7], "texture": "#1", "cullface": "west"},
				"up": {"uv": [0, 6.99, 2.01, 9.01], "texture": "#2"}
			}
		},
		{
			"name": "Upper horizontal bar of left-hand gate door",
			"from": [14, 9, 9],
			"to": [16, 12, 13],
			"faces": {
				"east": {"uv": [13, 1, 15, 4], "texture": "#0", "cullface": "east", "tintindex": 0},
				"west": {"uv": [13, 1, 15, 4], "texture": "#0", "tintindex": 0},
				"down": {"uv": [14, 9, 16, 13], "texture": "#0", "tintindex": 0}
			}
		},
		{
			"name": "Lower horizontal bar of left-hand gate door",
			"from": [14, 3, 9],
			"to": [16, 6, 13],
			"faces": {
				"east": {"uv": [13, 7, 15, 10], "texture": "#0", "cullface": "east", "tintindex": 0},
				"west": {"uv": [13, 7, 15, 10], "texture": "#0", "tintindex": 0},
				"up": {"uv": [14, 9, 16, 13], "texture": "#0", "tintindex": 0},
				"down": {"uv": [14, 9, 16, 13], "texture": "#0", "tintindex": 0}
			}
		},
		{
			"name": "Upper horizontal bar of left-hand gate door",
			"from": [0, 9, 9],
			"to": [2, 12, 13],
			"faces": {
				"east": {"uv": [13, 1, 15, 4], "texture": "#0", "tintindex": 0},
				"west": {"uv": [13, 1, 15, 4], "texture": "#0", "cullface": "west", "tintindex": 0},
				"down": {"uv": [0, 9, 2, 13], "texture": "#0", "tintindex": 0}
			}
		},
		{
			"name": "Lower horizontal bar of left-hand gate door",
			"from": [0, 3, 9],
			"to": [2, 6, 13],
			"faces": {
				"east": {"uv": [13, 7, 15, 10], "texture": "#0", "tintindex": 0},
				"west": {"uv": [13, 7, 15, 10], "texture": "#0", "cullface": "west", "tintindex": 0},
				"up": {"uv": [0, 9, 2, 13], "texture": "#0", "tintindex": 0},
				"down": {"uv": [0, 9, 2, 13], "texture": "#0", "tintindex": 0}
			}
		},
		{
			"name": "Inner vertical post of right-hand gate door",
			"from": [14, 3, 13],
			"to": [16, 12, 15],
			"faces": {
				"north": {"uv": [14, 1, 16, 10], "texture": "#0", "tintindex": 0},
				"east": {"uv": [13, 1, 15, 10], "texture": "#0", "cullface": "east", "tintindex": 0},
				"south": {"uv": [14, 1, 16, 10], "texture": "#0", "tintindex": 0},
				"west": {"uv": [13, 1, 15, 10], "texture": "#0", "tintindex": 0},
				"down": {"uv": [14, 13, 16, 15], "texture": "#0", "tintindex": 0}
			}
		},
		{
			"name": "Inner vertical post of left-hand gate door",
			"from": [0, 3, 13],
			"to": [2, 12, 15],
			"faces": {
				"north": {"uv": [0, 1, 2, 10], "texture": "#0", "tintindex": 0},
				"east": {"uv": [13, 1, 15, 10], "texture": "#0", "tintindex": 0},
				"south": {"uv": [0, 1, 2, 10], "texture": "#0", "tintindex": 0},
				"west": {"uv": [13, 1, 15, 10], "texture": "#0", "cullface": "west", "tintindex": 0},
				"down": {"uv": [0, 13, 2, 15], "texture": "#0", "tintindex": 0}
			}
		},
		{
			"name": "Right-hand post",
			"from": [14, 2, 7],
			"to": [16, 13, 9],
			"faces": {
				"north": {"uv": [14, 0, 16, 11], "texture": "#0", "tintindex": 0},
				"east": {"uv": [7, 0, 9, 11], "texture": "#0", "cullface": "east", "tintindex": 0},
				"south": {"uv": [14, 0, 16, 11], "texture": "#0", "tintindex": 0},
				"west": {"uv": [7, 0, 9, 11], "texture": "#0", "tintindex": 0},
				"down": {"uv": [14, 7, 16, 9], "texture": "#0", "tintindex": 0}
			}
		},
		{
			"name": "Left-hand post",
			"from": [0, 2, 7],
			"to": [2, 13, 9],
			"faces": {
				"north": {"uv": [0, 0, 2, 11], "texture": "#0", "tintindex": 0},
				"east": {"uv": [7, 0, 9, 11], "texture": "#0", "tintindex": 0},
				"south": {"uv": [0, 0, 2, 11], "texture": "#0", "tintindex": 0},
				"west": {"uv": [7, 0, 9, 11], "texture": "#0", "cullface": "west", "tintindex": 0},
				"down": {"uv": [0, 7, 2, 9], "texture": "#0", "tintindex": 0}
			}
		}
	],
	"display": {
		"gui": {
			"rotation": [30, 45, 0],
			"translation": [0, -1, 0],
			"scale": [0.8, 0.8, 0.8]
		},
		"head": {
			"translation": [0, -3, -6]
		}
	}
}
