{
	"credit": "Made by Snownee",
	"parent": "block/block",
	"ambientocclusion": false,
	"textures": {
		"0": "block/acacia_planks",
		"1": "snowrealmagic:block/snow_overlay",
		"2": "block/snow",
		"particle": "block/snow"
	},
	"elements": [
		{
			"name": "Left-hand post",
			"from": [0, 2, 7],
			"to": [2, 13, 9],
			"faces": {
				"north": {"uv": [0, 0, 2, 11], "texture": "#0", "tintindex": 0},
				"east": {"uv": [7, 0, 9, 11], "texture": "#0", "tintindex": 0},
				"south": {"uv": [0, 0, 2, 11], "texture": "#0", "tintindex": 0},
				"west": {"uv": [7, 0, 9, 11], "texture": "#0", "cullface": "west", "tintindex": 0},
				"down": {"uv": [0, 7, 2, 9], "texture": "#0", "tintindex": 0}
			}
		},
		{
			"name": "Right-hand post",
			"from": [14, 2, 7],
			"to": [16, 13, 9],
			"faces": {
				"north": {"uv": [14, 0, 16, 11], "texture": "#0", "tintindex": 0},
				"east": {"uv": [7, 0, 9, 11], "texture": "#0", "cullface": "east", "tintindex": 0},
				"south": {"uv": [14, 0, 16, 11], "texture": "#0", "tintindex": 0},
				"west": {"uv": [7, 0, 9, 11], "texture": "#0", "tintindex": 0},
				"down": {"uv": [14, 7, 16, 9], "texture": "#0", "tintindex": 0}
			}
		},
		{
			"name": "Inner vertical post of left-hand gate door",
			"from": [6, 3, 7],
			"to": [8, 12, 9],
			"faces": {
				"north": {"uv": [6, 1, 8, 10], "texture": "#0", "tintindex": 0},
				"south": {"uv": [6, 1, 8, 10], "texture": "#0", "tintindex": 0},
				"west": {"uv": [7, 1, 9, 10], "texture": "#0", "tintindex": 0},
				"down": {"uv": [6, 7, 8, 9], "texture": "#0", "tintindex": 0}
			}
		},
		{
			"name": "Inner vertical post of right-hand gate door",
			"from": [8, 3, 7],
			"to": [10, 12, 9],
			"faces": {
				"north": {"uv": [8, 1, 10, 10], "texture": "#0", "tintindex": 0},
				"east": {"uv": [7, 1, 9, 10], "texture": "#0", "tintindex": 0},
				"south": {"uv": [8, 1, 10, 10], "texture": "#0", "tintindex": 0},
				"down": {"uv": [8, 7, 10, 9], "texture": "#0", "tintindex": 0}
			}
		},
		{
			"name": "Lower horizontal bar of left-hand gate door",
			"from": [2, 3, 7],
			"to": [6, 6, 9],
			"faces": {
				"north": {"uv": [2, 7, 6, 10], "texture": "#0", "tintindex": 0},
				"south": {"uv": [2, 7, 6, 10], "texture": "#0", "tintindex": 0},
				"up": {"uv": [2, 7, 6, 9], "texture": "#0", "tintindex": 0},
				"down": {"uv": [2, 7, 6, 9], "texture": "#0", "tintindex": 0}
			}
		},
		{
			"name": "Upper horizontal bar of left-hand gate door",
			"from": [2, 9, 7],
			"to": [6, 12, 9],
			"faces": {
				"north": {"uv": [2, 1, 6, 4], "texture": "#0", "tintindex": 0},
				"south": {"uv": [2, 1, 6, 4], "texture": "#0", "tintindex": 0},
				"down": {"uv": [2, 7, 6, 9], "texture": "#0", "tintindex": 0}
			}
		},
		{
			"name": "Lower horizontal bar of right-hand gate door",
			"from": [10, 3, 7],
			"to": [14, 6, 9],
			"faces": {
				"north": {"uv": [10, 7, 14, 10], "texture": "#0", "tintindex": 0},
				"south": {"uv": [10, 7, 14, 10], "texture": "#0", "tintindex": 0},
				"up": {"uv": [10, 7, 14, 9], "texture": "#0", "tintindex": 0},
				"down": {"uv": [10, 7, 14, 9], "texture": "#0", "tintindex": 0}
			}
		},
		{
			"name": "Upper horizontal bar of right-hand gate door",
			"from": [10, 9, 7],
			"to": [14, 12, 9],
			"faces": {
				"north": {"uv": [10, 1, 14, 4], "texture": "#0", "tintindex": 0},
				"south": {"uv": [10, 1, 14, 4], "texture": "#0", "tintindex": 0},
				"down": {"uv": [10, 7, 14, 9], "texture": "#0", "tintindex": 0}
			}
		},
		{
			"from": [2, 11, 6.99],
			"to": [14, 13, 9.01],
			"faces": {
				"north": {"uv": [2, 4, 14, 6], "texture": "#1"},
				"south": {"uv": [2, 4, 14, 6], "texture": "#1"},
				"up": {"uv": [2, 6.99, 14, 9.01], "texture": "#2"}
			}
		},
		{
			"from": [13.99, 11, 6.99],
			"to": [16.01, 14, 9.01],
			"faces": {
				"north": {"uv": [0, 3, 2.01, 6], "texture": "#1"},
				"east": {"uv": [7, 4, 9.02, 7], "texture": "#1", "cullface": "east"},
				"south": {"uv": [14, 3, 16, 6], "texture": "#1"},
				"west": {"uv": [7, 4, 9.02, 7], "texture": "#1"},
				"up": {"uv": [14, 6.99, 16, 9.01], "texture": "#2"}
			}
		},
		{
			"from": [-0.01, 11, 6.99],
			"to": [2.01, 14, 9.01],
			"faces": {
				"north": {"uv": [12, 3, 14.01, 6], "texture": "#1"},
				"east": {"uv": [7, 4, 9.02, 7], "texture": "#1"},
				"south": {"uv": [8, 3, 10, 6], "texture": "#1"},
				"west": {"uv": [7, 4, 9.02, 7], "texture": "#1", "cullface": "west"},
				"up": {"uv": [14, 6.99, 16, 9.01], "texture": "#2"}
			}
		}
	],
	"display": {
		"gui": {
			"rotation": [30, 45, 0],
			"translation": [0, -1, 0],
			"scale": [0.8, 0.8, 0.8]
		},
		"head": {
			"translation": [0, -3, -6]
		}
	}
}