{
	"ambientocclusion": false,
	"textures": {
		"0": "block/fence_acacia",
		"1": "snowrealmagic:block/snow_overlay",
		"2": "block/snow",
		"3": "block/fence_acacia_rail",
		"particle": "block/fence_acacia_rail"
	},
	"elements": [
		{
			"name": "Left post",
			"from": [6, 0, 0],
			"to": [10, 16, 4],
			"faces": {
				"north": {"uv": [6, 0, 10, 16], "texture": "#0", "tintindex": 0},
				"east": {"uv": [6, 0, 10, 16], "texture": "#0", "tintindex": 0},
				"south": {"uv": [6, 0, 10, 16], "texture": "#0", "tintindex": 0},
				"west": {"uv": [6, 0, 10, 16], "texture": "#0", "tintindex": 0},
				"down": {"uv": [6, 0, 10, 4], "texture": "#0", "cullface": "down", "tintindex": 0}
			}
		},
		{
			"name": "Right post",
			"from": [6, 0, 12],
			"to": [10, 16, 16],
			"faces": {
				"north": {"uv": [6, 0, 10, 16], "texture": "#0", "tintindex": 0},
				"east": {"uv": [6, 0, 10, 16], "texture": "#0", "tintindex": 0},
				"south": {"uv": [6, 0, 10, 16], "texture": "#0", "tintindex": 0},
				"west": {"uv": [6, 0, 10, 16], "texture": "#0", "tintindex": 0},
				"down": {"uv": [6, 12, 10, 16], "texture": "#0", "cullface": "down", "tintindex": 0}
			}
		},
		{
			"from": [6.99, 12, -2.01],
			"to": [9.01, 16, 18.01],
			"faces": {
				"north": {"uv": [7, 5, 9.02, 8], "texture": "#1"},
				"east": {"uv": [0, 4, 16, 7], "texture": "#1"},
				"south": {"uv": [7, 5, 9.02, 8], "texture": "#1"},
				"west": {"uv": [0, 4, 16, 7], "texture": "#1"},
				"up": {"uv": [7, 0, 9, 16], "texture": "#2"}
			}
		},
		{
			"from": [5.99, 13, -0.01],
			"to": [10.01, 18, 4.01],
			"faces": {
				"north": {"uv": [7, 2, 11.02, 7], "texture": "#1"},
				"east": {"uv": [12, 2, 16, 7], "texture": "#1"},
				"south": {"uv": [0, 2, 4.02, 7], "texture": "#1"},
				"west": {"uv": [2, 2, 6.02, 7], "texture": "#1"},
				"up": {"uv": [5.99, 0, 10.01, 4.01], "texture": "#2"}
			}
		},
		{
			"from": [5.99, 13, 11.99],
			"to": [10.01, 18, 16.01],
			"faces": {
				"north": {"uv": [7, 2, 11.02, 7], "texture": "#1"},
				"east": {"uv": [2, 2, 6, 7], "texture": "#1"},
				"south": {"uv": [0, 2, 4.02, 7], "texture": "#1"},
				"west": {"uv": [12, 2, 16, 7], "texture": "#1"},
				"up": {"uv": [5.99, 0, 10.01, 4.01], "texture": "#2"}
			}
		},
		{
			"name": "Lower bar",
			"from": [7, 5, 16],
			"to": [9, 7, 18],
			"faces": {
				"east": {"uv": [12, 7, 10, 10], "texture": "#0", "tintindex": 0},
				"south": {"uv": [7, 7, 9, 10], "texture": "#0", "tintindex": 0},
				"west": {"uv": [10, 7, 12, 10], "texture": "#0", "tintindex": 0},
				"up": {"uv": [7, 0, 9, 2], "texture": "#3", "tintindex": 0},
				"down": {"uv": [7, 2, 9, 0], "texture": "#3", "tintindex": 0}
			}
		},
		{
			"name": "Lower bar",
			"from": [7, 5, 8],
			"to": [9, 7, 12],
			"faces": {
				"east": {"uv": [16, 7, 10, 10], "texture": "#0", "tintindex": 0},
				"west": {"uv": [10, 7, 16, 10], "texture": "#0", "tintindex": 0},
				"up": {"uv": [7, 0, 9, 6], "texture": "#3", "tintindex": 0},
				"down": {"uv": [7, 6, 9, 0], "texture": "#3", "tintindex": 0}
			}
		},
		{
			"name": "Lower bar",
			"from": [7, 5, 4],
			"to": [9, 7, 8],
			"faces": {
				"east": {"uv": [6, 7, 0, 10], "texture": "#0", "tintindex": 0},
				"west": {"uv": [0, 7, 6, 10], "texture": "#0", "tintindex": 0},
				"up": {"uv": [7, 0, 9, 6], "texture": "#3", "tintindex": 0},
				"down": {"uv": [7, 6, 9, 0], "texture": "#3", "tintindex": 0}
			}
		},
		{
			"name": "Lower bar",
			"from": [7, 5, -2],
			"to": [9, 7, 0],
			"faces": {
				"north": {"uv": [7, 7, 9, 10], "texture": "#0", "tintindex": 0},
				"east": {"uv": [6, 7, 4, 10], "texture": "#0", "tintindex": 0},
				"west": {"uv": [4, 7, 6, 10], "texture": "#0", "tintindex": 0},
				"up": {"uv": [7, 4, 9, 6], "texture": "#3", "tintindex": 0},
				"down": {"uv": [7, 6, 9, 4], "texture": "#3", "tintindex": 0}
			}
		},
		{
			"name": "Lower bar",
			"from": [7, 13, 16],
			"to": [9, 15, 18],
			"faces": {
				"east": {"uv": [12, 1, 10, 4], "texture": "#0", "tintindex": 0},
				"south": {"uv": [7, 1, 9, 4], "texture": "#0", "tintindex": 0},
				"west": {"uv": [10, 1, 12, 4], "texture": "#0", "tintindex": 0},
				"up": {"uv": [7, 0, 9, 2], "texture": "#3", "tintindex": 0},
				"down": {"uv": [7, 2, 9, 0], "texture": "#3", "tintindex": 0}
			}
		},
		{
			"name": "Lower bar",
			"from": [7, 13, 8],
			"to": [9, 15, 12],
			"faces": {
				"east": {"uv": [16, 1, 10, 4], "texture": "#0", "tintindex": 0},
				"west": {"uv": [10, 1, 16, 4], "texture": "#0", "tintindex": 0},
				"up": {"uv": [7, 0, 9, 6], "texture": "#3", "tintindex": 0},
				"down": {"uv": [7, 6, 9, 0], "texture": "#3", "tintindex": 0}
			}
		},
		{
			"name": "Lower bar",
			"from": [7, 13, 4],
			"to": [9, 15, 8],
			"faces": {
				"east": {"uv": [6, 1, 0, 4], "texture": "#0", "tintindex": 0},
				"west": {"uv": [0, 1, 6, 4], "texture": "#0", "tintindex": 0},
				"up": {"uv": [7, 0, 9, 6], "texture": "#3", "tintindex": 0},
				"down": {"uv": [7, 6, 9, 0], "texture": "#3", "tintindex": 0}
			}
		},
		{
			"name": "Lower bar",
			"from": [7, 13, -2],
			"to": [9, 15, 0],
			"faces": {
				"north": {"uv": [7, 1, 9, 4], "texture": "#0", "tintindex": 0},
				"east": {"uv": [6, 1, 4, 4], "texture": "#0", "tintindex": 0},
				"west": {"uv": [4, 1, 6, 4], "texture": "#0", "tintindex": 0},
				"up": {"uv": [7, 4, 9, 6], "texture": "#3", "tintindex": 0},
				"down": {"uv": [7, 6, 9, 4], "texture": "#3", "tintindex": 0}
			}
		}
	],
	"display": {
		"gui": {
			"rotation": [30, 135, 0],
			"scale": [0.625, 0.625, 0.625]
		},
		"fixed": {
			"rotation": [0, 90, 0],
			"scale": [0.5, 0.5, 0.5]
		}
	},
	"groups": [0, 1, 2, 3, 4,
		{
			"name": "group",
			"origin": [8, 8, 8],
			"children": [5, 6, 7, 8]
		},
		{
			"name": "group",
			"origin": [8, 8, 8],
			"children": [9, 10, 11, 12]
		}
	]
}
