{
	"credit": "Made by Snownee",
	"textures": {
		"0": "block/acacia_planks",
		"1": "snowrealmagic:block/snow_overlay",
		"2": "block/snow",
		"particle": "block/snow"
	},
	"elements": [
		{
			"name": "Center post",
			"from": [6, 0, 6],
			"to": [10, 16, 10],
			"faces": {
				"north": {"uv": [6, 0, 10, 16], "texture": "#0", "tintindex": 0},
				"east": {"uv": [6, 0, 10, 16], "texture": "#0", "tintindex": 0},
				"south": {"uv": [6, 0, 10, 16], "texture": "#0", "tintindex": 0},
				"west": {"uv": [6, 0, 10, 16], "texture": "#0", "tintindex": 0},
				"down": {"uv": [6, 6, 9.99958, 9.99958], "texture": "#0"}
			}
		},
		{
			"from": [5.99, 10, 5.99],
			"to": [10.01, 18, 10.01],
			"faces": {
				"north": {"uv": [12, 0, 16, 8], "texture": "#1"},
				"east": {"uv": [8, 0, 12.02, 8], "texture": "#1"},
				"south": {"uv": [4, 0, 8.02, 8], "texture": "#1"},
				"west": {"uv": [0, 0, 4.02, 8], "texture": "#1"},
				"up": {"uv": [5.99, 5.99, 10.01, 10.01], "texture": "#2"}
			}
		}
	]
}