{
	"parent": "block/block",
	"textures": {
		"0": "block/acacia_planks",
		"particle": "block/snow"
	},
	"elements": [
		{
			"from": [0, 0, 0],
			"to": [16, 8, 16],
			"faces": {
				"north": {"uv": [0, 8, 16, 16], "texture": "#0", "cullface": "north", "tintindex": 0},
				"east": {"uv": [0, 8, 16, 16], "texture": "#0", "cullface": "east", "tintindex": 0},
				"south": {"uv": [0, 8, 16, 16], "texture": "#0", "cullface": "south", "tintindex": 0},
				"west": {"uv": [0, 8, 16, 16], "texture": "#0", "cullface": "west", "tintindex": 0},
				"down": {"uv": [0, 0, 16, 16], "texture": "#0", "cullface": "down", "tintindex": 0}
			}
		},
		{
			"from": [0, 8, 0],
			"to": [16, 10, 16],
			"faces": {
				"north": {"uv": [0, 6, 16, 8], "texture": "#particle", "cullface": "north"},
				"east": {"uv": [0, 6, 16, 8], "texture": "#particle", "cullface": "east"},
				"south": {"uv": [0, 6, 16, 8], "texture": "#particle", "cullface": "south"},
				"west": {"uv": [0, 6, 16, 8], "texture": "#particle", "cullface": "west"},
				"up": {"uv": [0, 0, 16, 16], "texture": "#particle"}
			}
		}
	]
}
