{
	"textures": {
		"0": "block/acacia_planks",
		"1": "block/snow",
		"2": "snowrealmagic:block/snow_overlay",
		"particle": "block/snow"
	},
	"elements": [
		{
			"from": [0, 0, 0],
			"to": [16, 8, 16],
			"faces": {
				"north": {"uv": [0, 8, 16, 16], "texture": "#0", "cullface": "north", "tintindex": 0},
				"east": {"uv": [0, 8, 16, 16], "texture": "#0", "cullface": "east", "tintindex": 0},
				"south": {"uv": [0, 8, 16, 16], "texture": "#0", "cullface": "south", "tintindex": 0},
				"west": {"uv": [0, 8, 16, 16], "texture": "#0", "cullface": "west", "tintindex": 0},
				"down": {"uv": [0, 0, 16, 16], "texture": "#0", "cullface": "down", "tintindex": 0}
			}
		},
		{
			"from": [8, 8, 8],
			"to": [16, 16, 16],
			"faces": {
				"north": {"uv": [0, 0, 8, 8], "texture": "#0", "tintindex": 0},
				"east": {"uv": [0, 0, 8, 8], "texture": "#0", "cullface": "east", "tintindex": 0},
				"south": {"uv": [8, 0, 16, 8], "texture": "#0", "cullface": "south", "tintindex": 0},
				"west": {"uv": [8, 0, 16, 8], "texture": "#0", "tintindex": 0}
			}
		},
		{
			"from": [-0.01, 5, -0.01],
			"to": [16.01, 10, 8.01],
			"faces": {
				"north": {"uv": [0, 2, 16, 7], "texture": "#2", "cullface": "north"},
				"east": {"uv": [7, 3, 15, 8], "texture": "#2", "cullface": "east"},
				"west": {"uv": [0, 2, 8.02, 7], "texture": "#2", "cullface": "west"},
				"up": {"uv": [0, 0, 16, 8.01], "texture": "#1"}
			}
		},
		{
			"from": [-0.01, 5, 7.99],
			"to": [8.01, 10, 16.01],
			"faces": {
				"south": {"uv": [0, 3, 8.01, 8], "texture": "#2", "cullface": "south"},
				"west": {"uv": [8, 2, 16, 7], "texture": "#2", "cullface": "west"},
				"up": {"uv": [0, 7.99, 8.01, 16], "texture": "#1"}
			}
		},
		{
			"from": [7.99, 11, 7.99],
			"to": [16.01, 18, 16.01],
			"faces": {
				"north": {"uv": [0, 1, 8.01, 8], "texture": "#2"},
				"east": {"uv": [0, 1, 8.01, 8], "texture": "#2", "cullface": "east"},
				"south": {"uv": [8, 1, 16, 8], "texture": "#2", "cullface": "south"},
				"west": {"uv": [8, 1, 16, 8], "texture": "#2"},
				"up": {"uv": [7.99, 7.99, 16, 16], "texture": "#1"}
			}
		}
	]
}
