{
	"parent": "block/block",
	"textures": {
		"0": "block/acacia_planks",
		"1": "block/snow",
		"2": "snowrealmagic:block/snow_overlay",
		"particle": "block/snow"
	},
	"elements": [
		{
			"from": [0, 0, 0],
			"to": [16, 8, 16],
			"faces": {
				"north": {"uv": [0, 8, 16, 16], "texture": "#0", "cullface": "north", "tintindex": 0},
				"east": {"uv": [0, 8, 16, 16], "texture": "#0", "cullface": "east", "tintindex": 0},
				"south": {"uv": [0, 8, 16, 16], "texture": "#0", "cullface": "south", "tintindex": 0},
				"west": {"uv": [0, 8, 16, 16], "texture": "#0", "cullface": "west", "tintindex": 0},
				"down": {"uv": [0, 0, 16, 16], "texture": "#0", "cullface": "down", "tintindex": 0}
			}
		},
		{
			"from": [8, 8, 0],
			"to": [16, 16, 16],
			"faces": {
				"north": {"uv": [0, 0, 8, 8], "texture": "#0", "cullface": "north", "tintindex": 0},
				"east": {"uv": [0, 0, 16, 8], "texture": "#0", "cullface": "east", "tintindex": 0},
				"south": {"uv": [8, 0, 16, 8], "texture": "#0", "cullface": "south", "tintindex": 0},
				"west": {"uv": [0, 0, 16, 8], "texture": "#0", "tintindex": 0}
			}
		},
		{
			"from": [-0.01, 5, -0.01],
			"to": [7.99, 10, 16.01],
			"faces": {
				"north": {"uv": [8, 2, 16, 7], "texture": "#2", "cullface": "north"},
				"south": {"uv": [0, 2, 8, 7], "texture": "#2", "cullface": "south"},
				"west": {"uv": [0, 2, 16, 7], "texture": "#2", "cullface": "west"},
				"up": {"uv": [0, 0, 7.99, 16], "texture": "#1"}
			}
		},
		{
			"from": [7.99, 10, -0.01],
			"to": [16.01, 18, 16.01],
			"faces": {
				"north": {"uv": [0, 0, 8.01, 8], "texture": "#2", "cullface": "north"},
				"east": {"uv": [0, 0, 16, 8], "texture": "#2", "cullface": "east"},
				"south": {"uv": [8, 0, 16, 8], "texture": "#2", "cullface": "south"},
				"west": {"uv": [0, 0, 16, 8], "texture": "#2"},
				"up": {"uv": [0, 0, 7.99, 16], "texture": "#1"}
			}
		}
	],
	"display": {
		"thirdperson_lefthand": {
			"rotation": [75, -135, 0],
			"translation": [0, 2.5, 0],
			"scale": [0.375, 0.375, 0.375]
		},
		"gui": {
			"rotation": [30, 135, 0],
			"scale": [0.625, 0.625, 0.625]
		},
		"head": {
			"rotation": [0, -90, 0]
		}
	}
}
