{
	"credit": "Made by Snownee",
	"textures": {
		"0": "block/acacia_planks",
		"1": "block/snow",
		"2": "snowrealmagic:block/snow_overlay",
		"particle": "block/snow"
	},
	"elements": [
		{
			"name": "Center post",
			"from": [4, 0, 4],
			"to": [12, 16, 12],
			"faces": {
				"north": {"uv": [4, 0, 12, 16], "texture": "#0", "tintindex": 0},
				"east": {"uv": [4, 0, 12, 16], "texture": "#0", "tintindex": 0},
				"south": {"uv": [4, 0, 12, 16], "texture": "#0", "tintindex": 0},
				"west": {"uv": [4, 0, 12, 16], "texture": "#0", "tintindex": 0},
				"down": {"uv": [4, 4, 12, 12], "texture": "#0", "cullface": "down", "tintindex": 0}
			}
		},
		{
			"name": "Center post",
			"from": [3.99, 11, 3.99],
			"to": [12.01, 18, 12.01],
			"faces": {
				"north": {"uv": [8, 1, 16, 8], "texture": "#2"},
				"east": {"uv": [0, 1, 8.02, 8], "texture": "#2"},
				"south": {"uv": [8, 1, 16, 8], "texture": "#2"},
				"west": {"uv": [0, 1, 8.02, 8], "texture": "#2"},
				"up": {"uv": [3.99, 3.99, 12.01, 12.01], "texture": "#1", "cullface": "up"}
			}
		}
	]
}