{
	"parent": "block/block",
	"ambientocclusion": false,
	"textures": {
		"0": "block/acacia_planks",
		"1": "block/snow",
		"2": "snowrealmagic:block/snow_overlay",
		"particle": "block/snow"
	},
	"elements": [
		{
			"name": "Center post",
			"from": [4, 0, 4],
			"to": [12, 16, 12],
			"faces": {
				"north": {"uv": [4, 0, 12, 16], "texture": "#0", "tintindex": 0},
				"east": {"uv": [4, 0, 12, 16], "texture": "#0", "tintindex": 0},
				"south": {"uv": [4, 0, 12, 16], "texture": "#0", "tintindex": 0},
				"west": {"uv": [4, 0, 12, 16], "texture": "#0", "tintindex": 0},
				"down": {"uv": [4, 4, 12, 12], "texture": "#0", "cullface": "down", "tintindex": 0}
			}
		},
		{
			"name": "Full wall",
			"from": [5, 0, 0],
			"to": [11, 13, 16],
			"faces": {
				"north": {"uv": [5, 3, 11, 16], "texture": "#0", "cullface": "north", "tintindex": 0},
				"east": {"uv": [0, 3, 16, 16], "texture": "#0", "tintindex": 0},
				"south": {"uv": [5, 3, 11, 16], "texture": "#0", "cullface": "south", "tintindex": 0},
				"west": {"uv": [0, 3, 16, 16], "texture": "#0", "tintindex": 0},
				"down": {"uv": [5, 0, 11, 16], "texture": "#0", "cullface": "down", "tintindex": 0}
			}
		},
		{
			"name": "Full wall",
			"from": [4.99, 10, -0.01],
			"to": [11.01, 14, 16.01],
			"faces": {
				"north": {"uv": [5, 3, 11, 7], "texture": "#2", "cullface": "north"},
				"east": {"uv": [0, 2, 16, 6], "texture": "#2"},
				"south": {"uv": [5, 3, 11, 7], "texture": "#2", "cullface": "south"},
				"west": {"uv": [0, 2, 16, 6], "texture": "#2"},
				"up": {"uv": [5, 0, 11, 16], "texture": "#1"}
			}
		},
		{
			"name": "Full wall",
			"from": [3.99, 13, 3.99],
			"to": [12.01, 17, 12.01],
			"faces": {
				"north": {"uv": [4, 2, 12.02, 6], "texture": "#2", "cullface": "north"},
				"east": {"uv": [8, 2, 16, 6], "texture": "#2"},
				"south": {"uv": [4, 2, 12.02, 6], "texture": "#2", "cullface": "south"},
				"west": {"uv": [0, 2, 8.02, 6], "texture": "#2"},
				"up": {"uv": [5, 0, 11, 16], "texture": "#1"}
			}
		}
	],
	"display": {
		"gui": {
			"rotation": [30, 135, 0],
			"scale": [0.625, 0.625, 0.625]
		},
		"fixed": {
			"rotation": [0, 90, 0],
			"scale": [0.5, 0.5, 0.5]
		}
	}
}
