{
"__comment": "3D Mesh designed with BDcraft Cubik - Version PRO 0.65 Beta",
"textures": {
    "down": "blocks/cactus_bottom",
    "up": "blocks/cactus_top",
    "north": "blocks/cactus_side",
    "south": "blocks/cactus_spikes",
    "particle": "blocks/cactus_side"
},
"elements": [ 
{
    "from": [ -2, 21.5, 4 ],
    "to": [ 2, 22.5, 8 ],
    "faces": {
        "up":    { "uv": [ 5.5, 6, 9.5, 10 ], "texture": "#up" },
        "north": { "uv": [ 5, 10.5, 1, 11.5 ], "texture": "#north" },
        "south": { "uv": [ 1, 10.5, 5, 11.5 ], "texture": "#north" },
        "west":  { "uv": [ 4, 10.5, 8, 11.5 ], "texture": "#north" },
        "east":  { "uv": [ 8, 10.5, 4, 11.5 ], "texture": "#north" }
    }
},
{
    "from": [ 3.5, 16, 3.5 ],
    "to": [ 12, 17.5, 12 ],
    "faces": {
        "up":    { "uv": [ 3.5, 3.5, 12, 12 ], "texture": "#up", "cullface": up },
        "north": { "uv": [ 12.5, 2, 4, 3.5 ], "texture": "#north", "cullface": up },
        "south": { "uv": [ 4, 2, 12.5, 3.5 ], "texture": "#north", "cullface": up },
        "west":  { "uv": [ 4, 2.5, 12.5, 4 ], "texture": "#north", "cullface": up },
        "east":  { "uv": [ 12, 2, 3.5, 3.5 ], "texture": "#north", "cullface": up }
    }
},
{
    "from": [ 2.875, 16.1875, 2.8125 ],
    "to": [ 13.375, 16.25, 13.3125 ],
    "__comment": "PlaneY",
    "faces": {
        "up":    { "uv": [ 2.875, 2.8125, 13.375, 13.3125 ], "texture": "#south" }
    }
},
{
    "from": [ 2.8125, 0, 2.8125 ],
    "to": [ 13.3125, 16, 13.3125 ],
    "faces": {
        "north": { "uv": [ 13.3125, 0, 2.8125, 16 ], "texture": "#south" },
        "south": { "uv": [ 2.8125, 0, 13.3125, 16 ], "texture": "#south" },
        "west":  { "uv": [ 2.8125, 0, 13.3125, 16 ], "texture": "#south" },
        "east":  { "uv": [ 13.3125, 0, 2.8125, 16 ], "texture": "#south" }
    }
},
{
    "from": [ -2.5, 10, 3.625 ],
    "to": [ 2.5, 21.5, 8.625 ],
    "faces": {
        "down":  { "uv": [ 5.5, 10, 10.5, 5 ], "texture": "#north" },
        "up":    { "uv": [ 5, 5.5, 10, 10.5 ], "texture": "#up" },
        "north": { "uv": [ 10.5, 2.5, 5.5, 14 ], "texture": "#north" },
        "south": { "uv": [ 5.5, 1, 10.5, 12.5 ], "texture": "#north" },
        "west":  { "uv": [ 5.5, 4.5, 10.5, 16 ], "texture": "#north" },
        "east":  { "uv": [ 10.5, 3.5, 5.5, 15 ], "texture": "#north" }
    }
},
{
    "from": [ -2, 8.5, 4 ],
    "to": [ 1.5, 11.5, 8.5 ],
    "faces": {
        "down":  { "uv": [ 1.5, 7.4375, 5, 5 ], "texture": "#north" },
        "up":    { "uv": [ 1.5, 5, 5, 7.4375 ], "texture": "#north" },
        "north": { "uv": [ 5, 4.5, 1.5, 7.5 ], "texture": "#north" },
        "south": { "uv": [ 1.5, 4.5, 5, 7.5 ], "texture": "#north" },
        "west":  { "uv": [ 5, 4.5, 7.4375, 7.5 ], "texture": "#north" },
        "east":  { "uv": [ 7.4375, 4.5, 5, 7.5 ], "texture": "#north" }
    }
},
{
    "from": [ -0.125, 6.25, 4.5625 ],
    "to": [ 5.875, 9.75, 8 ],
    "faces": {
        "down":  { "uv": [ 3, 8, 9, 4.5 ], "texture": "#north" },
        "up":    { "uv": [ 3, 4.5, 9, 8 ], "texture": "#north" },
        "north": { "uv": [ 9, 5.5, 3, 9 ], "texture": "#north" },
        "south": { "uv": [ 3, 5.5, 9, 9 ], "texture": "#north" },
        "west":  { "uv": [ 4.5, 5.5, 8, 9 ], "texture": "#north" },
        "east":  { "uv": [ 8, 5.5, 4.5, 9 ], "texture": "#north" }
    }
},
{
    "from": [ 3, 0, 3 ],
    "to": [ 13, 16, 13 ],
    "faces": {
        "down":  { "uv": [ 1, 1, 15, 15 ], "texture": "#down" },
        "up":    { "uv": [ 1, 1, 15, 15 ], "texture": "#up" },
        "north": { "uv": [ 1, 0, 15, 16 ], "texture": "#north" },
        "south": { "uv": [ 1, 0, 15, 16 ], "texture": "#north" },
        "west":  { "uv": [ 1, 0, 15, 16 ], "texture": "#north" },
        "east":  { "uv": [ 1, 0, 15, 16 ], "texture": "#north" }
    }
},
{
    "from": [ -2.75, 10.1875, 3.5 ],
    "to": [ 2.75, 21.1875, 9 ],
    "faces": {
        "north": { "uv": [ 15, 1, 9.5, 12 ], "texture": "#south" },
        "south": { "uv": [ 9.5, 1, 15, 12 ], "texture": "#south" },
        "west":  { "uv": [ 3.5, 1, 9, 12 ], "texture": "#south" },
        "east":  { "uv": [ 9, 1, 3.5, 12 ], "texture": "#south" }
    }
}
]
}