{
"__comment": "3D Mesh designed with BDcraft Cubik - Version PRO 0.65 Beta",
"textures": {
    "down": "blocks/cactus_bottom",
    "up": "blocks/cactus_top",
    "north": "blocks/cactus_side",
    "south": "blocks/cactus_spikes"
},
"elements": [ 
{
    "from": [ 3.5, 16, 3.5 ],
    "to": [ 12, 17.5, 12 ],
    "faces": {
        "up":    { "uv": [ 3.5, 3.5, 12, 12 ], "texture": "#up", "cullface": up },
        "north": { "uv": [ 12.5, 2, 4, 3.5 ], "texture": "#north", "cullface": up },
        "south": { "uv": [ 4, 2, 12.5, 3.5 ], "texture": "#north", "cullface": up },
        "west":  { "uv": [ 4, 2.5, 12.5, 4 ], "texture": "#north", "cullface": up },
        "east":  { "uv": [ 12, 2, 3.5, 3.5 ], "texture": "#north", "cullface": up }
    }
},
{
    "from": [ -2.8125, 6.1875, 0.4375 ],
    "to": [ 2.6875, 15.6875, 6 ],
    "faces": {
        "north": { "uv": [ 6.5, 5.5, 1, 15 ], "texture": "#south" },
        "south": { "uv": [ 1, 5.5, 6.5, 15 ], "texture": "#south" },
        "west":  { "uv": [ 3.375, 5.5, 8.875, 15 ], "texture": "#south" },
        "east":  { "uv": [ 8.875, 5.5, 3.375, 15 ], "texture": "#south" }
    }
},
{
    "from": [ 3, 0, 3 ],
    "to": [ 13, 16, 13 ],
    "faces": {
        "down":  { "uv": [ 1, 1, 15, 15 ], "texture": "#down" },
        "up":    { "uv": [ 1, 1, 15, 15 ], "texture": "#up" },
        "north": { "uv": [ 1, 0, 15, 16 ], "texture": "#north" },
        "south": { "uv": [ 1, 0, 15, 16 ], "texture": "#north" },
        "west":  { "uv": [ 1, 0, 15, 16 ], "texture": "#north" },
        "east":  { "uv": [ 1, 0, 15, 16 ], "texture": "#north" }
    }
},
{
    "from": [ 0.5, 2.25, 2 ],
    "to": [ 6.5, 5.75, 5.5 ],
    "rotation": { "origin": [ 0.5, 2.25, 2 ], "axis": "y", "angle": -22.5 },
    "faces": {
        "down":  { "uv": [ 3, 8, 9, 4.5 ], "texture": "#north" },
        "up":    { "uv": [ 3, 4.5, 9, 8 ], "texture": "#north" },
        "north": { "uv": [ 9, 5.5, 3, 9 ], "texture": "#north" },
        "south": { "uv": [ 3, 5.5, 9, 9 ], "texture": "#north" },
        "west":  { "uv": [ 4.5, 5.5, 8, 9 ], "texture": "#north" },
        "east":  { "uv": [ 8, 5.5, 4.5, 9 ], "texture": "#north" }
    }
},
{
    "from": [ -0.5, 4.5, 1 ],
    "to": [ 3, 7.5, 5.5 ],
    "rotation": { "origin": [ -0.5, 4.5, 1 ], "axis": "y", "angle": -22.5 },
    "faces": {
        "down":  { "uv": [ 1.5, 7.4375, 5, 5 ], "texture": "#north" },
        "up":    { "uv": [ 1.5, 5, 5, 7.4375 ], "texture": "#north" },
        "north": { "uv": [ 5, 4.5, 1.5, 7.5 ], "texture": "#north" },
        "south": { "uv": [ 1.5, 4.5, 5, 7.5 ], "texture": "#north" },
        "west":  { "uv": [ 5, 4.5, 7.4375, 7.5 ], "texture": "#north" },
        "east":  { "uv": [ 7.4375, 4.5, 5, 7.5 ], "texture": "#north" }
    }
},
{
    "from": [ -2.5625, 6.1875, 0.625 ],
    "to": [ 2.4375, 15.6875, 5.625 ],
    "faces": {
        "down":  { "uv": [ 6, 8, 9.5, 4.5 ], "texture": "#north" },
        "up":    { "uv": [ 6, 6.5, 9.5, 10 ], "texture": "#up" },
        "north": { "uv": [ 9.5, 4, 6, 11 ], "texture": "#north" },
        "south": { "uv": [ 6, 9, 9.5, 16 ], "texture": "#north" },
        "west":  { "uv": [ 6, 3.5, 9.5, 10.5 ], "texture": "#north" },
        "east":  { "uv": [ 9.5, 5, 6, 12 ], "texture": "#north" }
    }
},
{
    "from": [ 2.8125, 0, 2.8125 ],
    "to": [ 13.3125, 16, 13.3125 ],
    "faces": {
        "north": { "uv": [ 13.3125, 0, 2.8125, 16 ], "texture": "#south" },
        "south": { "uv": [ 2.8125, 0, 13.3125, 16 ], "texture": "#south" },
        "west":  { "uv": [ 2.8125, 0, 13.3125, 16 ], "texture": "#south" },
        "east":  { "uv": [ 13.3125, 0, 2.8125, 16 ], "texture": "#south" }
    }
},
{
    "from": [ 2.875, 16.1875, 2.8125 ],
    "to": [ 13.375, 16.25, 13.3125 ],
    "__comment": "PlaneY",
    "faces": {
        "up":    { "uv": [ 2.875, 2.8125, 13.375, 13.3125 ], "texture": "#south" }
    }
}
]
}