{
  "multipart": [
    {
      "apply": {
        "model": "minecraft:block/purple_stained_glass_pane_post"
      }
    },
    {
      "when": {
        "north": "true"
      },
      "apply": {
        "model": "minecraft:block/purple_stained_glass_pane_side"
      }
    },
    {
      "when": {
        "east": "true"
      },
      "apply": {
        "model": "minecraft:block/purple_stained_glass_pane_side",
        "y": 90
      }
    },
    {
      "when": {
        "south": "true"
      },
      "apply": {
        "model": "minecraft:block/purple_stained_glass_pane_side_alt"
      }
    },
    {
      "when": {
        "west": "true"
      },
      "apply": {
        "model": "minecraft:block/purple_stained_glass_pane_side_alt",
        "y": 90
      }
    },
    {
      "when": {
        "north": "true"
      },
      "apply": {
        "model": "minecraft:block/purple_stained_glass_pane_noside_alt"
      }
    },
    {
      "when": {
        "east": "true"
      },
      "apply": {
        "model": "minecraft:block/purple_stained_glass_pane_noside"
      }
    },
    {
      "when": {
        "south": "true"
      },
      "apply": {
        "model": "minecraft:block/purple_stained_glass_pane_noside_alt",
        "y": 180
      }
    },
    {
      "when": {
        "west": "true"
      },
      "apply": {
        "model": "minecraft:block/purple_stained_glass_pane_noside",
        "y": 180
      }
    },
    {
      "when": {
        "north": "false",
        "east": "false",
        "south": "true",
        "west": "false"
      },
      "apply": {
        "model": "minecraft:block/purple_stained_glass_pane_noside_alt"
      }
    },
    {
      "when": {
        "north": "false",
        "east": "false",
        "south": "false",
        "west": "true"
      },
      "apply": {
        "model": "minecraft:block/purple_stained_glass_pane_noside"
      }
    },
    {
      "when": {
        "north": "true",
        "east": "false",
        "south": "false",
        "west": "false"
      },
      "apply": {
        "model": "minecraft:block/purple_stained_glass_pane_noside_alt",
        "y": 180
      }
    },
    {
      "when": {
        "north": "false",
        "east": "true",
        "south": "false",
        "west": "false"
      },
      "apply": {
        "model": "minecraft:block/purple_stained_glass_pane_noside",
        "y": 180
      }
    },
    {
      "when": {
        "north": "false",
        "east": "false",
        "south": "false",
        "west": "false"
      },
      "apply": {
        "model": "minecraft:block/purple_stained_glass_pane_noside"
      }
    },
    {
      "when": {
        "north": "false",
        "east": "false",
        "south": "false",
        "west": "false"
      },
      "apply": {
        "model": "minecraft:block/purple_stained_glass_pane_noside",
        "y": 180
      }
    },
    {
      "when": {
        "north": "false",
        "east": "false",
        "south": "false",
        "west": "false"
      },
      "apply": {
        "model": "minecraft:block/purple_stained_glass_pane_noside_alt"
      }
    },
    {
      "when": {
        "north": "false",
        "east": "false",
        "south": "false",
        "west": "false"
      },
      "apply": {
        "model": "minecraft:block/purple_stained_glass_pane_noside_alt",
        "y": 180
      }
    }
  ]
}
