{
    "variants": {
        "facing=south,in_wall=false,open=false": { "model": "sap:block/cottonwood_fence_gate", "uvlock": true },
        "facing=west,in_wall=false,open=false":  { "model": "sap:block/cottonwood_fence_gate", "uvlock": false, "y": 90 },
        "facing=north,in_wall=false,open=false": { "model": "sap:block/cottonwood_fence_gate", "uvlock": false, "y": 180 },
        "facing=east,in_wall=false,open=false":  { "model": "sap:block/cottonwood_fence_gate", "uvlock": false, "y": 270 },
        "facing=south,in_wall=false,open=true": { "model": "sap:block/cottonwood_fence_gate_open", "uvlock": true },
        "facing=west,in_wall=false,open=true":  { "model": "sap:block/cottonwood_fence_gate_open", "uvlock": false, "y": 90 },
        "facing=north,in_wall=false,open=true": { "model": "sap:block/cottonwood_fence_gate_open", "uvlock": false, "y": 180 },
        "facing=east,in_wall=false,open=true":  { "model": "sap:block/cottonwood_fence_gate_open", "uvlock": false, "y": 270 },
        "facing=south,in_wall=true,open=false": { "model": "sap:block/cottonwood_fence_gate_wall", "uvlock": true },
        "facing=west,in_wall=true,open=false":  { "model": "sap:block/cottonwood_fence_gate_wall", "uvlock": false, "y": 90 },
        "facing=north,in_wall=true,open=false": { "model": "sap:block/cottonwood_fence_gate_wall", "uvlock": false, "y": 180 },
        "facing=east,in_wall=true,open=false":  { "model": "sap:block/cottonwood_fence_gate_wall", "uvlock": false, "y": 270 },
        "facing=south,in_wall=true,open=true": { "model": "sap:block/cottonwood_fence_gate_wall_open", "uvlock": true },
        "facing=west,in_wall=true,open=true":  { "model": "sap:block/cottonwood_fence_gate_wall_open", "uvlock": false, "y": 90 },
        "facing=north,in_wall=true,open=true": { "model": "sap:block/cottonwood_fence_gate_wall_open", "uvlock": false, "y": 180 },
        "facing=east,in_wall=true,open=true":  { "model": "sap:block/cottonwood_fence_gate_wall_open", "uvlock": false, "y": 270 }
    }
}
