{
    "__comment": "Fair warning, this format is highly likely to change even more in the future!",
    "variants": {
        "normal": [
            { "model": "cactus", "weight": 100 },
            { "model": "cactus_1", "weight": 4 },
            { "model": "cactus_1", "weight": 4, "y": 90 },
            { "model": "cactus_1", "weight": 4, "y": 180 },
            { "model": "cactus_1", "weight": 4, "y": 270 },
            { "model": "cactus_2", "weight": 4 },
            { "model": "cactus_2", "weight": 4, "y": 90 },
            { "model": "cactus_2", "weight": 4, "y": 180 },
            { "model": "cactus_2", "weight": 4, "y": 270 }
        ]
    }
}
