{
"__comment": "Designed by - with BDcraft Cubik PRO 0.81 Beta - http://bdcraft.net",
"textures": {
    "particle": "blocks/vine_stem",
    "vine": "blocks/vine_stem_",
    "leaves": "blocks/vine_leaves"
},
"elements": [ 
{
    "__comment": "BackLeaf",
    "from": [ 8.5, 7, 0 ],
    "to": [ 12, 11.5, 0 ],
    "rotation": { "origin": [ 8.5, 11.5, 0 ], "axis": "x", "angle": 22.5 },
    "faces": {
        "north": { "uv": [ 10.5, 6, 7, 10.5 ], "texture": "#leaves", "tintindex": 0 },
        "south": { "uv": [ 7, 6, 10.5, 10.5 ], "texture": "#leaves", "tintindex": 0 }
    }
},
{
    "__comment": "BackLeaf",
    "from": [ 4, 11.5, 0 ],
    "to": [ 8, 15.5, 0 ],
    "rotation": { "origin": [ 4, 15.5, 0 ], "axis": "x", "angle": 22.5 },
    "faces": {
        "north": { "uv": [ 16, 5.5, 12, 9.5 ], "texture": "#leaves", "tintindex": 0 },
        "south": { "uv": [ 12, 5.5, 16, 9.5 ], "texture": "#leaves", "tintindex": 0 }
    }
},
{
    "__comment": "BackLeaf",
    "from": [ 1.5, 2.5, 0 ],
    "to": [ 5.5, 7.5, 0 ],
    "rotation": { "origin": [ 1.5, 7.5, 0 ], "axis": "x", "angle": 22.5 },
    "faces": {
        "north": { "uv": [ 10.5, 0, 6.5, 5 ], "texture": "#leaves", "tintindex": 0 },
        "south": { "uv": [ 6.5, 0, 10.5, 5 ], "texture": "#leaves", "tintindex": 0 }
    }
},
{
    "__comment": "BackLeaf",
    "from": [ 7, 1.5, 0 ],
    "to": [ 10.5, 5, 0 ],
    "rotation": { "origin": [ 7, 5, 0 ], "axis": "x", "angle": 22.5 },
    "faces": {
        "north": { "uv": [ 16, 0, 12.5, 3.5 ], "texture": "#leaves", "tintindex": 0 },
        "south": { "uv": [ 12.5, 0, 16, 3.5 ], "texture": "#leaves", "tintindex": 0 }
    }
},
{
    "__comment": "Leaf*",
    "from": [ -0.5, 8, -0.5 ],
    "to": [ 5.5, 13.5, -0.4375 ],
    "shade": false,
    "rotation": { "origin": [ -0.5, 13.5, -0.5 ], "axis": "x", "angle": -22.5 },
    "faces": {
        "north": { "uv": [ 6, 6, 0, 11.5 ], "texture": "#leaves", "tintindex": 0 },
        "south": { "uv": [ 0, 6, 6, 11.5 ], "texture": "#leaves", "tintindex": 0 }
    }
},
{
    "__comment": "Leaf*",
    "from": [ 8.5, 8, 0 ],
    "to": [ 12, 12.5, 0 ],
    "shade": false,
    "rotation": { "origin": [ 8.5, 12.5, 0 ], "axis": "x", "angle": -22.5 },
    "faces": {
        "north": { "uv": [ 10.5, 6, 7, 10.5 ], "texture": "#leaves", "tintindex": 0 },
        "south": { "uv": [ 7, 6, 10.5, 10.5 ], "texture": "#leaves", "tintindex": 0 }
    }
},
{
    "__comment": "Leaf*",
    "from": [ 10, -1.5, 0 ],
    "to": [ 14, 2.5, 0 ],
    "shade": false,
    "rotation": { "origin": [ 10, 2.5, 0 ], "axis": "x", "angle": -22.5 },
    "faces": {
        "north": { "uv": [ 16, 5.5, 12, 9.5 ], "texture": "#leaves", "tintindex": 0 },
        "south": { "uv": [ 12, 5.5, 16, 9.5 ], "texture": "#leaves", "tintindex": 0 }
    }
},
{
    "__comment": "Leaf*",
    "from": [ 7, 6.5, 0 ],
    "to": [ 11, 11.5, 0 ],
    "shade": false,
    "rotation": { "origin": [ 7, 11.5, 0 ], "axis": "x", "angle": -22.5 },
    "faces": {
        "north": { "uv": [ 10.5, 0, 6.5, 5 ], "texture": "#leaves", "tintindex": 0 },
        "south": { "uv": [ 6.5, 0, 10.5, 5 ], "texture": "#leaves", "tintindex": 0 }
    }
},
{
    "__comment": "Leaf*",
    "from": [ 11, 11, 0 ],
    "to": [ 14.5, 14.5, 0 ],
    "shade": false,
    "rotation": { "origin": [ 11, 14.5, 0 ], "axis": "x", "angle": -45 },
    "faces": {
        "north": { "uv": [ 16, 0, 12.5, 3.5 ], "texture": "#leaves", "tintindex": 0 },
        "south": { "uv": [ 12.5, 0, 16, 3.5 ], "texture": "#leaves", "tintindex": 0 }
    }
},
{
    "__comment": "Leaf",
    "from": [ 4.5, 1, 0 ],
    "to": [ 9, 6, 0 ],
    "shade": false,
    "rotation": { "origin": [ 4.5, 6, 0 ], "axis": "x", "angle": -22.5 },
    "faces": {
        "north": { "uv": [ 4.5, 0, 0, 5 ], "texture": "#leaves", "tintindex": 0 },
        "south": { "uv": [ 0, 0, 4.5, 5 ], "texture": "#leaves", "tintindex": 0 }
    }
},
{
    "__comment": "Vine",
    "from": [ 0, 0, 0.01 ],
    "to": [ 16, 16, 0.0725 ],
    "shade": false,
    "faces": {
        "north": { "uv": [ 16, 0, 0, 16 ], "texture": "#vine", "tintindex": 0 },
        "south": { "uv": [ 0, 0, 16, 16 ], "texture": "#vine", "tintindex": 0 }
    }
}
]
}