{
	"textures": {
		"particle": "#log"
	},
	"elements": [
		{
			"from": [6, 10, 6],
			"to": [10, 16, 10],
			"faces": {
				"north": {"uv": [6, 0, 10, 6], "texture": "#log"},
				"east": {"uv": [6, 0, 10, 6], "texture": "#log"},
				"south": {"uv": [6, 0, 10, 6], "texture": "#log"},
				"west": {"uv": [6, 0, 10, 6], "texture": "#log"},
				"up": {"uv": [10, 10, 14, 14], "texture": "#log_top"}
			}
		}
	],
	"display": {
		"thirdperson_righthand": {
			"rotation": [75, 45, 0],
			"translation": [0, 2.5, 0],
			"scale": [0.375, 0.375, 0.375]
		},
		"firstperson_righthand": {
			"rotation": [0, 45, 0],
			"scale": [0.4, 0.4, 0.4]
		},
		"firstperson_lefthand": {
			"rotation": [0, 225, 0],
			"scale": [0.4, 0.4, 0.4]
		},
		"ground": {
			"translation": [0, 3, 0],
			"scale": [0.25, 0.25, 0.25]
		},
		"gui": {
			"rotation": [30, 225, 0],
			"scale": [0.625, 0.625, 0.625]
		},
		"fixed": {
			"scale": [0.5, 0.5, 0.5]
		}
	}
}
