{
	"textures": {
		"particle": "#log"
	},
	"elements": [
		{
			"from": [12, 4, 4],
			"to": [16, 12, 12],
			"faces": {
				"north": {"uv": [0, 4, 4, 12], "texture": "#log"},
				"east": {"uv": [8, 8, 16, 16], "texture": "#log_top"},
				"south": {"uv": [12, 4, 16, 12], "texture": "#log"},
				"up": {"uv": [12, 4, 16, 12], "texture": "#log"},
				"down": {"uv": [12, 4, 16, 12], "texture": "#log"}
			}
		}
	],
	"display": {
		"thirdperson_righthand": {
			"rotation": [75, 45, 0],
			"translation": [0, 2.5, 0],
			"scale": [0.375, 0.375, 0.375]
		},
		"firstperson_righthand": {
			"rotation": [0, 45, 0],
			"scale": [0.4, 0.4, 0.4]
		},
		"firstperson_lefthand": {
			"rotation": [0, 225, 0],
			"scale": [0.4, 0.4, 0.4]
		},
		"ground": {
			"translation": [0, 3, 0],
			"scale": [0.25, 0.25, 0.25]
		},
		"gui": {
			"rotation": [30, 225, 0],
			"scale": [0.625, 0.625, 0.625]
		},
		"fixed": {
			"scale": [0.5, 0.5, 0.5]
		}
	}
}
