{
	"parent": "block/template_trapdoor_top",
	"textures": {
		"side": "block/iron_door_top_side",
		"particle": "block/iron_trapdoor",
		"texture": "block/iron_trapdoor"
	},
	"elements": [
		{
			"from": [0, 0, 0],
			"to": [16, 3, 4],
			"rotation": {"angle": 0, "axis": "x", "origin": [8, 1.5, 1.5]},
			"faces": {
				"north": {"uv": [8, 0, 11, 16], "rotation": 90, "texture": "#side", "cullface": "north"},
				"east": {"uv": [8, 0, 11, 4], "rotation": 90, "texture": "#side", "cullface": "east"},
				"south": {"uv": [12, 0, 15, 16], "rotation": 90, "texture": "#side"},
				"west": {"uv": [8, 12, 11, 16], "rotation": 90, "texture": "#side", "cullface": "west"},
				"up": {"uv": [0, 0, 16, 4], "texture": "#texture"},
				"down": {"uv": [0, 12, 16, 16], "texture": "#texture", "cullface": "down"}
			}
		},
		{
			"from": [0, 0, 12],
			"to": [16, 3, 16],
			"rotation": {"angle": 0, "axis": "x", "origin": [8, 1.5, 1.5]},
			"faces": {
				"north": {"uv": [12, 0, 15, 16], "rotation": 90, "texture": "#side"},
				"east": {"uv": [8, 12, 11, 16], "rotation": 90, "texture": "#side", "cullface": "east"},
				"south": {"uv": [8, 0, 11, 16], "rotation": 90, "texture": "#side", "cullface": "south"},
				"west": {"uv": [8, 0, 11, 4], "rotation": 90, "texture": "#side", "cullface": "west"},
				"up": {"uv": [0, 12, 16, 16], "texture": "#texture"},
				"down": {"uv": [0, 0, 16, 4], "texture": "#texture", "cullface": "down"}
			}
		},
		{
			"from": [0, 0, 4],
			"to": [3, 3, 12],
			"rotation": {"angle": 0, "axis": "x", "origin": [8, 1.5, 1.5]},
			"faces": {
				"east": {"uv": [12, 4, 15, 12], "rotation": 90, "texture": "#side"},
				"west": {"uv": [8, 4, 11, 12], "rotation": 90, "texture": "#side", "cullface": "west"},
				"up": {"uv": [0, 4, 3, 12], "texture": "#texture"},
				"down": {"uv": [0, 4, 3, 12], "texture": "#texture", "cullface": "down"}
			}
		},
		{
			"from": [13, 0, 4],
			"to": [16, 3, 12],
			"rotation": {"angle": 0, "axis": "x", "origin": [8, 1.5, 1.5]},
			"faces": {
				"east": {"uv": [8, 4, 11, 12], "rotation": 90, "texture": "#side", "cullface": "east"},
				"west": {"uv": [12, 4, 15, 12], "rotation": 90, "texture": "#side"},
				"up": {"uv": [13, 4, 16, 12], "texture": "#texture"},
				"down": {"uv": [13, 4, 16, 12], "texture": "#texture", "cullface": "down"}
			}
		},
		{
			"from": [3, 1, 4],
			"to": [13, 3, 5],
			"rotation": {"angle": 0, "axis": "x", "origin": [8, 1.5, 1.5]},
			"faces": {
				"south": {"uv": [3, 11, 13, 13], "texture": "#texture"},
				"up": {"uv": [3, 4, 13, 5], "texture": "#texture"},
				"down": {"uv": [3, 11, 13, 12], "texture": "#texture"}
			}
		},
		{
			"from": [3, 1, 7],
			"to": [13, 3, 9],
			"rotation": {"angle": 0, "axis": "x", "origin": [8, 1.5, 1.5]},
			"faces": {
				"north": {"uv": [3, 7, 13, 9], "texture": "#texture"},
				"south": {"uv": [3, 7, 13, 9], "texture": "#texture"},
				"up": {"uv": [3, 7, 13, 9], "texture": "#texture"},
				"down": {"uv": [3, 7, 13, 9], "texture": "#texture"}
			}
		},
		{
			"from": [3, 1, 11],
			"to": [13, 3, 12],
			"rotation": {"angle": 0, "axis": "x", "origin": [8, 1.5, 1.5]},
			"faces": {
				"north": {"uv": [3, 7, 13, 9], "texture": "#texture"},
				"up": {"uv": [3, 11, 13, 12], "texture": "#texture"},
				"down": {"uv": [3, 4, 13, 5], "texture": "#texture"}
			}
		},
		{
			"from": [3, 1, 5],
			"to": [4, 3, 7],
			"rotation": {"angle": 0, "axis": "x", "origin": [8, 1.5, 1.5]},
			"faces": {
				"east": {"uv": [11, 7, 13, 9], "texture": "#texture"},
				"up": {"uv": [3, 5, 4, 7], "texture": "#texture"},
				"down": {"uv": [3, 9, 4, 11], "texture": "#texture"}
			}
		},
		{
			"from": [12, 1, 5],
			"to": [13, 3, 7],
			"rotation": {"angle": 0, "axis": "x", "origin": [8, 1.5, 1.5]},
			"faces": {
				"west": {"uv": [8, 7, 10, 9], "texture": "#texture"},
				"up": {"uv": [12, 5, 13, 7], "texture": "#texture"},
				"down": {"uv": [12, 9, 13, 11], "texture": "#texture"}
			}
		},
		{
			"from": [12, 1, 9],
			"to": [13, 3, 11],
			"rotation": {"angle": 0, "axis": "x", "origin": [8, 1.5, 1.5]},
			"faces": {
				"west": {"uv": [8, 7, 10, 9], "texture": "#texture"},
				"up": {"uv": [12, 9, 13, 11], "texture": "#texture"},
				"down": {"uv": [12, 5, 13, 7], "texture": "#texture"}
			}
		},
		{
			"from": [3, 1, 9],
			"to": [4, 3, 11],
			"rotation": {"angle": 0, "axis": "x", "origin": [8, 1.5, 1.5]},
			"faces": {
				"east": {"uv": [11, 7, 13, 9], "texture": "#texture"},
				"up": {"uv": [3, 9, 4, 11], "texture": "#texture"},
				"down": {"uv": [3, 5, 4, 7], "texture": "#texture"}
			}
		}
	],
	"display": {
		"thirdperson_righthand": {
			"rotation": [75, 45, 0],
			"translation": [0, 2.5, 0],
			"scale": [0.375, 0.375, 0.375]
		},
		"thirdperson_lefthand": {
			"rotation": [75, -135, 0],
			"translation": [0, 2.5, 0],
			"scale": [0.375, 0.375, 0.375]
		},
		"firstperson_righthand": {
			"rotation": [0, 45, 0],
			"translation": [0, 4, 0],
			"scale": [0.4, 0.4, 0.4]
		},
		"firstperson_lefthand": {
			"rotation": [0, 225, 0],
			"translation": [0, 4, 0],
			"scale": [0.4, 0.4, 0.4]
		},
		"ground": {
			"translation": [0, 3, 0],
			"scale": [0.25, 0.25, 0.25]
		},
		"gui": {
			"rotation": [30, 135, 0],
			"scale": [0.625, 0.625, 0.625]
		},
		"head": {
			"rotation": [0, -90, 0]
		}
	}
}