{
	"ambientocclusion": false,
	"textures": {
		"rail_bottom": "block/rail_bottom",
		"rail": "block/rail",
		"particle": "block/powered_rail",
		"powered_rail": "block/powered_rail"
	},
	"elements": [
		{
			"name": "rail_0",
			"from": [2, 0, 0],
			"to": [4, 2, 16],
			"faces": {
				"north": {"uv": [4, 0, 2, 2], "texture": "#powered_rail"},
				"east": {"uv": [2, 0, 4, 16], "rotation": 90, "texture": "#powered_rail"},
				"south": {"uv": [2, 14, 4, 16], "texture": "#powered_rail"},
				"west": {"uv": [2, 0, 4, 16], "rotation": 270, "texture": "#powered_rail"},
				"up": {"uv": [2, 0, 4, 16], "texture": "#powered_rail"},
				"down": {"uv": [2, 16, 4, 0], "texture": "#rail_bottom"}
			}
		},
		{
			"name": "rail_1",
			"from": [12, 0, 0],
			"to": [14, 2, 16],
			"faces": {
				"north": {"uv": [14, 0, 12, 2], "texture": "#powered_rail"},
				"east": {"uv": [12, 0, 14, 16], "rotation": 90, "texture": "#powered_rail"},
				"south": {"uv": [12, 14, 14, 16], "texture": "#powered_rail"},
				"west": {"uv": [12, 0, 14, 16], "rotation": 270, "texture": "#powered_rail"},
				"up": {"uv": [12, 0, 14, 16], "texture": "#powered_rail"},
				"down": {"uv": [12, 16, 14, 0], "texture": "#rail_bottom"}
			}
		},
		{
			"name": "rail_2",
			"from": [1, 0, 1],
			"to": [2, 1, 4],
			"faces": {
				"north": {"uv": [2, 1, 1, 2], "texture": "#powered_rail"},
				"south": {"uv": [1, 3, 2, 4], "texture": "#powered_rail"},
				"west": {"uv": [1, 1, 2, 4], "rotation": 270, "texture": "#powered_rail"},
				"up": {"uv": [1, 1, 2, 4], "texture": "#powered_rail"},
				"down": {"uv": [1, 4, 2, 1], "texture": "#rail_bottom"}
			}
		},
		{
			"name": "rail_3",
			"from": [4, 0, 1],
			"to": [12, 1, 4],
			"faces": {
				"north": {"uv": [12, 1, 4, 2], "texture": "#powered_rail"},
				"south": {"uv": [4, 3, 12, 4], "texture": "#rail"},
				"up": {"uv": [4, 1, 12, 4], "texture": "#powered_rail"},
				"down": {"uv": [4, 4, 12, 1], "texture": "#rail_bottom"}
			}
		},
		{
			"name": "rail_4",
			"from": [14, 0, 1],
			"to": [15, 1, 4],
			"faces": {
				"north": {"uv": [15, 1, 14, 2], "texture": "#powered_rail"},
				"east": {"uv": [14, 1, 15, 4], "rotation": 90, "texture": "#powered_rail"},
				"south": {"uv": [14, 3, 15, 4], "texture": "#powered_rail"},
				"up": {"uv": [14, 1, 15, 4], "texture": "#powered_rail"},
				"down": {"uv": [14, 4, 15, 1], "texture": "#rail_bottom"}
			}
		},
		{
			"name": "rail_5",
			"from": [1, 0, 5],
			"to": [2, 1, 8],
			"faces": {
				"north": {"uv": [2, 5, 1, 6], "texture": "#powered_rail"},
				"south": {"uv": [1, 7, 2, 8], "texture": "#powered_rail"},
				"west": {"uv": [1, 5, 2, 8], "rotation": 270, "texture": "#powered_rail"},
				"up": {"uv": [1, 5, 2, 8], "texture": "#powered_rail"},
				"down": {"uv": [1, 8, 2, 5], "texture": "#rail_bottom"}
			}
		},
		{
			"name": "rail_6",
			"from": [4, 0, 5],
			"to": [12, 1, 8],
			"faces": {
				"north": {"uv": [12, 5, 4, 6], "texture": "#rail"},
				"south": {"uv": [4, 7, 12, 8], "texture": "#rail"},
				"up": {"uv": [4, 5, 12, 8], "texture": "#powered_rail"},
				"down": {"uv": [4, 8, 12, 5], "texture": "#rail_bottom"}
			}
		},
		{
			"name": "rail_7",
			"from": [14, 0, 5],
			"to": [15, 1, 8],
			"faces": {
				"north": {"uv": [15, 5, 14, 6], "texture": "#powered_rail"},
				"east": {"uv": [14, 5, 15, 8], "rotation": 90, "texture": "#powered_rail"},
				"south": {"uv": [14, 7, 15, 8], "texture": "#powered_rail"},
				"up": {"uv": [14, 5, 15, 8], "texture": "#powered_rail"},
				"down": {"uv": [14, 8, 15, 5], "texture": "#rail_bottom"}
			}
		},
		{
			"name": "rail_8",
			"from": [1, 0, 9],
			"to": [2, 1, 12],
			"faces": {
				"north": {"uv": [2, 9, 1, 10], "texture": "#powered_rail"},
				"south": {"uv": [1, 11, 2, 12], "texture": "#powered_rail"},
				"west": {"uv": [1, 9, 2, 12], "rotation": 270, "texture": "#powered_rail"},
				"up": {"uv": [1, 9, 2, 12], "texture": "#powered_rail"},
				"down": {"uv": [1, 12, 2, 9], "texture": "#rail_bottom"}
			}
		},
		{
			"name": "rail_9",
			"from": [4, 0, 9],
			"to": [12, 1, 12],
			"faces": {
				"north": {"uv": [12, 9, 4, 10], "texture": "#rail"},
				"south": {"uv": [4, 11, 12, 12], "texture": "#rail"},
				"up": {"uv": [4, 9, 12, 12], "texture": "#powered_rail"},
				"down": {"uv": [4, 12, 12, 9], "texture": "#rail_bottom"}
			}
		},
		{
			"name": "rail_10",
			"from": [14, 0, 9],
			"to": [15, 1, 12],
			"faces": {
				"north": {"uv": [15, 9, 14, 10], "texture": "#powered_rail"},
				"east": {"uv": [14, 9, 15, 12], "rotation": 90, "texture": "#powered_rail"},
				"south": {"uv": [14, 11, 15, 12], "texture": "#powered_rail"},
				"up": {"uv": [14, 9, 15, 12], "texture": "#powered_rail"},
				"down": {"uv": [14, 12, 15, 9], "texture": "#rail_bottom"}
			}
		},
		{
			"name": "rail_11",
			"from": [1, 0, 13],
			"to": [2, 1, 16],
			"faces": {
				"north": {"uv": [2, 13, 1, 14], "texture": "#powered_rail"},
				"south": {"uv": [1, 15, 2, 16], "texture": "#powered_rail"},
				"west": {"uv": [1, 13, 2, 16], "rotation": 270, "texture": "#powered_rail"},
				"up": {"uv": [1, 13, 2, 16], "texture": "#powered_rail"},
				"down": {"uv": [1, 16, 2, 13], "texture": "#rail_bottom"}
			}
		},
		{
			"name": "rail_12",
			"from": [4, 0, 13],
			"to": [12, 1, 16],
			"faces": {
				"north": {"uv": [12, 13, 4, 14], "texture": "#rail"},
				"south": {"uv": [4, 15, 12, 16], "texture": "#powered_rail"},
				"up": {"uv": [4, 13, 12, 16], "texture": "#powered_rail"},
				"down": {"uv": [4, 16, 12, 13], "texture": "#rail_bottom"}
			}
		},
		{
			"name": "rail_13",
			"from": [14, 0, 13],
			"to": [15, 1, 16],
			"faces": {
				"north": {"uv": [15, 13, 14, 14], "texture": "#powered_rail"},
				"east": {"uv": [14, 13, 15, 16], "rotation": 90, "texture": "#powered_rail"},
				"south": {"uv": [14, 15, 15, 16], "texture": "#powered_rail"},
				"up": {"uv": [14, 13, 15, 16], "texture": "#powered_rail"},
				"down": {"uv": [14, 16, 15, 13], "texture": "#rail_bottom"}
			}
		},
		{
			"from": [6, 1, 14],
			"to": [10, 2, 15],
			"faces": {
				"north": {"uv": [6, 14, 10, 15], "texture": "#powered_rail"},
				"east": {"uv": [9, 14, 10, 15], "rotation": 90, "texture": "#powered_rail"},
				"south": {"uv": [6, 14, 10, 15], "texture": "#powered_rail"},
				"west": {"uv": [6, 14, 7, 15], "rotation": 90, "texture": "#powered_rail"},
				"up": {"uv": [6, 14, 10, 15], "texture": "#powered_rail"}
			}
		},
		{
			"from": [6, 1, 12],
			"to": [10, 2, 13],
			"faces": {
				"north": {"uv": [6, 12, 10, 13], "texture": "#powered_rail"},
				"east": {"uv": [9, 12, 10, 13], "rotation": 90, "texture": "#powered_rail"},
				"south": {"uv": [6, 12, 10, 13], "texture": "#powered_rail"},
				"west": {"uv": [6, 12, 7, 13], "rotation": 90, "texture": "#powered_rail"},
				"up": {"uv": [6, 12, 10, 13], "texture": "#powered_rail"},
				"down": {"uv": [6, 12, 10, 13], "texture": "#powered_rail"}
			}
		},
		{
			"from": [6, 1, 10],
			"to": [10, 2, 11],
			"faces": {
				"north": {"uv": [6, 10, 10, 11], "texture": "#powered_rail"},
				"east": {"uv": [9, 10, 10, 11], "rotation": 90, "texture": "#powered_rail"},
				"south": {"uv": [6, 10, 10, 11], "texture": "#powered_rail"},
				"west": {"uv": [6, 10, 7, 11], "rotation": 90, "texture": "#powered_rail"},
				"up": {"uv": [6, 10, 10, 11], "texture": "#powered_rail"}
			}
		},
		{
			"from": [6, 1, 8],
			"to": [10, 2, 9],
			"faces": {
				"north": {"uv": [6, 8, 10, 9], "texture": "#powered_rail"},
				"east": {"uv": [9, 8, 10, 9], "rotation": 90, "texture": "#powered_rail"},
				"south": {"uv": [6, 8, 10, 9], "texture": "#powered_rail"},
				"west": {"uv": [6, 8, 7, 9], "rotation": 90, "texture": "#powered_rail"},
				"up": {"uv": [6, 8, 10, 9], "texture": "#powered_rail"},
				"down": {"uv": [6, 8, 10, 9], "texture": "#powered_rail"}
			}
		},
		{
			"from": [6, 1, 6],
			"to": [10, 2, 7],
			"faces": {
				"north": {"uv": [6, 6, 10, 7], "texture": "#powered_rail"},
				"east": {"uv": [9, 6, 10, 7], "rotation": 90, "texture": "#powered_rail"},
				"south": {"uv": [6, 6, 10, 7], "texture": "#powered_rail"},
				"west": {"uv": [6, 6, 7, 7], "rotation": 90, "texture": "#powered_rail"},
				"up": {"uv": [6, 6, 10, 7], "texture": "#powered_rail"}
			}
		},
		{
			"from": [6, 1, 4],
			"to": [10, 2, 5],
			"faces": {
				"north": {"uv": [6, 4, 10, 5], "texture": "#powered_rail"},
				"east": {"uv": [9, 4, 10, 5], "rotation": 90, "texture": "#powered_rail"},
				"south": {"uv": [6, 4, 10, 5], "texture": "#powered_rail"},
				"west": {"uv": [6, 4, 7, 5], "rotation": 90, "texture": "#powered_rail"},
				"up": {"uv": [6, 4, 10, 5], "texture": "#powered_rail"},
				"down": {"uv": [6, 4, 10, 5], "texture": "#powered_rail"}
			}
		},
		{
			"from": [6, 1, 2],
			"to": [10, 2, 3],
			"faces": {
				"north": {"uv": [6, 2, 10, 3], "texture": "#powered_rail"},
				"east": {"uv": [9, 2, 10, 3], "rotation": 90, "texture": "#powered_rail"},
				"south": {"uv": [6, 2, 10, 3], "texture": "#powered_rail"},
				"west": {"uv": [6, 2, 7, 3], "rotation": 90, "texture": "#powered_rail"},
				"up": {"uv": [6, 2, 10, 3], "texture": "#powered_rail"}
			}
		}
	],
	"groups": [
		{
			"name": "rail",
			"origin": [8, 8, 8],
			"children": [0, 1, 2, 3, 4, 5, 6, 7, 8, 9, 10, 11, 12, 13]
		},
		{
			"name": "power",
			"origin": [8, 8, 8],
			"children": [14, 15, 16, 17, 18, 19, 20]
		}
	]
}
