{
	"parent": "block/block",
	"textures": {
			"particle": "#lantern"
	},
	"elements": [
		{
			"from": [5, 1, 5],
			"to": [11, 8, 11],
			"rotation": {"angle": 0, "axis": "y", "origin": [0, 1, 0]},
			"faces": {
				"north": {"uv": [0, 2, 6, 9], "texture": "#lantern"},
				"east": {"uv": [0, 2, 6, 9], "texture": "#lantern"},
				"south": {"uv": [0, 2, 6, 9], "texture": "#lantern"},
				"west": {"uv": [0, 2, 6, 9], "texture": "#lantern"},
				"up": {"uv": [0, 9, 6, 15], "texture": "#lantern"},
				"down": {"uv": [0, 9, 6, 15], "texture": "#lantern", "cullface": "down"}
			}
		},
		{
			"from": [6, 8, 6],
			"to": [10, 10, 10],
			"rotation": {"angle": 0, "axis": "y", "origin": [0, 1, 0]},
			"faces": {
				"north": {"uv": [1, 0, 5, 2], "texture": "#lantern"},
				"east": {"uv": [1, 0, 5, 2], "texture": "#lantern"},
				"south": {"uv": [1, 0, 5, 2], "texture": "#lantern"},
				"west": {"uv": [1, 0, 5, 2], "texture": "#lantern"},
				"up": {"uv": [1, 10, 5, 14], "texture": "#lantern"}
			}
		},
		{
			"from": [6.5, 12, 7.5],
			"to": [7.5, 14, 8.5],
			"rotation": {"angle": 45, "axis": "y", "origin": [8, 9, 8]},
			"faces": {
				"north": {"uv": [11, 2, 12, 4], "texture": "#lantern"},
				"east": {"uv": [11, 2, 12, 4], "texture": "#lantern"},
				"south": {"uv": [11, 2, 12, 4], "texture": "#lantern"},
				"west": {"uv": [11, 2, 12, 4], "texture": "#lantern"}
			}
		},
		{
			"from": [8.5, 12, 7.5],
			"to": [9.5, 14, 8.5],
			"rotation": {"angle": 45, "axis": "y", "origin": [8, 9, 8]},
			"faces": {
				"north": {"uv": [13, 2, 14, 4], "texture": "#lantern"},
				"east": {"uv": [13, 2, 14, 4], "texture": "#lantern"},
				"south": {"uv": [13, 2, 14, 4], "texture": "#lantern"},
				"west": {"uv": [13, 2, 14, 4], "texture": "#lantern"}
			}
		},
		{
			"from": [6.5, 11, 7.5],
			"to": [9.5, 12, 8.5],
			"rotation": {"angle": 45, "axis": "y", "origin": [8, 9, 8]},
			"faces": {
				"north": {"uv": [14, 4, 11, 5], "texture": "#lantern"},
				"east": {"uv": [13, 4, 14, 5], "texture": "#lantern"},
				"south": {"uv": [11, 4, 14, 5], "texture": "#lantern"},
				"west": {"uv": [11, 4, 12, 5], "texture": "#lantern"},
				"down": {"uv": [11, 4, 14, 5], "texture": "#lantern"}
			}
		},
		{
			"from": [6.5, 14, 7.5],
			"to": [9.5, 15, 8.5],
			"rotation": {"angle": 45, "axis": "y", "origin": [8, 9, 8]},
			"faces": {
				"north": {"uv": [14, 1, 11, 2], "texture": "#lantern"},
				"east": {"uv": [11, 1, 12, 2], "texture": "#lantern"},
				"south": {"uv": [11, 1, 14, 2], "texture": "#lantern"},
				"west": {"uv": [13, 1, 14, 2], "texture": "#lantern"},
				"up": {"uv": [11, 1, 14, 2], "texture": "#lantern"}
			}
		},
		{
			"from": [7.5, 10, 6.5],
			"to": [8.5, 11, 7.5],
			"rotation": {"angle": 45, "axis": "y", "origin": [8, 9, 8]},
			"faces": {
				"north": {"uv": [11, 11, 12, 12], "texture": "#lantern"},
				"east": {"uv": [11, 11, 12, 12], "texture": "#lantern"},
				"south": {"uv": [11, 11, 12, 12], "texture": "#lantern"},
				"west": {"uv": [11, 11, 12, 12], "texture": "#lantern"}
			}
		},
		{
			"from": [7.5, 10, 8.5],
			"to": [8.5, 11, 9.5],
			"rotation": {"angle": 45, "axis": "y", "origin": [8, 9, 8]},
			"faces": {
				"north": {"uv": [13, 11, 14, 12], "texture": "#lantern"},
				"east": {"uv": [13, 11, 14, 12], "texture": "#lantern"},
				"south": {"uv": [13, 11, 14, 12], "texture": "#lantern"},
				"west": {"uv": [13, 11, 14, 12], "texture": "#lantern"}
			}
		},
		{
			"from": [7.5, 11, 6.5],
			"to": [8.5, 12, 9.5],
			"rotation": {"angle": 45, "axis": "y", "origin": [8, 9, 8]},
			"faces": {
				"north": {"uv": [11, 10, 12, 11], "texture": "#lantern"},
				"east": {"uv": [14, 10, 11, 11], "texture": "#lantern"},
				"south": {"uv": [13, 10, 14, 11], "texture": "#lantern"},
				"west": {"uv": [11, 10, 14, 11], "texture": "#lantern"},
				"up": {"uv": [11, 10, 14, 11], "rotation": 90, "texture": "#lantern"}
			}
		},
		{
			"from": [7.5, 15, 6.5],
			"to": [8.5, 16, 7.5],
			"rotation": {"angle": 45, "axis": "y", "origin": [8, 9, 8]},
			"faces": {
				"north": {"uv": [11, 6, 12, 7], "texture": "#lantern"},
				"east": {"uv": [11, 6, 12, 7], "texture": "#lantern"},
				"south": {"uv": [11, 6, 12, 7], "texture": "#lantern"},
				"west": {"uv": [11, 6, 12, 7], "texture": "#lantern"},
				"up": {"uv": [11, 6, 12, 7], "texture": "#lantern"}
			}
		},
		{
			"from": [7.5, 15, 8.5],
			"to": [8.5, 16, 9.5],
			"rotation": {"angle": 45, "axis": "y", "origin": [8, 9, 8]},
			"faces": {
				"north": {"uv": [13, 6, 14, 7], "texture": "#lantern"},
				"east": {"uv": [13, 6, 14, 7], "texture": "#lantern"},
				"south": {"uv": [13, 6, 14, 7], "texture": "#lantern"},
				"west": {"uv": [13, 6, 14, 7], "texture": "#lantern"},
				"up": {"uv": [13, 6, 14, 7], "texture": "#lantern"}
			}
		},
		{
			"from": [7.5, 14, 6.5],
			"to": [8.5, 15, 9.5],
			"rotation": {"angle": 45, "axis": "y", "origin": [8, 9, 8]},
			"faces": {
				"north": {"uv": [11, 7, 12, 8], "texture": "#lantern"},
				"east": {"uv": [14, 7, 11, 8], "texture": "#lantern"},
				"south": {"uv": [13, 7, 14, 8], "texture": "#lantern"},
				"west": {"uv": [11, 7, 14, 8], "texture": "#lantern"},
				"down": {"uv": [14, 7, 11, 8], "rotation": 90, "texture": "#lantern"}
			}
		}
	],
	"groups": [0, 1,
		{
			"name": "group",
			"origin": [8, 8, 8],
			"children": [2, 3, 4, 5]
		},
		{
			"name": "group",
			"origin": [8, 8, 8],
			"children": [6, 7, 8]
		},
		{
			"name": "group",
			"origin": [8, 8, 8],
			"children": [9, 10, 11]
		}
	]
}
