{
	"textures": {
		"0": "block/vine_tinted"
	},
	"elements": [
		{
			"name": "vine_0",
			"from": [4, 14, 7],
			"to": [5, 16, 8],
			"faces": {
				"north": {"uv": [4, 2, 5, 0], "rotation": 180, "texture": "#0"},
				"east": {"uv": [4, 0, 5, 2], "texture": "#0"},
				"south": {"uv": [4, 0, 5, 2], "texture": "#0"},
				"west": {"uv": [4, 0, 5, 2], "texture": "#0"},
				"up": {"uv": [5, 0, 4, 1], "rotation": 180, "texture": "#0"},
				"down": {"uv": [4, 1, 5, 2], "texture": "#0"}
			}
		},
		{
			"name": "vine_1",
			"from": [9, 15, 7],
			"to": [12, 16, 8],
			"faces": {
				"north": {"uv": [9, 1, 12, 0], "rotation": 180, "texture": "#0"},
				"east": {"uv": [11, 0, 12, 1], "texture": "#0"},
				"south": {"uv": [9, 0, 12, 1], "texture": "#0"},
				"west": {"uv": [9, 0, 10, 1], "texture": "#0"},
				"up": {"uv": [12, 0, 9, 1], "rotation": 180, "texture": "#0"},
				"down": {"uv": [9, 0, 12, 1], "texture": "#0"}
			}
		},
		{
			"name": "vine_2",
			"from": [3, 10, 7],
			"to": [4, 15, 8],
			"faces": {
				"north": {"uv": [3, 6, 4, 1], "rotation": 180, "texture": "#0"},
				"east": {"uv": [3, 1, 4, 6], "texture": "#0"},
				"south": {"uv": [3, 1, 4, 6], "texture": "#0"},
				"west": {"uv": [3, 1, 4, 6], "texture": "#0"},
				"up": {"uv": [4, 1, 3, 2], "rotation": 180, "texture": "#0"},
				"down": {"uv": [3, 5, 4, 6], "texture": "#0"}
			}
		},
		{
			"name": "vine_3",
			"from": [8, 13, 7],
			"to": [9, 15, 8],
			"faces": {
				"north": {"uv": [8, 3, 9, 1], "rotation": 180, "texture": "#0"},
				"east": {"uv": [8, 1, 9, 3], "texture": "#0"},
				"south": {"uv": [8, 1, 9, 3], "texture": "#0"},
				"west": {"uv": [8, 1, 9, 3], "texture": "#0"},
				"up": {"uv": [9, 1, 8, 2], "rotation": 180, "texture": "#0"},
				"down": {"uv": [8, 2, 9, 3], "texture": "#0"}
			}
		},
		{
			"name": "vine_4",
			"from": [10, 12, 7],
			"to": [12, 15, 8],
			"faces": {
				"north": {"uv": [10, 4, 12, 1], "rotation": 180, "texture": "#0"},
				"east": {"uv": [11, 1, 12, 4], "texture": "#0"},
				"south": {"uv": [10, 1, 12, 4], "texture": "#0"},
				"west": {"uv": [10, 1, 11, 4], "texture": "#0"},
				"up": {"uv": [12, 1, 10, 2], "rotation": 180, "texture": "#0"},
				"down": {"uv": [10, 3, 12, 4], "texture": "#0"}
			}
		},
		{
			"name": "vine_5",
			"from": [5, 13, 7],
			"to": [6, 14, 8],
			"faces": {
				"north": {"uv": [5, 3, 6, 2], "rotation": 180, "texture": "#0"},
				"east": {"uv": [5, 2, 6, 3], "texture": "#0"},
				"south": {"uv": [5, 2, 6, 3], "texture": "#0"},
				"west": {"uv": [5, 2, 6, 3], "texture": "#0"},
				"up": {"uv": [6, 2, 5, 3], "rotation": 180, "texture": "#0"},
				"down": {"uv": [5, 2, 6, 3], "texture": "#0"}
			}
		},
		{
			"name": "vine_6",
			"from": [13, 13, 7],
			"to": [15, 14, 8],
			"faces": {
				"north": {"uv": [13, 3, 15, 2], "rotation": 180, "texture": "#0"},
				"east": {"uv": [14, 2, 15, 3], "texture": "#0"},
				"south": {"uv": [13, 2, 15, 3], "texture": "#0"},
				"west": {"uv": [13, 2, 14, 3], "texture": "#0"},
				"up": {"uv": [15, 2, 13, 3], "rotation": 180, "texture": "#0"},
				"down": {"uv": [13, 2, 15, 3], "texture": "#0"}
			}
		},
		{
			"name": "vine_7",
			"from": [12, 12, 7],
			"to": [14, 13, 8],
			"faces": {
				"north": {"uv": [12, 4, 14, 3], "rotation": 180, "texture": "#0"},
				"east": {"uv": [13, 3, 14, 4], "texture": "#0"},
				"south": {"uv": [12, 3, 14, 4], "texture": "#0"},
				"west": {"uv": [12, 3, 13, 4], "texture": "#0"},
				"up": {"uv": [14, 3, 12, 4], "rotation": 180, "texture": "#0"},
				"down": {"uv": [12, 3, 14, 4], "texture": "#0"}
			}
		},
		{
			"name": "vine_8",
			"from": [11, 8, 7],
			"to": [13, 12, 8],
			"faces": {
				"north": {"uv": [11, 8, 13, 4], "rotation": 180, "texture": "#0"},
				"east": {"uv": [12, 4, 13, 8], "texture": "#0"},
				"south": {"uv": [11, 4, 13, 8], "texture": "#0"},
				"west": {"uv": [11, 4, 12, 8], "texture": "#0"},
				"up": {"uv": [13, 4, 11, 5], "rotation": 180, "texture": "#0"},
				"down": {"uv": [11, 7, 13, 8], "texture": "#0"}
			}
		},
		{
			"name": "vine_9",
			"from": [4, 8, 7],
			"to": [5, 11, 8],
			"faces": {
				"north": {"uv": [4, 8, 5, 5], "rotation": 180, "texture": "#0"},
				"east": {"uv": [4, 5, 5, 8], "texture": "#0"},
				"south": {"uv": [4, 5, 5, 8], "texture": "#0"},
				"west": {"uv": [4, 5, 5, 8], "texture": "#0"},
				"up": {"uv": [5, 5, 4, 6], "rotation": 180, "texture": "#0"},
				"down": {"uv": [4, 7, 5, 8], "texture": "#0"}
			}
		},
		{
			"name": "vine_10",
			"from": [5, 3, 7],
			"to": [6, 10, 8],
			"faces": {
				"north": {"uv": [5, 13, 6, 6], "rotation": 180, "texture": "#0"},
				"east": {"uv": [5, 6, 6, 13], "texture": "#0"},
				"south": {"uv": [5, 6, 6, 13], "texture": "#0"},
				"west": {"uv": [5, 6, 6, 13], "texture": "#0"},
				"up": {"uv": [6, 6, 5, 7], "rotation": 180, "texture": "#0"},
				"down": {"uv": [5, 12, 6, 13], "texture": "#0"}
			}
		},
		{
			"name": "vine_11",
			"from": [8, 9, 7],
			"to": [9, 10, 8],
			"faces": {
				"north": {"uv": [8, 7, 9, 6], "rotation": 180, "texture": "#0"},
				"east": {"uv": [8, 6, 9, 7], "texture": "#0"},
				"south": {"uv": [8, 6, 9, 7], "texture": "#0"},
				"west": {"uv": [8, 6, 9, 7], "texture": "#0"},
				"up": {"uv": [9, 6, 8, 7], "rotation": 180, "texture": "#0"},
				"down": {"uv": [8, 6, 9, 7], "texture": "#0"}
			}
		},
		{
			"name": "vine_12",
			"from": [9, 7, 7],
			"to": [10, 9, 8],
			"faces": {
				"north": {"uv": [9, 9, 10, 7], "rotation": 180, "texture": "#0"},
				"east": {"uv": [9, 7, 10, 9], "texture": "#0"},
				"south": {"uv": [9, 7, 10, 9], "texture": "#0"},
				"west": {"uv": [9, 7, 10, 9], "texture": "#0"},
				"up": {"uv": [10, 7, 9, 8], "rotation": 180, "texture": "#0"},
				"down": {"uv": [9, 8, 10, 9], "texture": "#0"}
			}
		},
		{
			"name": "vine_13",
			"from": [3, 7, 7],
			"to": [4, 8, 8],
			"faces": {
				"north": {"uv": [3, 9, 4, 8], "rotation": 180, "texture": "#0"},
				"east": {"uv": [3, 8, 4, 9], "texture": "#0"},
				"south": {"uv": [3, 8, 4, 9], "texture": "#0"},
				"west": {"uv": [3, 8, 4, 9], "texture": "#0"},
				"up": {"uv": [4, 8, 3, 9], "rotation": 180, "texture": "#0"},
				"down": {"uv": [3, 8, 4, 9], "texture": "#0"}
			}
		},
		{
			"name": "vine_14",
			"from": [10, 5, 7],
			"to": [12, 8, 8],
			"faces": {
				"north": {"uv": [10, 11, 12, 8], "rotation": 180, "texture": "#0"},
				"east": {"uv": [11, 8, 12, 11], "texture": "#0"},
				"south": {"uv": [10, 8, 12, 11], "texture": "#0"},
				"west": {"uv": [10, 8, 11, 11], "texture": "#0"},
				"up": {"uv": [12, 8, 10, 9], "rotation": 180, "texture": "#0"},
				"down": {"uv": [10, 10, 12, 11], "texture": "#0"}
			}
		},
		{
			"name": "vine_15",
			"from": [9, 1, 7],
			"to": [10, 6, 8],
			"faces": {
				"north": {"uv": [9, 15, 10, 10], "rotation": 180, "texture": "#0"},
				"east": {"uv": [9, 10, 10, 15], "texture": "#0"},
				"south": {"uv": [9, 10, 10, 15], "texture": "#0"},
				"west": {"uv": [9, 10, 10, 15], "texture": "#0"},
				"up": {"uv": [10, 10, 9, 11], "rotation": 180, "texture": "#0"},
				"down": {"uv": [9, 14, 10, 15], "texture": "#0"}
			}
		},
		{
			"name": "vine_16",
			"from": [10, 0, 7],
			"to": [11, 5, 8],
			"faces": {
				"north": {"uv": [10, 16, 11, 11], "rotation": 180, "texture": "#0"},
				"east": {"uv": [10, 11, 11, 16], "texture": "#0"},
				"south": {"uv": [10, 11, 11, 16], "texture": "#0"},
				"west": {"uv": [10, 11, 11, 16], "texture": "#0"},
				"up": {"uv": [11, 11, 10, 12], "rotation": 180, "texture": "#0"},
				"down": {"uv": [10, 15, 11, 16], "texture": "#0"}
			}
		},
		{
			"name": "vine_17",
			"from": [4, 0, 7],
			"to": [5, 4, 8],
			"faces": {
				"north": {"uv": [4, 16, 5, 12], "rotation": 180, "texture": "#0"},
				"east": {"uv": [4, 12, 5, 16], "texture": "#0"},
				"south": {"uv": [4, 12, 5, 16], "texture": "#0"},
				"west": {"uv": [4, 12, 5, 16], "texture": "#0"},
				"up": {"uv": [5, 12, 4, 13], "rotation": 180, "texture": "#0"},
				"down": {"uv": [4, 15, 5, 16], "texture": "#0"}
			}
		},
		{
			"name": "vine_18",
			"from": [11, 2, 7],
			"to": [12, 4, 8],
			"faces": {
				"north": {"uv": [11, 14, 12, 12], "rotation": 180, "texture": "#0"},
				"east": {"uv": [11, 12, 12, 14], "texture": "#0"},
				"south": {"uv": [11, 12, 12, 14], "texture": "#0"},
				"west": {"uv": [11, 12, 12, 14], "texture": "#0"},
				"up": {"uv": [12, 12, 11, 13], "rotation": 180, "texture": "#0"},
				"down": {"uv": [11, 13, 12, 14], "texture": "#0"}
			}
		},
		{
			"name": "vine_19",
			"from": [12, 2, 7],
			"to": [13, 3, 8],
			"faces": {
				"north": {"uv": [12, 14, 13, 13], "rotation": 180, "texture": "#0"},
				"east": {"uv": [12, 13, 13, 14], "texture": "#0"},
				"south": {"uv": [12, 13, 13, 14], "texture": "#0"},
				"west": {"uv": [12, 13, 13, 14], "texture": "#0"},
				"up": {"uv": [13, 13, 12, 14], "rotation": 180, "texture": "#0"},
				"down": {"uv": [12, 13, 13, 14], "texture": "#0"}
			}
		},
		{
			"name": "vine_20",
			"from": [2, 1, 7],
			"to": [3, 2, 8],
			"faces": {
				"north": {"uv": [2, 15, 3, 14], "rotation": 180, "texture": "#0"},
				"east": {"uv": [2, 14, 3, 15], "texture": "#0"},
				"south": {"uv": [2, 14, 3, 15], "texture": "#0"},
				"west": {"uv": [2, 14, 3, 15], "texture": "#0"},
				"up": {"uv": [3, 14, 2, 15], "rotation": 180, "texture": "#0"},
				"down": {"uv": [2, 14, 3, 15], "texture": "#0"}
			}
		},
		{
			"name": "vine_21",
			"from": [3, 0, 7],
			"to": [4, 1, 8],
			"faces": {
				"north": {"uv": [3, 16, 4, 15], "rotation": 180, "texture": "#0"},
				"east": {"uv": [3, 15, 4, 16], "texture": "#0"},
				"south": {"uv": [3, 15, 4, 16], "texture": "#0"},
				"west": {"uv": [3, 15, 4, 16], "texture": "#0"},
				"up": {"uv": [4, 15, 3, 16], "rotation": 180, "texture": "#0"},
				"down": {"uv": [3, 15, 4, 16], "texture": "#0"}
			}
		},
		{
			"name": "vine_22",
			"from": [11, 0, 7],
			"to": [12, 1, 8],
			"faces": {
				"north": {"uv": [11, 16, 12, 15], "rotation": 180, "texture": "#0"},
				"east": {"uv": [11, 15, 12, 16], "texture": "#0"},
				"south": {"uv": [11, 15, 12, 16], "texture": "#0"},
				"west": {"uv": [11, 15, 12, 16], "texture": "#0"},
				"up": {"uv": [12, 15, 11, 16], "rotation": 180, "texture": "#0"},
				"down": {"uv": [11, 15, 12, 16], "texture": "#0"}
			}
		}
	],
	"gui_light": "front",
	"display": {
		"thirdperson_righthand": {
			"translation": [0, 3, 1],
			"scale": [0.55, 0.55, 0.55]
		},
		"firstperson_righthand": {
			"rotation": [0, -90, 25],
			"translation": [1.13, 3.2, 1.13],
			"scale": [0.68, 0.68, 0.68]
		},
		"ground": {
			"translation": [0, 2, 0],
			"scale": [0.5, 0.5, 0.5]
		},
		"head": {
			"rotation": [0, 180, 0],
			"translation": [0, 13, 7]
		},
		"fixed": {
			"rotation": [0, 180, 0]
		}
	},
	"groups": [
		{
			"name": "vine",
			"origin": [8, 8, 8],
			"children": [0, 1, 2, 3, 4, 5, 6, 7, 8, 9, 10, 11, 12, 13, 14, 15, 16, 17, 18, 19, 20, 21, 22]
		}
	]
}
